{"type":"FeatureCollection","features":[{"type":"Feature","geometry":{"type":"MultiPolygon","coordinates":[[[[-1.65500818957618,55.6173834578515],[-1.65512839617079,55.6166536307127],[-1.65834778644732,55.6169154724895],[-1.65567461406693,55.6173322554144],[-1.65500818957618,55.6173834578515]]],[[[-1.80007745541986,55.6886930984083],[-1.7973861714577,55.6872235102155],[-1.79423393115556,55.6882028718719],[-1.79184531448493,55.6880024023019],[-1.78937072533162,55.685036526475],[-1.77921132996832,55.6856261076144],[-1.77914624146462,55.6821705996835],[-1.78106113095204,55.6768123640466],[-1.77895629985426,55.6720795370731],[-1.77887451590651,55.6677306667552],[-1.79323177239199,55.6706021654123],[-1.79492523330286,55.6681089337852],[-1.80243892207114,55.6682838306086],[-1.80607507016145,55.6781813742688],[-1.8155911616325,55.6824100049221],[-1.83101448696504,55.6834303963401],[-1.84239488379665,55.6787148474242],[-1.85207016154948,55.6814871250839],[-1.85495547464104,55.6856300111647],[-1.85182544060926,55.6881609807181],[-1.82659250451186,55.6846723281675],[-1.81334263543194,55.685062667967],[-1.80241642654636,55.6888892380087],[-1.80007745541986,55.6886930984083]]],[[[-1.9999867028264,55.7859281411384],[-1.99201935598906,55.7673298433156],[-1.98837078885294,55.7661224571933],[-1.98839159216096,55.7658084297609],[-1.98777954094987,55.7657658840459],[-1.98773405563693,55.7655106068034],[-1.99159962805213,55.7663495697826],[-2.00157808425854,55.7656642364977],[-2.00420610049215,55.7654836021353],[-2.00970854735837,55.7695640290903],[-2.01030370840474,55.7700053146472],[-2.01072461940087,55.7703173936222],[-2.013110177276,55.7720860061358],[-2.01327575237076,55.7722087524589],[-2.01656895791342,55.7746499089845],[-2.02932441017098,55.7714791257326],[-2.02997815023129,55.7713165674807],[-2.03211553219876,55.7707850535097],[-2.03886781450395,55.7691055833332],[-2.04049112438117,55.7606394052265],[-2.0415579327934,55.7601290350637],[-2.04195767432781,55.759937789633],[-2.04603502788312,55.7579869069064],[-2.03813865390427,55.7601226391673],[-2.03165299642724,55.7697554835807],[-2.02518764431678,55.7712880368276],[-2.02514181462582,55.7709134651621],[-2.02940813023036,55.768838661817],[-2.02658214463278,55.7691880781973],[-2.02537447140924,55.7693373781497],[-2.01342114865745,55.7712584695731],[-2.00374198440676,55.7617683508749],[-2.00157800709227,55.7616918234648],[-1.99256972269135,55.761372846479],[-1.98351394399328,55.7512397603792],[-1.98327133773075,55.7509682118765],[-1.96322144862546,55.7382797515278],[-1.96077232432745,55.7332662484133],[-1.94021817347284,55.7227441145971],[-1.93948077146445,55.7222219266765],[-1.93854652725963,55.7218879594144],[-1.9192154318836,55.7119829166355],[-1.91200895048265,55.7049588479117],[-1.88409332954301,55.6944591247616],[-1.88021111607875,55.6853013605328],[-1.88562738130181,55.6839524841617],[-1.87324686228725,55.6827839682908],[-1.87407636341213,55.6755616609958],[-1.86618443370883,55.6659258276952],[-1.87002498158312,55.6659138128344],[-1.84904406564207,55.6534366985877],[-1.84709163218285,55.6522750216667],[-1.84104956115715,55.6456588410912],[-1.84671116664888,55.6467037659031],[-1.84046530938947,55.6431666143809],[-1.83901677850136,55.6423461452197],[-1.813186225269,55.6337046372378],[-1.80217017470921,55.6361142904121],[-1.79010629952514,55.646786495806],[-1.79181932470192,55.6533529222212],[-1.79528260101794,55.6577937794985],[-1.79171607356388,55.6581202342676],[-1.78719912513306,55.6555086602762],[-1.78712578313762,55.653344808517],[-1.78396271545148,55.6441037009199],[-1.7647767256772,55.6259096424636],[-1.77182776717116,55.617349414267],[-1.78633189999702,55.6160043786547],[-1.77836998984013,55.6146165034444],[-1.76908790141066,55.6029681725618],[-1.7423378637719,55.6185622143558],[-1.72701452409368,55.6171782673322],[-1.72389238623014,55.6164704925962],[-1.72065092331229,55.6152966950937],[-1.71649804650053,55.6122917490768],[-1.69201921769641,55.6061584391172],[-1.68417719068592,55.6003780942153],[-1.66483165772922,55.586109484518],[-1.64905366391383,55.5838208546194],[-1.65286686232257,55.5828998497952],[-1.64229467797764,55.5792266496453],[-1.64224097049786,55.5766906959705],[-1.65216369148104,55.5712558795623],[-1.645663885044,55.574176498824],[-1.63327238003529,55.5596654540347],[-1.626519839178,55.5576756012459],[-1.62813946716428,55.5543721652583],[-1.61894770179467,55.552183586092],[-1.63238167130301,55.5502615938743],[-1.63811327634802,55.5409070055275],[-1.63666737960531,55.5393181147268],[-1.6262079400566,55.5278194806391],[-1.61848967442918,55.5263859273137],[-1.61893042478422,55.5233167099278],[-1.61903344253339,55.5225599225384],[-1.61059329382314,55.5217182721004],[-1.61870251278091,55.5145035421459],[-1.61361694757434,55.5093911031414],[-1.6138848320408,55.5048133474338],[-1.61448640996179,55.5045819615165],[-1.61398307284946,55.503134290535],[-1.61427439421224,55.4981543199888],[-1.59548925868755,55.4912718333147],[-1.59344955325208,55.4918040428916],[-1.59115047822871,55.4922592113638],[-1.59335516861687,55.473150946718],[-1.59336136983387,55.4730971701606],[-1.59061120350945,55.466660083731],[-1.59058539058193,55.4597665219738],[-1.59304491423065,55.4570285764817],[-1.59056075727439,55.4531880508013],[-1.59052192151699,55.4428155162701],[-1.59334536153846,55.4402349554799],[-1.58731606064409,55.4342574010146],[-1.57790383250021,55.4315993998325],[-1.57556881495578,55.4304637225334],[-1.58182860303318,55.4181251436745],[-1.57884615580075,55.4088976102969],[-1.59129239771472,55.4033516574741],[-1.59259864215853,55.4027694415477],[-1.5966817597506,55.3947185165011],[-1.61142133180323,55.385168006816],[-1.62127361287514,55.3883061192661],[-1.61736398159784,55.3892563061594],[-1.6178287390497,55.3904995614078],[-1.62359074771146,55.3918140453216],[-1.62347066395297,55.3894918066691],[-1.61464468376904,55.3799288432885],[-1.6137888227813,55.3843632167916],[-1.60848651940798,55.3839464948286],[-1.60605951485748,55.3738739888344],[-1.60590092740421,55.3736142569883],[-1.60581645001725,55.3734759008926],[-1.59891536850539,55.3621699069307],[-1.59821937946804,55.3603318457789],[-1.59685526128323,55.3587935427319],[-1.58856455815899,55.345225562128],[-1.58184041139057,55.3394793793395],[-1.57470148177067,55.3395955098322],[-1.5738652646,55.3391288124876],[-1.58200522710671,55.3375992390723],[-1.58289817676221,55.3380068162326],[-1.5881233235311,55.3403914775179],[-1.59444882276335,55.3432753155952],[-1.59411433682544,55.3426200937827],[-1.59243817480818,55.3396220533628],[-1.58534274507226,55.3362656907287],[-1.58496661380949,55.3360877420423],[-1.58395716008295,55.3356101493522],[-1.57368950448152,55.3362532069162],[-1.57182782641162,55.33799163899],[-1.57049565849562,55.3372480507253],[-1.57021497815202,55.3353820297803],[-1.54939419416243,55.3217234433974],[-1.54977934428435,55.3113634828128],[-1.55786123115581,55.3072623099715],[-1.56876503686939,55.2933564331664],[-1.56995760796806,55.291834854682],[-1.57091013191127,55.2754511942945],[-1.55436756973493,55.247300683574],[-1.52545077234589,55.2272074751745],[-1.52886468665355,55.2212783815039],[-1.52592166644184,55.2172949671527],[-1.52692112469,55.2160749059634],[-1.52627001463951,55.2153038460285],[-1.52632272141087,55.2150465112995],[-1.52490064663111,55.2136922302382],[-1.51912153401704,55.2068891769808],[-1.51236526665455,55.2009849390179],[-1.51052182180648,55.1991262700381],[-1.50915854815293,55.1986932796787],[-1.5040253486987,55.1937995162638],[-1.50511039175201,55.1925969083597],[-1.49919222615189,55.1856363265395],[-1.50460499849372,55.1846536772372],[-1.51171479561292,55.1836538492281],[-1.51183170781326,55.1829696770169],[-1.51437271371399,55.1787112785005],[-1.51437639026504,55.1786716699893],[-1.51313578925692,55.1779837345269],[-1.514289184707,55.1738849643989],[-1.52000502262644,55.1705546711438],[-1.52069822933981,55.1671377627768],[-1.52507761098866,55.1626320452904],[-1.53799522675709,55.1623433990657],[-1.53822173562109,55.1623383254675],[-1.539715377093,55.161708793864],[-1.54007499767794,55.1615572178626],[-1.52493482293934,55.1605144052681],[-1.51941147033663,55.1497956467702],[-1.51932136795006,55.1491544875454],[-1.51879034083231,55.1485898954516],[-1.51616610230403,55.1434948202319],[-1.51029019249345,55.138828679086],[-1.50549786596653,55.1342338294245],[-1.50353920735436,55.1334659367484],[-1.4986686100033,55.1295957445895],[-1.4912912844457,55.1214984246587],[-1.49097954606709,55.1207567811843],[-1.49864059710304,55.1284508200883],[-1.50413175061294,55.1305535116879],[-1.52194010728981,55.1435750642801],[-1.52003452468043,55.1388131527584],[-1.52252812776008,55.1417182337632],[-1.5332368336357,55.1390575962425],[-1.55814388154088,55.1469230909024],[-1.53398133516483,55.137628068521],[-1.55392473753194,55.134288046169],[-1.56112028263862,55.1346294143263],[-1.56513821073327,55.1338171487973],[-1.55620255179945,55.1334385747883],[-1.55570706889608,55.1334175638586],[-1.55245825943956,55.1332797449771],[-1.54954636238217,55.1341675115977],[-1.54838978135126,55.1345200949306],[-1.54249821983897,55.1339940858799],[-1.54383834091777,55.132283648697],[-1.53523023020457,55.1349761847788],[-1.53513299542491,55.1350065929358],[-1.53474922231205,55.1351266109253],[-1.52764470512425,55.1371750895558],[-1.51582727070345,55.1340384591258],[-1.51446685519691,55.133677266583],[-1.50506531730511,55.1295894334509],[-1.50460876254343,55.1293908810763],[-1.50030938028039,55.1279364950952],[-1.49729088854969,55.1251609055452],[-1.49774133397215,55.1177594715835],[-1.49543992772456,55.1220917350681],[-1.49084389348173,55.1177761571982],[-1.4914918106634,55.1171804460551],[-1.49467927791243,55.1183746995224],[-1.49802104241316,55.1133698469788],[-1.49848793789989,55.1126419771677],[-1.49457030005263,55.1023998592376],[-1.49418274080866,55.1020702947542],[-1.47813701787841,55.0884197439647],[-1.47689752513594,55.0871681254342],[-1.47662942810484,55.0871365966692],[-1.47373682480152,55.084674350288],[-1.4731541860191,55.0848505464302],[-1.469316880595,55.081651540777],[-1.46932231269376,55.0814930681832],[-1.46895623137163,55.0813508498432],[-1.46849543213333,55.0809666505805],[-1.46837575820361,55.0802918059314],[-1.467378413361,55.0800352740256],[-1.46477745147573,55.0778663667526],[-1.46201931294635,55.0746127475925],[-1.46177203661591,55.0743210207544],[-1.4593214317122,55.0733157254946],[-1.45685263715201,55.071256186031],[-1.45616808504788,55.0713700181584],[-1.45618534920917,55.0708710135182],[-1.45586391232777,55.0710776105111],[-1.45591672367542,55.0708337075756],[-1.45414277913942,55.0711909846921],[-1.45138733347301,55.0700602654346],[-1.45509757044996,55.0641398442197],[-1.45043742059614,55.0536537545018],[-1.45039944168,55.0536096753483],[-1.45033894339022,55.0535394591872],[-1.44583446703077,55.0483106589798],[-1.43627916359089,55.0412954322368],[-1.43065036362879,55.0371614387499],[-1.43058201383034,55.0365634125189],[-1.43049295200059,55.0357841394617],[-1.43068183688857,55.0356220388205],[-1.43046194256975,55.0355128056518],[-1.43032263774593,55.0342938293786],[-1.43058336173893,55.034072123367],[-1.43028868100339,55.0339966861623],[-1.42988923278935,55.0305009097733],[-1.42971474880145,55.030300820854],[-1.42967466516539,55.0302548541912],[-1.41971687433161,55.0188320105883],[-1.41577057796182,55.0178220096084],[-1.4146077385816,55.0168658692327],[-1.41426078735057,55.0165903380637],[-1.40352484824056,55.0146695663148],[-1.40518162006587,55.0148989108534],[-1.41611532889245,55.016617224348],[-1.41614903392702,55.0165093449332],[-1.41726451801609,55.0166771008332],[-1.41687052737513,55.0150248650397],[-1.41690452560967,55.014391905422],[-1.42984008205754,55.0132285000312],[-1.43088379144816,55.0115561624843],[-1.43231722227114,55.0092591270667],[-1.43285568730118,55.0091627092537],[-1.43246420261775,55.0090235781525],[-1.43252791855014,55.0089214684932],[-1.44105356407592,55.0068568571547],[-1.45079930939627,54.9965575804003],[-1.45103317019466,54.9963103626552],[-1.44871573894722,54.9930693402416],[-1.45650552441973,54.9885661980219],[-1.47181447709831,54.9891619591079],[-1.47027380449726,54.9910406001215],[-1.48197690420807,54.9882242938601],[-1.48391691700499,54.9882540940016],[-1.50178137504528,54.9885270257745],[-1.50298523827274,54.989196579409],[-1.50263074736771,54.9884877321449],[-1.5027405158318,54.9884831196708],[-1.51951300024009,54.9877772219913],[-1.53061208500245,54.9840923898839],[-1.53084429541888,54.9840152789423],[-1.53503200713547,54.9775189590487],[-1.53516669304324,54.9771772344114],[-1.54075192424966,54.9630026905033],[-1.55030688264821,54.9608463194801],[-1.5540308474959,54.9600056271606],[-1.56556205862622,54.964585627087],[-1.56560614978963,54.9645899878984],[-1.58065986428684,54.966077750985],[-1.59283220205431,54.976294234306],[-1.58843441681729,54.9705838231451],[-1.58872567036113,54.9705736951898],[-1.60017746630459,54.9701700308366],[-1.62048646558552,54.9624333238915],[-1.63945377452031,54.9603502212251],[-1.66740854193323,54.9647736020349],[-1.66771330940851,54.9648217868345],[-1.68395918651185,54.9659294724001],[-1.68670744650278,54.9669530862889],[-1.68914841308124,54.9678621491179],[-1.6976507587457,54.9710278829852],[-1.69769230138873,54.9710433476776],[-1.71200226132739,54.9743124840292],[-1.70257597413209,54.9712640659388],[-1.70819441396773,54.9688400269531],[-1.71076357267826,54.9676731427253],[-1.72023658178279,54.9682021812299],[-1.72611012196467,54.9753497512755],[-1.73812321479483,54.9793970987916],[-1.73818196545251,54.9794168878677],[-1.73911140897243,54.9797299450135],[-1.7524561857683,54.9834425814865],[-1.76980563514251,54.9813896940115],[-1.7700620058351,54.9814290841549],[-1.78497172937048,54.9845241656136],[-1.78175765213265,54.9834895143595],[-1.77877708667278,54.9825300986222],[-1.7784034026504,54.9824098160678],[-1.7725412591292,54.9805226844167],[-1.7467428594702,54.9810539965387],[-1.72849338880392,54.9749858029782],[-1.72687471888799,54.9696595974318],[-1.71950269075712,54.9670238772548],[-1.71884191921553,54.9667875935022],[-1.70976346619787,54.9661979048626],[-1.70287403554774,54.9695983666574],[-1.70147085221844,54.9702908273175],[-1.68915908403572,54.9664680498339],[-1.67988692722473,54.9635877629406],[-1.67964945449033,54.9635259950026],[-1.67852139792136,54.9632325740103],[-1.63739296173077,54.9578334302633],[-1.63772489009242,54.9570400557364],[-1.61585366969731,54.9621157456244],[-1.61520305200431,54.9622666540366],[-1.59444960504345,54.9697973560452],[-1.59408947941313,54.9699279766384],[-1.57893544759099,54.9637753608968],[-1.57883642178738,54.9637762811192],[-1.56825529266484,54.9638741808127],[-1.5585207825066,54.9596396494253],[-1.55788833484309,54.9594731872796],[-1.55243325650544,54.9580372027791],[-1.53822688956179,54.9606558246733],[-1.53436934989812,54.9648831138497],[-1.53417275688498,54.9650985227474],[-1.52838827497977,54.9821124079534],[-1.5064120021155,54.9861034010983],[-1.50608868680942,54.9861001192844],[-1.4813652509343,54.9858466067361],[-1.4807685905025,54.9858714052542],[-1.47230464877068,54.9862228644086],[-1.47101247550781,54.9837749495081],[-1.47181975719903,54.9861389904665],[-1.46431405589544,54.9840402759122],[-1.45158817179994,54.9851580886088],[-1.44909469503205,54.9853769414342],[-1.44367703564044,54.9930124965601],[-1.44356911999851,54.9931645586979],[-1.43980418693047,55.0039174221092],[-1.42906385461312,55.0073209582531],[-1.42810535102466,55.0074743155291],[-1.42010352695086,55.0046295342271],[-1.41865785674011,55.0032629631643],[-1.41415671034667,55.005275014779],[-1.4111011791994,54.9992913745302],[-1.41089417559432,54.9988835074179],[-1.39342119653654,54.9881777600109],[-1.39156502842555,54.98781471254],[-1.38087334859199,54.9811081073938],[-1.380906567485,54.9803996439375],[-1.38091236246012,54.9802760591567],[-1.37658896009803,54.9783596977055],[-1.37626312958787,54.9782152585626],[-1.35742903230474,54.9663909967755],[-1.35663012910714,54.9651987897589],[-1.35521806026211,54.9620470704032],[-1.36074968511266,54.9481220863722],[-1.36386831459343,54.9442115954838],[-1.36397413526462,54.9440788916811],[-1.36460119802312,54.9384206630814],[-1.36575674789027,54.9355090243746],[-1.36501118193161,54.9347203179367],[-1.36519878157338,54.9330268917362],[-1.36539370415793,54.9310940292779],[-1.3632954924509,54.9229564042905],[-1.36233825831078,54.9228122140858],[-1.36225746426972,54.9225932072067],[-1.36341118979104,54.9227431167075],[-1.36153960523149,54.9206472134236],[-1.36142756917325,54.9203434869854],[-1.36250542575868,54.9202279931437],[-1.3616489458204,54.9183612431921],[-1.36589103414449,54.9173443131706],[-1.36749868177496,54.919781727256],[-1.3709930539526,54.9116983845817],[-1.37763793126555,54.9104680446757],[-1.38283280071156,54.9095012645406],[-1.37765197413497,54.909557557546],[-1.37207200115382,54.9096226439873],[-1.36118519610345,54.9172973230003],[-1.3611255103774,54.9172202949338],[-1.35973224839502,54.9141830362952],[-1.35911379388106,54.9146238750819],[-1.35840832563363,54.9137132752153],[-1.35745468190691,54.9146319185184],[-1.35731455669418,54.9144795807063],[-1.35410708544566,54.9177757206331],[-1.35344185387766,54.9183998042039],[-1.35717794207168,54.9145690883755],[-1.35728980952066,54.9144526766696],[-1.35871017867952,54.913045181303],[-1.35867354870447,54.9130126587025],[-1.35871893371751,54.9129654264312],[-1.35347812888024,54.9083990957768],[-1.35077203040989,54.9059955582266],[-1.35485026363921,54.907610592038],[-1.35147621166938,54.9053110320656],[-1.36164017162446,54.8982975142585],[-1.35906408252464,54.8893726085946],[-1.35902920095735,54.8892734907606],[-1.35801261792531,54.8857588859846],[-1.3580022657345,54.885723094398],[-1.34742697394115,54.8605994859707],[-1.34594533956396,54.8584803595462],[-1.34372383708182,54.8532472420773],[-1.34096778125194,54.8513593963142],[-1.33593835822925,54.8441614806115],[-1.3354851666986,54.8437743329705],[-1.33542191775082,54.8437203007691],[-1.32982368388791,54.8389371546379],[-1.32140203144164,54.8376640796859],[-1.32089098427849,54.8375634512692],[-1.32934628775083,54.8379612993441],[-1.3246087849872,54.834859870548],[-1.32155330945532,54.8367678505135],[-1.3258845585346,54.8322940304312],[-1.3226714203242,54.8275689716646],[-1.31973455889124,54.8223723515788],[-1.32033596984019,54.8215081596876],[-1.31361975349777,54.8134061859641],[-1.31262837676667,54.8117796931329],[-1.30875251209712,54.7850871501306],[-1.3081470275332,54.7841983430885],[-1.30831049374574,54.78320881903],[-1.3088508421947,54.780967883289],[-1.30055479834448,54.7712932870303],[-1.29609477412682,54.7659606495523],[-1.29549999565816,54.7642350645823],[-1.29371351353267,54.7629987899642],[-1.29240055153377,54.7610691291466],[-1.29235785057135,54.7610063687375],[-1.2913393020048,54.7601343653018],[-1.29131243072651,54.7600915458607],[-1.29101432178711,54.7598885304594],[-1.28168647269031,54.752830828789],[-1.24193513701543,54.7227237050728],[-1.24251971578362,54.7224307998909],[-1.24592128460714,54.723440529011],[-1.24368865966194,54.7225881173474],[-1.24350935718475,54.7225196572344],[-1.24283952060187,54.722263899539],[-1.23164642110467,54.7177213124246],[-1.23159383566478,54.7176999665502],[-1.21002901072878,54.708942129391],[-1.17569729724445,54.6967465923609],[-1.17433678023129,54.6931621757524],[-1.17402616261033,54.6919931953999],[-1.17455342485774,54.6923560565196],[-1.17701764299862,54.6946474887134],[-1.18487697438917,54.693295037611],[-1.19277511911233,54.7004914620951],[-1.19632938053034,54.6985649676233],[-1.18750965082326,54.6939094540718],[-1.1959399031887,54.6923614134226],[-1.19408689998301,54.6902198313062],[-1.1945192059421,54.6897157630419],[-1.19788237012063,54.6918053802518],[-1.19867872582023,54.6862575177117],[-1.19680601621656,54.6870491061406],[-1.1975989738156,54.6861243423388],[-1.19885420435152,54.6853833302796],[-1.19849602143784,54.6796417058043],[-1.19849239250194,54.6795835308633],[-1.19731505826709,54.6781671644207],[-1.17610694079305,54.6536286000834],[-1.16476091636409,54.6476052896811],[-1.15834295944638,54.6483198952147],[-1.15799371101608,54.6483084473193],[-1.16879885892195,54.6442890516476],[-1.1617987909207,54.6354230386309],[-1.1663887690271,54.6372637393687],[-1.16592472164367,54.6338941086471],[-1.16042471112156,54.6351924466466],[-1.16559110623118,54.6318760847232],[-1.18876265284135,54.6326511071375],[-1.20061002291638,54.6230688024297],[-1.20524163140224,54.622734364649],[-1.21244815672405,54.6222803207761],[-1.21263514524583,54.6217277298602],[-1.21276582137568,54.6214986248325],[-1.17347969079375,54.6215366575699],[-1.16781991844001,54.6293103946064],[-1.16484632932882,54.6282277224556],[-1.17204808009584,54.6217868980239],[-1.16724017559485,54.6197714823029],[-1.16204482781001,54.6226186139452],[-1.16058479247303,54.6103262810526],[-1.16574787623154,54.6101219834457],[-1.16743285551662,54.6047855601129],[-1.20445531433197,54.5826329243718],[-1.22901417375477,54.5854801099406],[-1.23126476207899,54.5860704817088],[-1.24538882798209,54.5938254723828],[-1.24501002900417,54.591629415048],[-1.25251885086485,54.592397597412],[-1.25858143284081,54.5888661585576],[-1.25942752203854,54.5809160724883],[-1.26020702726351,54.5729668009575],[-1.25715974098474,54.5871382295807],[-1.25170846105873,54.5906769526905],[-1.21570933882705,54.5810670938973],[-1.21978316515439,54.5788817037426],[-1.20481475828751,54.5799886229107],[-1.20697417243001,54.5767436223113],[-1.2037727320396,54.5769325398849],[-1.20247338032616,54.5804100019364],[-1.19707258434367,54.5817905640607],[-1.16380013008804,54.6021112512296],[-1.15139431318611,54.5961637413548],[-1.16349063398613,54.6021046080409],[-1.16025318686916,54.6045401230082],[-1.14677026000937,54.5990951510596],[-1.15759190778504,54.6054499343898],[-1.14912904305,54.6143317456434],[-1.15462417114531,54.6275034986944],[-1.153299071145,54.6302054459442],[-1.14611921329267,54.6277264736613],[-1.14113399818843,54.6286099016135],[-1.13545967479434,54.6296162065436],[-1.14190907266081,54.6381694637351],[-1.13747964196537,54.6475707188137],[-1.13874620757824,54.6406929670871],[-1.11881251872714,54.6288614425371],[-1.0846206441754,54.6203975841128],[-1.07317157676239,54.6213368179692],[-1.07231952088698,54.6211309796747],[-1.05959649237511,54.6180564196669],[-1.05850636862159,54.617493441133],[-1.03639976664779,54.6060714212661],[-1.03581487056976,54.60584279143],[-1.0176925958509,54.5987563283312],[-1.01639413304144,54.5982483853578],[-0.98470916090586,54.5893897251823],[-0.984431769768939,54.589312116685],[-0.960287944667573,54.5850306867369],[-0.943276105226506,54.587920071108],[-0.938340629592815,54.5887578027908],[-0.919982195473937,54.5846698199213],[-0.904024163613736,54.5745856812652],[-0.900626424642676,54.5752607507066],[-0.898781461322227,54.5743222969816],[-0.898180943856563,54.5719568624355],[-0.897572307074079,54.5719041082098],[-0.875705131311908,54.5700066127501],[-0.871975861885777,54.5696825960271],[-0.869524793011458,54.5699491795447],[-0.853009737827309,54.5717439974542],[-0.846242723572737,54.569729221541],[-0.808810703025369,54.5585740038467],[-0.791376650004722,54.5604742221111],[-0.789892462980715,54.5601826209133],[-0.794251723600609,54.5583524626791],[-0.793343116997354,54.5583086162044],[-0.791891321622779,54.5582385423252],[-0.80041918962436,54.5510109262824],[-0.827081463556422,54.5485187060854],[-0.848647297024731,54.5300038297076],[-0.848530740694743,54.4879729376572],[-0.880825023321814,54.4970468612461],[-0.952589374508347,54.4880153432179],[-1.00340105305077,54.5030121002798],[-1.0368514550928,54.4940440605226],[-1.09473696863192,54.5066956099133],[-1.11848820769395,54.4981930697182],[-1.23060453308383,54.5118815664864],[-1.25667466779605,54.5011079136759],[-1.25740307371,54.4873218300283],[-1.28109315435744,54.4905672487205],[-1.30043052365099,54.4758220056787],[-1.34390824026251,54.4641506390909],[-1.34491503450455,54.4724080092533],[-1.36441713758622,54.4659524096737],[-1.37256157635986,54.4723074618139],[-1.38101055095849,54.4940289315591],[-1.39505004776972,54.4856799730286],[-1.40689898034555,54.4936285267439],[-1.41788675584371,54.4770861945626],[-1.46159285681954,54.5042966095373],[-1.4755981278124,54.4983394708556],[-1.45847354349528,54.4928394157223],[-1.46173081168957,54.4511495524101],[-1.475464579469,54.4739075698749],[-1.49878945098745,54.4753428296909],[-1.49177548206257,54.4862004926085],[-1.51134080604103,54.4750122616584],[-1.51413191899894,54.4837750921411],[-1.52883695102378,54.4848137386155],[-1.51969374190879,54.4711152253795],[-1.54582496831421,54.4712759743885],[-1.55519520906131,54.484978191684],[-1.58298032825201,54.4971007337083],[-1.57921485380735,54.5051876853776],[-1.5918807025688,54.5043008614548],[-1.58106853741621,54.512845659506],[-1.60249810301447,54.5104886371089],[-1.61148472706396,54.5200007878436],[-1.63344443619249,54.5141122922505],[-1.63377378148266,54.5253643798481],[-1.65467519937522,54.5246500970582],[-1.65793716561516,54.5345889230914],[-1.72031664601336,54.5423479518656],[-1.73309136190533,54.5277364132303],[-1.77969652861129,54.5318729948094],[-1.77613231485782,54.5067285050585],[-1.79297648414091,54.4844924296004],[-1.83943329269054,54.5084372364891],[-1.85780051144888,54.5035397952873],[-1.85912998438283,54.4818579033168],[-1.94254323627035,54.4533953549934],[-1.97005959181258,54.4515215419127],[-1.99676437249469,54.4669034492372],[-2.04472952149334,54.4751862741994],[-2.04319843418637,54.4835994484301],[-2.11659617374357,54.4622634788675],[-2.17021302340634,54.4581987855746],[-2.15899719522345,54.4720296362657],[-2.17239803091537,54.5324441161867],[-2.19753056810017,54.5327039659281],[-2.20948818801938,54.5517133732167],[-2.30451453732035,54.5961978460776],[-2.32493776754246,54.6316502370591],[-2.28797868797798,54.6504801041079],[-2.29287495116333,54.6638852920078],[-2.32728766378882,54.6707277195715],[-2.35176911416252,54.6859308509191],[-2.35574349125271,54.6976521794555],[-2.32574674351607,54.7266292305767],[-2.32247866430232,54.7639707191283],[-2.3084868101346,54.7735427980108],[-2.32708972597175,54.8051643682896],[-2.34842858236683,54.8070792761441],[-2.38973478575522,54.8319961371251],[-2.41165834715293,54.8564544841115],[-2.42275637725897,54.8428302557336],[-2.46060153125164,54.8341721857399],[-2.4953568980919,54.8103421048662],[-2.5234414544492,54.8060451310163],[-2.5583066678318,54.8167246166541],[-2.57795180487073,54.8364543402861],[-2.57335234214531,54.8535461971699],[-2.60543022085515,54.8843823124884],[-2.57641404338101,54.8967171106932],[-2.56622128211943,54.9192380637087],[-2.54527258594749,54.9291719631133],[-2.56764946010163,54.9408560220603],[-2.56849154078611,54.9583618179879],[-2.59556897269462,54.9634809328243],[-2.60142928961523,54.9713401703018],[-2.5733107670136,54.9876377877579],[-2.57285163622922,55.0163983334404],[-2.48304985288842,55.0400190767258],[-2.503984940725,55.0624298945368],[-2.48608636846352,55.0824435692357],[-2.50257438882916,55.0907586762788],[-2.56213639511458,55.0834621700379],[-2.5684260078781,55.0962614140758],[-2.59353940991365,55.1050960593852],[-2.59890282488408,55.1245757167589],[-2.65693941785208,55.1361318311632],[-2.67732441001798,55.1554875886212],[-2.67455532373979,55.1758914671104],[-2.68978972314827,55.1889838768114],[-2.666814789349,55.2215803908599],[-2.63141420722149,55.2236980857955],[-2.63022898081735,55.2447914968204],[-2.61145085823107,55.247134430211],[-2.64677118121333,55.2600438638246],[-2.62665606673464,55.262220938519],[-2.60923810323899,55.283248026502],[-2.57336309653362,55.2968843981579],[-2.55900833851599,55.3178528230182],[-2.52026965851612,55.3230470920814],[-2.47539346393945,55.3547399208929],[-2.41499664354287,55.3589219038862],[-2.39924454089922,55.3481854415864],[-2.37891180668306,55.3491694380124],[-2.33752995734802,55.3671909676834],[-2.34623321175053,55.3730610542629],[-2.33002052064065,55.381241567215],[-2.34494682160794,55.399313431888],[-2.33562914471265,55.4082080643391],[-2.31325356259942,55.4067893351075],[-2.26061128927204,55.4329339989058],[-2.2312819124724,55.4284292928826],[-2.19485820047688,55.4445902852248],[-2.18807797549864,55.4621152753329],[-2.1655212321177,55.4683818989758],[-2.20133583318611,55.4752675207087],[-2.2026492750732,55.489541288571],[-2.22884551551699,55.509518780902],[-2.2403065059112,55.5556271692665],[-2.28881057092811,55.5803072667808],[-2.2892322950467,55.6037736967936],[-2.3160941125707,55.6204584689942],[-2.30862602967662,55.628875977236],[-2.3243105601635,55.6261659078181],[-2.33600510128162,55.6324814828842],[-2.30578970416838,55.6470437745825],[-2.23436858586757,55.6410421018837],[-2.24834586160377,55.6521497554078],[-2.21845272804607,55.6642602683354],[-2.21865916071879,55.6759071381416],[-2.16723105928948,55.7060351656943],[-2.17668873824399,55.718689497621],[-2.15057590272351,55.7231544083591],[-2.14429584165104,55.7392700694797],[-2.11763747623683,55.7387750010784],[-2.10764153175897,55.7598881506854],[-2.0856391490368,55.7620403330448],[-2.0861230942702,55.793045271488],[-2.03456758533587,55.811183932416],[-2.03443442194526,55.8110920713484],[-2.03117086683748,55.8042300576904],[-2.01259406724471,55.7933303995799],[-2.01294006547302,55.7916115633793],[-2.01084890949263,55.7911604502752],[-2.00420322412863,55.7884042768758],[-2.00157806906484,55.7868627189344],[-1.9999867028264,55.7859281411384]]]]},"properties":{"ITL125CD":"TLC","ITL125NM":"North East"}},{"type":"Feature","geometry":{"type":"MultiPolygon","coordinates":[[[[-2.89332821603423,53.9895769410526],[-2.89829076201192,53.9877864299557],[-2.9000602488267,53.9905585366937],[-2.89332821603423,53.9895769410526]]],[[[-3.17414037665675,54.0665054605597],[-3.1733563944656,54.061901331396],[-3.17690551926068,54.0635141028618],[-3.17414037665675,54.0665054605597]]],[[[-3.24596088345262,54.107206650579],[-3.24293050944541,54.098999343305],[-3.25270142316294,54.0992665031804],[-3.2476453151847,54.0981362076049],[-3.25151690171921,54.0963469466508],[-3.24728376335016,54.0948593858556],[-3.24769794132354,54.0972925748069],[-3.24321692236536,54.0975322056893],[-3.24698591887507,54.0939519471894],[-3.23889927555919,54.0863417644312],[-3.22999636649892,54.0884815205719],[-3.23321522872291,54.0840758795022],[-3.22432155087919,54.0814849462334],[-3.22092612694298,54.080495515656],[-3.2242480031498,54.0789873199468],[-3.22646035396442,54.0779827613053],[-3.22395540426051,54.0690734509804],[-3.22337695769539,54.067015522691],[-3.21016264821205,54.0650928710265],[-3.2057385405614,54.0522691203594],[-3.19606428269382,54.0487472365166],[-3.17853351091224,54.0552939096333],[-3.17413830782018,54.0483056143387],[-3.17286653368479,54.0552585860675],[-3.17311782971819,54.0470912389339],[-3.19561465348076,54.0442603785904],[-3.20969137922897,54.047523237672],[-3.22374041727216,54.0617718177594],[-3.26404413059651,54.1025831656609],[-3.26448103375255,54.1039409177507],[-3.27668181146214,54.1418213506164],[-3.27130710682538,54.1481609733532],[-3.25723244985251,54.1526671143645],[-3.25200650574525,54.1507459678212],[-3.26451078299676,54.147765190672],[-3.26476412843411,54.1385568017638],[-3.26068063260003,54.1385205360321],[-3.2609439034727,54.1378207891798],[-3.25613212516307,54.1352118942959],[-3.25952829745112,54.1351566111334],[-3.25505594393094,54.1320206264882],[-3.25876205040121,54.1318462429408],[-3.25462324727425,54.1317815667155],[-3.25078956284993,54.1257472223605],[-3.24596088345262,54.107206650579]]],[[[-3.11757390265339,54.9748505475602],[-3.11873053475892,54.9744244541297],[-3.1181485957924,54.9748666431658],[-3.11757390265339,54.9748505475602]]],[[[-2.5684260078781,55.0962614140758],[-2.56213639511458,55.0834621700379],[-2.50257438882916,55.0907586762788],[-2.48608636846352,55.0824435692357],[-2.503984940725,55.0624298945368],[-2.48304985288842,55.0400190767258],[-2.57285163622922,55.0163983334404],[-2.5733107670136,54.9876377877579],[-2.60142928961523,54.9713401703018],[-2.59556897269462,54.9634809328243],[-2.56849154078611,54.9583618179879],[-2.56764946010163,54.9408560220603],[-2.54527258594749,54.9291719631133],[-2.56622128211943,54.9192380637087],[-2.57641404338101,54.8967171106932],[-2.60543022085515,54.8843823124884],[-2.57335234214531,54.8535461971699],[-2.57795180487073,54.8364543402861],[-2.5583066678318,54.8167246166541],[-2.5234414544492,54.8060451310163],[-2.4953568980919,54.8103421048662],[-2.46060153125164,54.8341721857399],[-2.42275637725897,54.8428302557336],[-2.41165834715293,54.8564544841115],[-2.38973478575522,54.8319961371251],[-2.34842858236683,54.8070792761441],[-2.32708972597175,54.8051643682896],[-2.3084868101346,54.7735427980108],[-2.32247866430232,54.7639707191283],[-2.32574674351607,54.7266292305767],[-2.35574349125271,54.6976521794555],[-2.35176911416252,54.6859308509191],[-2.32728766378882,54.6707277195715],[-2.29287495116333,54.6638852920078],[-2.28797868797798,54.6504801041079],[-2.32493776754246,54.6316502370591],[-2.30451453732035,54.5961978460776],[-2.20948818801938,54.5517133732167],[-2.19753056810017,54.5327039659281],[-2.17239803091537,54.5324441161867],[-2.15899719522345,54.4720296362657],[-2.17021302340634,54.4581987855746],[-2.17750847989225,54.4616256756333],[-2.18931554536681,54.4489784740485],[-2.24953922329874,54.4519434362394],[-2.29286520125281,54.4393074918431],[-2.30814588994671,54.4197937724531],[-2.30544502560032,54.3970864180789],[-2.29170338915819,54.3906297025826],[-2.2974404079712,54.3768987653342],[-2.31704255658246,54.3763105185636],[-2.34464790841351,54.3596285107861],[-2.36771223910638,54.3560706152439],[-2.30984140863991,54.3243149783909],[-2.3230323098134,54.311082787262],[-2.31719184100725,54.2871656656679],[-2.32589176655811,54.2796929168974],[-2.31549577489661,54.2700755431875],[-2.32564664212512,54.2414383484097],[-2.34805240648407,54.2378066823428],[-2.36231711509247,54.2497526297027],[-2.37302060410132,54.2400989043776],[-2.39677965225249,54.239381080598],[-2.40563193679838,54.2249151689987],[-2.46086273483392,54.2267161360628],[-2.53397895530311,54.1576927137726],[-2.56050449737639,54.1530521184271],[-2.56474222741882,54.1268638437646],[-2.52400965394564,54.0946224801854],[-2.50952601849528,54.0954253307687],[-2.46434741774283,54.0752794330057],[-2.4643555540214,54.0430463312627],[-2.42582648982368,54.03809491029],[-2.37407297715162,54.0490890614635],[-2.35732329416741,54.019117094779],[-2.33956433043647,54.0093207230696],[-2.35228494459096,54.0105532697488],[-2.35219961279232,53.9946235107344],[-2.33999932342476,53.9894768973423],[-2.31917729442185,53.9938205142511],[-2.29451918094864,53.9744631577094],[-2.23039881478544,53.9815667896336],[-2.22111218452458,53.9779017078813],[-2.23209923454447,53.9712160508476],[-2.22567381467208,53.9611195240562],[-2.1960183674942,53.9695758455163],[-2.18227343100205,53.9354059641897],[-2.13222410689956,53.9265088512197],[-2.11309296486617,53.915439302302],[-2.10301894796253,53.8909412971484],[-2.08144705819635,53.8756803214603],[-2.08991499194819,53.8681819729435],[-2.04613032171259,53.8501412464577],[-2.04692463706631,53.8295102819506],[-2.12835851818789,53.7990313038972],[-2.13083482347585,53.7520705652718],[-2.17329132180093,53.7230096469322],[-2.16260484052451,53.699200201728],[-2.14525470704119,53.6922949164993],[-2.14353550696343,53.678497675891],[-2.13412727234523,53.6857340290757],[-2.1180850077117,53.6712452241623],[-2.08726453572912,53.6707514024823],[-2.08307752388252,53.6781042622115],[-2.05124217318775,53.6836917586463],[-2.02435483723712,53.6171343949866],[-2.00947078713106,53.6167795111392],[-1.94272585126694,53.5616412941119],[-1.9128846428011,53.5516436149553],[-1.90962083195551,53.5383909865468],[-1.92678065561025,53.5209487496897],[-1.92197284577495,53.5099546848918],[-1.97158630305122,53.5043419938961],[-1.97427777091406,53.488384418913],[-1.98809249789132,53.4803320630623],[-1.98579237816046,53.4552267721605],[-2.00823485273611,53.4415492995151],[-2.00421605197447,53.4359217858561],[-2.01365546338078,53.4398832346574],[-2.02742937159529,53.4322460038677],[-2.02370962953136,53.4205517134999],[-1.99232947055908,53.4151931330374],[-2.00464286724195,53.3863272775011],[-2.03377543264394,53.3755415697783],[-2.03413245019739,53.3678653790687],[-2.00893844314211,53.3617939201434],[-2.01364994432454,53.3324201566667],[-2.00155104700482,53.3189218127238],[-2.0094248420728,53.2606147236468],[-1.97487979601863,53.230954989863],[-1.99024867768893,53.2230222911312],[-1.98737982955689,53.2136037474881],[-2.00174927099309,53.1929557241948],[-2.04610965363786,53.1927771383059],[-2.07021816358765,53.171653125585],[-2.11186950066067,53.1686364893159],[-2.1403630699576,53.1838497792182],[-2.14142291774514,53.1566124896779],[-2.15554543171792,53.1596534951874],[-2.24643157183402,53.090307630252],[-2.25324848942767,53.093976994431],[-2.29337580822217,53.0783263872942],[-2.31805569446669,53.0814075176033],[-2.34758567133388,53.0561702924311],[-2.38129694046648,53.0525807781467],[-2.38422739107302,53.0261675772654],[-2.37042155075988,53.0145296490635],[-2.38304468514478,53.0077867863604],[-2.38027990140092,52.9987866474815],[-2.43826494843054,52.9855224343486],[-2.43466847192472,52.9695572523834],[-2.48128820845985,52.9588311454578],[-2.52135140652275,52.9743445567568],[-2.53189371702813,52.9472629931384],[-2.56126288258472,52.9649521051142],[-2.5865066357406,52.955424462293],[-2.59769347128031,52.9630059899653],[-2.59488906784906,52.979607147503],[-2.63265093996284,52.9966707872024],[-2.67466228547344,52.9856628103872],[-2.69929243706707,52.9954387986715],[-2.7268406065337,52.9832729462979],[-2.7599401790776,52.9864196664707],[-2.76827535224616,52.9948605041922],[-2.80331096693005,52.9895941844813],[-2.83599558996295,52.997150146825],[-2.84406201373811,53.0176683670735],[-2.86104429459502,53.0228486549975],[-2.85571506741516,53.0372559042528],[-2.87011791101549,53.0453605932239],[-2.85924038438122,53.0542555278963],[-2.87255483685911,53.0586155397174],[-2.86147506310468,53.0606604001837],[-2.88164358493242,53.0743920840043],[-2.87572225442175,53.0815220285336],[-2.90207396485117,53.0920394250028],[-2.88109940909981,53.1216037184015],[-2.90339163799315,53.1117975332397],[-2.94367033475339,53.121625733068],[-2.9950230554338,53.154023960488],[-2.92783850918185,53.1714114107239],[-2.92229929317117,53.1892926717249],[-2.949510091719,53.2112797159544],[-3.02546229105649,53.2483150711708],[-3.09017503265769,53.2588675969056],[-3.09133063807348,53.2594880602806],[-3.09511108874127,53.261882089401],[-3.101136143917,53.2656903057713],[-3.10135458262908,53.2669176342843],[-3.10132898223558,53.266947230219],[-3.09667976349802,53.2723214116689],[-3.09250115087244,53.2697618751013],[-3.09205859703414,53.2667300721027],[-3.09173814836274,53.2645344594402],[-3.08413830615183,53.2623386099041],[-3.09159183431844,53.2646769357493],[-3.08958625153422,53.267348888387],[-3.08114980786968,53.2631549379493],[-3.08973893279291,53.2680595418993],[-3.09085610358807,53.2686973445961],[-3.08896346943702,53.2713385904178],[-3.08705511544319,53.2695975634072],[-3.0842986285646,53.2670824644318],[-3.08488588405264,53.2708405676056],[-3.08493208980761,53.2711362264318],[-3.08456112853422,53.2710266493016],[-3.07805966166501,53.2691059159872],[-3.08414276335973,53.2712663658082],[-3.08794931921777,53.2726180158109],[-3.09236398972628,53.2761427810336],[-3.08492174992992,53.2745180537059],[-3.084662025216,53.2746813672323],[-3.0918170388319,53.2783366601017],[-3.07900923684945,53.278227652941],[-3.07754332117356,53.2750471984561],[-3.07707704427367,53.2740354572248],[-3.07737910610625,53.2751412650631],[-3.07833738667489,53.278649003712],[-3.07752091342265,53.2791616135478],[-3.07348352880117,53.2773725493557],[-3.06417584218527,53.2732469880056],[-3.07303564325734,53.2776290626308],[-3.07690965474085,53.2795446646132],[-3.08159658541842,53.2813261199628],[-3.08387992049288,53.2794509171087],[-3.090638569932,53.2845338005604],[-3.08374043581996,53.290056731984],[-3.09631390662565,53.2843325386001],[-3.09335287456405,53.2880893416728],[-3.09890000061901,53.2867915480407],[-3.09771016877136,53.2901761194685],[-3.10119497040552,53.2869025188551],[-3.1045388947079,53.2887108080074],[-3.10131001064997,53.2907308330837],[-3.10844948283661,53.2903222372298],[-3.10336127830915,53.2914472528263],[-3.10958475197974,53.2931432707615],[-3.09639621731371,53.2942234734611],[-3.10376176398004,53.2952854771672],[-3.09665622890249,53.2971686385921],[-3.10598338497347,53.2952100662858],[-3.10353737098162,53.2991501964748],[-3.1065625931004,53.2981098134602],[-3.10902288002116,53.2972636215067],[-3.10945228565681,53.2970206121072],[-3.11072293929503,53.2962983182363],[-3.11640046670404,53.3032590631325],[-3.10697591409624,53.302140542698],[-3.1158355236964,53.3048445977156],[-3.12001460946497,53.3098726374017],[-3.12034699014744,53.3116837901879],[-3.12234023235646,53.3225416731634],[-3.13788482132617,53.3337322849193],[-3.1387834553508,53.3343215549047],[-3.19057115642075,53.3682434485254],[-3.19085660224343,53.3685130054026],[-3.19851887570534,53.3757472181922],[-3.20036786484447,53.3875152778136],[-3.17760588455519,53.3997272778065],[-3.14095753460276,53.4118615606643],[-3.14058325972016,53.4119387691086],[-3.11887667147798,53.416414096265],[-3.11835091644181,53.4166050873481],[-3.11831396797343,53.4166185091021],[-3.08989528464672,53.4269359377781],[-3.06040530710554,53.4386300216864],[-3.06035393075803,53.4386503830963],[-3.05671380257696,53.4400930158996],[-3.04032032385677,53.4428974501825],[-3.03009573023227,53.4271235542674],[-3.02919844414884,53.4259222920454],[-3.0242566413351,53.4193049852498],[-3.02411903031801,53.4190914322586],[-3.01279318229124,53.4014857962905],[-3.01277209262004,53.4014315090641],[-3.00677895826765,53.3859988225918],[-3.00674557484623,53.3859128281831],[-3.00654027620033,53.3853839782323],[-2.99560388724085,53.3684024386943],[-2.9953485042943,53.3680057174514],[-2.97318175985386,53.3530249624407],[-2.95826371765444,53.332641774516],[-2.9581291854903,53.3325313312135],[-2.93469705824737,53.3132839123795],[-2.92879375710679,53.3084313615248],[-2.92876393030535,53.3084068394297],[-2.92857185482182,53.3082489283384],[-2.91477813940676,53.3056605873843],[-2.9046509522151,53.299466071022],[-2.90362636993272,53.2988392135723],[-2.90169861259955,53.2976987520623],[-2.90053434197305,53.2970099236817],[-2.88684289119912,53.2931605723305],[-2.87838965649441,53.2907828201086],[-2.85556823597895,53.2920219419777],[-2.85396195212893,53.2952784849701],[-2.83960109526843,53.2987369178401],[-2.84828815838519,53.3021146742696],[-2.84774599999753,53.3062552639172],[-2.84299741520689,53.3075365803564],[-2.81595602191875,53.3061631541104],[-2.79095732295569,53.2962416094717],[-2.78896613468561,53.2954509196755],[-2.75279179952492,53.3145695944037],[-2.75247772983128,53.3147354613668],[-2.76337770508361,53.3275497083349],[-2.75784091669664,53.3354790100757],[-2.7595309070958,53.3359889031115],[-2.75875580095224,53.3384281651129],[-2.758495118741,53.3386907628293],[-2.75377295712957,53.3434470195172],[-2.7433520356453,53.3453418072981],[-2.73608877904364,53.345058848143],[-2.73604430180679,53.345057114022],[-2.72197834310191,53.3445076365027],[-2.72095776255916,53.3450610553308],[-2.6995157370485,53.3566828472302],[-2.67797176901121,53.3547102053325],[-2.67518815433053,53.3544550300627],[-2.66614155553677,53.3576986429909],[-2.66397757100118,53.3672487979212],[-2.65676840870564,53.3740985822626],[-2.64232731192839,53.3724620590308],[-2.63819424545003,53.3776168267296],[-2.62173022885747,53.375024968917],[-2.63896366036029,53.3784037298149],[-2.64568645711708,53.373937876871],[-2.65429959617039,53.3758173164384],[-2.66017296906672,53.3739072802407],[-2.67448838732609,53.3567628050152],[-2.69230355597768,53.3615286613281],[-2.69318162020485,53.3617634600165],[-2.69337870606463,53.3618161610797],[-2.70565145291146,53.3614728582131],[-2.71241426309629,53.3578218510078],[-2.71314790163816,53.3576707824256],[-2.71382378696736,53.3575316007016],[-2.72848437291258,53.3545114007628],[-2.73307347607677,53.3479816532275],[-2.75872888732108,53.3497016247648],[-2.75985161314977,53.3509049564674],[-2.76205149798426,53.3532625608283],[-2.75973175695221,53.3503567586842],[-2.759133575705,53.3496073950214],[-2.75953206613015,53.3494435574161],[-2.76038686362431,53.3490921014666],[-2.76897961169971,53.3455583667455],[-2.77724870879584,53.3355540386244],[-2.77827881161369,53.3326130823382],[-2.78428779479333,53.3364309488624],[-2.77770822988502,53.3292343025364],[-2.78980651468789,53.3223565241287],[-2.81905523700649,53.3329784597046],[-2.82565377537196,53.3318318639195],[-2.82575690218936,53.3318139402841],[-2.82666108251466,53.331656791369],[-2.83641028510294,53.3270180230687],[-2.85497271766899,53.3274716915791],[-2.8781584032105,53.3341988138049],[-2.88307364109977,53.3365780352887],[-2.90271948689426,53.3460829293975],[-2.90986934033261,53.3495402484968],[-2.91033766494538,53.3498276747702],[-2.91613103666373,53.3533980311319],[-2.92241081028017,53.3572671495087],[-2.92382253603583,53.3578679276518],[-2.94393943702948,53.366425259722],[-2.94476955672841,53.3667782283546],[-2.94573600345657,53.3671902367292],[-2.96799886507509,53.3753289145903],[-2.96929985749059,53.3758042875494],[-2.98379771774959,53.3857015865618],[-2.98497258192719,53.3865033554766],[-2.99506094505106,53.4009260909557],[-2.99597825709121,53.4023119159136],[-3.00176306297194,53.4110490235582],[-3.00187532829115,53.4114881535188],[-3.00194461342193,53.4117591631364],[-3.00858034567406,53.4376980785986],[-3.00862063658468,53.4378554725726],[-3.0087553041663,53.4383815412655],[-3.02355445278711,53.4562313449787],[-3.02773795249665,53.4551332307346],[-3.02839227183189,53.4556021213154],[-3.03694376296937,53.461886486749],[-3.04042291475171,53.4647457969497],[-3.04145607648159,53.4656287475057],[-3.0375828033773,53.4684663795491],[-3.04341324165079,53.4778934545586],[-3.05480979258477,53.4920616164006],[-3.06506183003855,53.5047971864267],[-3.06403357007708,53.5104953164611],[-3.06396809376324,53.5113194253314],[-3.06273854047787,53.526789590305],[-3.06269259750895,53.5273674165365],[-3.0640893032736,53.5306079704085],[-3.06336583264194,53.5264736944235],[-3.07092871468224,53.5215401360532],[-3.07912247040563,53.5261461680348],[-3.08540285046902,53.5337457725439],[-3.10147987878623,53.5408076731774],[-3.10546969372255,53.5515151227781],[-3.10051940107972,53.5693935592256],[-3.08612380546461,53.5873528576889],[-3.06211528619626,53.6101700249109],[-3.06198575835968,53.6103448720629],[-3.04272333876982,53.6363293800141],[-3.03115105370248,53.6476501025395],[-3.01780002231058,53.6541759097142],[-3.01765963216288,53.6543291644084],[-3.00319787554834,53.670109251129],[-3.00641633416462,53.6713361106739],[-3.01095129838762,53.6669761699439],[-3.01500641637631,53.672179809929],[-3.01560673548138,53.6729500336361],[-3.01409163674866,53.679129034507],[-3.00236758960063,53.6769572879199],[-2.98790424659545,53.6846530903817],[-2.98297340033182,53.6825365296521],[-2.98846018151549,53.6873774171753],[-2.98468573864038,53.6897356985539],[-2.9804478745622,53.6867117233672],[-2.98016054516173,53.6890213888822],[-2.98007033947605,53.6897464526314],[-2.97714577059521,53.6965349909235],[-2.96527621527027,53.6982022386331],[-2.96459264777716,53.6934789860594],[-2.97148810101294,53.692163169498],[-2.96294795680419,53.6928809937631],[-2.95830252070891,53.6875845238664],[-2.95405295878304,53.6913772976949],[-2.95732724900187,53.691051021201],[-2.96228359433791,53.693831896957],[-2.95523000264122,53.696496116157],[-2.95546153052438,53.6967420243545],[-2.95621612350698,53.6974883306439],[-2.95271938681748,53.6997929386572],[-2.94152892554935,53.696538567986],[-2.95112716312555,53.6997138320814],[-2.94259731100621,53.7001596535694],[-2.95364553050276,53.7023679003705],[-2.94731786154544,53.7041699158417],[-2.95510573113752,53.7044380067459],[-2.94378181280026,53.7081508195063],[-2.93711850861306,53.7045196933337],[-2.92884252098914,53.7045058990378],[-2.93802631312004,53.7054231086793],[-2.94032046651289,53.711429963414],[-2.94674645990412,53.710301718859],[-2.94140120680981,53.7132730265648],[-2.94824334885701,53.7117819670064],[-2.93590241203022,53.725427858285],[-2.93231112428278,53.7187425980565],[-2.93286950420761,53.7245302115348],[-2.92841413814561,53.7220732682283],[-2.92825444105733,53.7161297006075],[-2.92717787550835,53.7207103542755],[-2.91550650829472,53.7133397809798],[-2.91950261910863,53.7170492192502],[-2.91578938571846,53.716878126064],[-2.9293482374125,53.72416121066],[-2.91509383958069,53.7260983459112],[-2.91133476076106,53.7167593949233],[-2.91065900358174,53.717729393485],[-2.90948852065716,53.7194094200407],[-2.91071938882012,53.7205257032285],[-2.91321402325386,53.7227878778718],[-2.91077347785951,53.7230302971411],[-2.90871967196848,53.7232342608587],[-2.91079886075989,53.7242055212128],[-2.91207548344561,53.7248018336252],[-2.91083291221613,53.72578202885],[-2.90745944915309,53.7284227787381],[-2.90430085660743,53.7289227276402],[-2.90528875414529,53.7258527890269],[-2.89627647140573,53.723000470859],[-2.90056396781076,53.726339821889],[-2.89457734599652,53.730064612406],[-2.88938741884581,53.7306444060484],[-2.89114252977826,53.7256859586408],[-2.88877982103995,53.7307253499753],[-2.88612164829108,53.7268593675936],[-2.88414337961128,53.7309646238439],[-2.86583466648021,53.7337459746729],[-2.86466825064204,53.7339230626192],[-2.85106408774436,53.7308288934448],[-2.84446450246925,53.7275090570943],[-2.8368126731419,53.723658784541],[-2.8325343327652,53.719399637333],[-2.82705731897592,53.713945704847],[-2.8267182357279,53.7136079961032],[-2.82630966820449,53.7132010745019],[-2.82662881987084,53.7158782969387],[-2.82676481112005,53.7160291816543],[-2.82994693413473,53.7195594299675],[-2.82672731982692,53.7201327100699],[-2.83543341655469,53.7243416486217],[-2.83580403927562,53.7247632719806],[-2.84298864716169,53.728968862921],[-2.84468623314457,53.730104701283],[-2.8548327060395,53.7353303354739],[-2.82233146581995,53.7437026002664],[-2.82006931243426,53.7443301919935],[-2.77613646007489,53.7534785991306],[-2.7741271235724,53.7485401180994],[-2.77441060497474,53.7533998313233],[-2.760039652414,53.7559243583594],[-2.75719952461912,53.7564230245592],[-2.76398630694099,53.7564098309274],[-2.76428895434158,53.7564092336787],[-2.78849674381186,53.7532247010898],[-2.79321874671959,53.752148263068],[-2.79396648676013,53.7519777847609],[-2.79461308748071,53.7519281488701],[-2.80228043043361,53.7502339155953],[-2.80614808011831,53.7521682504842],[-2.80358872059394,53.7498134669903],[-2.82027354201501,53.7463313878172],[-2.82061461504723,53.7468189044254],[-2.82232637202247,53.7492654334212],[-2.8227340700148,53.7454533975184],[-2.85617190443083,53.7385569314356],[-2.85665171840787,53.7384578866798],[-2.86295629466538,53.7374552652528],[-2.86368313482258,53.737464036969],[-2.87478657562084,53.73759749448],[-2.87600368632993,53.7376120602707],[-2.87932480358396,53.7352633356329],[-2.91098553576517,53.7328468351329],[-2.9288151164656,53.7314822728161],[-2.92905319078579,53.7314640336062],[-2.92913475068414,53.7314577856745],[-2.92970105608547,53.7326003330591],[-2.93810258961656,53.7320826674857],[-2.93963676448437,53.7331746661822],[-2.94069564989633,53.7321234518724],[-2.94934402805683,53.7326737447798],[-2.9530557385883,53.7329848783248],[-2.98008423372517,53.7344228020122],[-2.98036359398756,53.734453652086],[-2.98095126150272,53.7345185472139],[-3.00082176254005,53.736711116856],[-3.00781330655781,53.7384179769827],[-3.02665446181297,53.7430149227375],[-3.0268693279669,53.7430673225059],[-3.03477055310374,53.74806965531],[-3.03897279867481,53.7475014638901],[-3.05061404235153,53.7592756876653],[-3.05502289109455,53.7619850634633],[-3.05685042533651,53.7765771088928],[-3.05870788970516,53.7837226010701],[-3.05878735130784,53.7840280920475],[-3.0566919204234,53.7951057619448],[-3.06101064072762,53.795329152877],[-3.05691731916426,53.7954965622463],[-3.05733305460964,53.7985057738022],[-3.05731100324561,53.7987821493153],[-3.05630525326159,53.8113824537424],[-3.05634731455155,53.8124052976501],[-3.05661748083244,53.8189737988488],[-3.05662532165961,53.8191643897566],[-3.05647408830484,53.8287417771843],[-3.05642095589189,53.8296336804599],[-3.05632705981414,53.8312097818595],[-3.05573119773682,53.8412087777203],[-3.05557594672643,53.8417818823285],[-3.05487928787874,53.844353379128],[-3.05291024825252,53.8516197556862],[-3.05140103417761,53.8571875283741],[-3.05126728559843,53.8577297673849],[-3.04923049573482,53.8659857233477],[-3.04796727293731,53.8756014523384],[-3.04795018870738,53.8757317263651],[-3.04721482282278,53.8916668756903],[-3.04727301914449,53.8922083537045],[-3.0501496964756,53.9192141231351],[-3.04238367906507,53.9239825455909],[-3.02340103937965,53.9262491283673],[-3.00738051249276,53.9279285177298],[-3.00608974736265,53.9280637150266],[-3.00530162220945,53.9265737925595],[-3.00394703254059,53.92401271012],[-3.00760012687243,53.9210476806323],[-3.00819709582985,53.9205631014947],[-3.01057304978404,53.9201550668989],[-3.01251485843958,53.9198215506848],[-3.00571695550388,53.9186517687226],[-3.00593516864927,53.9031555481734],[-3.00843728036201,53.901754226125],[-3.00595184117217,53.900746620511],[-3.00355832415114,53.8942143855074],[-3.00350349196885,53.8940647174058],[-3.00312505660112,53.8930317115903],[-2.98469401125816,53.881441009439],[-2.982891266643,53.8803068153324],[-2.97588884544648,53.8798966646246],[-2.96881084234099,53.8739805830195],[-2.97899105850278,53.8708051110142],[-2.9767290287593,53.862428651372],[-2.97731552152914,53.8619265749699],[-2.97625266778386,53.8618726831462],[-2.97499643954594,53.8618089740972],[-2.95998509553547,53.8610466183279],[-2.95753612515708,53.8599538243818],[-2.95671999974883,53.8595896236136],[-2.95342744150672,53.858120174861],[-2.95265198509772,53.8577740618306],[-2.95319218479979,53.858217306231],[-2.95853509446622,53.8626005819233],[-2.97228976820704,53.8646218663438],[-2.96614461029008,53.8735220071411],[-2.962988828865,53.878090968927],[-2.98518203972394,53.8898117545369],[-2.98388457197192,53.8955953669333],[-2.98624593775746,53.8926054643628],[-2.98972283420714,53.8943429467726],[-2.98666928915832,53.8955275647463],[-2.99122127663588,53.8955466425623],[-2.99447574573062,53.9050747766602],[-2.99269473725513,53.9056260295885],[-2.9924384192545,53.9057463281909],[-2.99052523927207,53.9066442088048],[-2.99046455347119,53.9066726886342],[-2.9897621165254,53.9070023331014],[-2.98943501994428,53.9071558322033],[-2.99075076871936,53.906862021665],[-2.99219989497456,53.9066080797986],[-2.99672762301435,53.9089424515371],[-2.99657472244147,53.9311477629738],[-2.92897924634985,53.9498163458628],[-2.92889979589982,53.9498382565898],[-2.92780871968516,53.9501391469481],[-2.91574125412243,53.9514343999254],[-2.91500859446365,53.9515129967517],[-2.91571262114282,53.9501238642039],[-2.91633192462228,53.9489018238234],[-2.91567941228962,53.9486036179239],[-2.91056986618748,53.9462682228548],[-2.91562889428337,53.9462907328848],[-2.92082870697185,53.9463136440384],[-2.91560357243765,53.9451312643057],[-2.91306165392547,53.9445559527131],[-2.91557272962762,53.9437189113768],[-2.91892237920942,53.9426022060054],[-2.9155640001907,53.9433191317793],[-2.91220624061909,53.9440358062391],[-2.90476456086632,53.9384998736685],[-2.90532409048547,53.9405637393879],[-2.90007576051423,53.9384272527107],[-2.89917485578991,53.9410908107045],[-2.89898482011986,53.9384893911604],[-2.89674961267995,53.9411637755253],[-2.89126896343871,53.9394762826204],[-2.89206734940744,53.9421989961578],[-2.88664897156732,53.9416776471848],[-2.89478900958182,53.9455078538255],[-2.88953330572328,53.9481147379565],[-2.88924237272237,53.9480301682144],[-2.88890841338631,53.9479330907741],[-2.883391738285,53.9463292664139],[-2.88348066736293,53.9460243633401],[-2.88352419446639,53.9458751219322],[-2.88410914976123,53.9438694178383],[-2.88281149147638,53.9457988893557],[-2.88273104244286,53.9459185013469],[-2.88246954744044,53.9463072887221],[-2.8744426721644,53.9458095770835],[-2.87839804304864,53.9474507561739],[-2.87621276142042,53.9512847496167],[-2.87447176255366,53.9517531030082],[-2.87248617071447,53.9537934511539],[-2.88030758248276,53.9540491246597],[-2.88677863849597,53.9583911431705],[-2.87119275736481,53.9565162042898],[-2.86980577658474,53.9597322793272],[-2.8693691259882,53.959842366439],[-2.86557817254581,53.9626110584714],[-2.86479375078709,53.9632251898104],[-2.86193231841356,53.9646091832096],[-2.85736807986886,53.9625773626226],[-2.85424774949215,53.9650945889076],[-2.85416747292615,53.9653459379255],[-2.84856595152943,53.9651154751022],[-2.84122748789692,53.9659433206062],[-2.84639617393219,53.9657011689918],[-2.84399255521829,53.9682032103808],[-2.8496740551262,53.9657319496694],[-2.85227270873591,53.9672686941431],[-2.8562636200194,53.9663978633999],[-2.86698194136404,53.9684851981028],[-2.87925462558509,53.9791130177534],[-2.86968729761613,53.9836136152904],[-2.86814108773088,53.9931491179973],[-2.86297795260411,53.995364063934],[-2.8611163725289,53.9926020068443],[-2.85704238871533,53.9935712631108],[-2.86233564518192,53.9953569995145],[-2.85608726991274,53.9995800763032],[-2.84024721177983,53.9969911414692],[-2.83405541632384,53.9986700063473],[-2.83232230503188,53.9948380141066],[-2.83039486575328,53.9972474335667],[-2.82324000272676,53.994750451873],[-2.83274199666624,53.9985182133687],[-2.82947148215909,54.015547069388],[-2.82946958324293,54.0155965083321],[-2.82879587984821,54.0331347850802],[-2.82867081919855,54.0363922175402],[-2.8287478538128,54.0365456774589],[-2.83027564688904,54.0361955204106],[-2.83069345523384,54.036099866884],[-2.83143256050391,54.0359302860341],[-2.831625528937,54.035830756505],[-2.831246413161,54.0331178229237],[-2.83116070892338,54.0325044043093],[-2.8315610980559,54.0331156413042],[-2.83311719448733,54.0354909487575],[-2.83359865367194,54.0354340328599],[-2.83493572308925,54.0351270209488],[-2.83632732851683,54.0372070611204],[-2.83039227634381,54.0372939491656],[-2.83284329759136,54.0395122761394],[-2.83779491017494,54.0369874110646],[-2.83320166467442,54.039792024158],[-2.83839556401831,54.0374676316613],[-2.83555002104243,54.0405387932015],[-2.83992889812756,54.0386873888256],[-2.8369552492757,54.0408552901101],[-2.84133867086052,54.0400617168006],[-2.83770272613224,54.0420275112512],[-2.84213660930257,54.0410798448837],[-2.8415012104708,54.0457435718738],[-2.83956101384558,54.0462183919979],[-2.83653995282122,54.0470446127015],[-2.80871493945415,54.0546455155119],[-2.80381201252135,54.0527392696743],[-2.80279261142593,54.0525542267627],[-2.79962884486468,54.0519798747224],[-2.79901802153204,54.0523322694662],[-2.79591382727775,54.0541229881154],[-2.79512410412914,54.0567761300988],[-2.79504117000718,54.057054734643],[-2.79329700171989,54.0629132057316],[-2.79917822033039,54.0542550282161],[-2.79972077701791,54.0534560944699],[-2.79975367307338,54.0534076541329],[-2.79999617525011,54.0530505486257],[-2.80076312898292,54.0532734727544],[-2.80163759103237,54.0535276363274],[-2.80867090404043,54.055582295594],[-2.83639170808769,54.0495025388319],[-2.83858901113081,54.0490308984109],[-2.83906763633909,54.0488109344433],[-2.85033295170146,54.0411013697371],[-2.84555623081361,54.0429765879606],[-2.84421402236638,54.0395301829226],[-2.8480265547518,54.0414501292743],[-2.84879348199864,54.0390045913188],[-2.8405810206458,54.0359802563192],[-2.84175327639489,54.0330446038298],[-2.84046598209496,54.0355756821746],[-2.83737300173027,54.0330752107848],[-2.83661034961266,54.0324585969166],[-2.84121357614026,54.0285374953164],[-2.83696314491045,54.031782047807],[-2.83345946490196,54.028521343116],[-2.83384316343098,54.0232941025901],[-2.84208183600727,54.0261100778885],[-2.8396090273525,54.0231695213576],[-2.8424744788115,54.0253694542809],[-2.8437497123138,54.0214112969456],[-2.83955452316125,54.0203109928096],[-2.84105286799586,54.0214220690875],[-2.83827184393106,54.0229406674652],[-2.83402531469271,54.022405761401],[-2.83529829458474,54.017154402837],[-2.83775235283041,54.0189745120683],[-2.83688807421533,54.016654403545],[-2.83545339385882,54.0159831316646],[-2.83915431435531,54.0139378185292],[-2.83528853389484,54.0153722028569],[-2.83522372484665,54.0108456082355],[-2.84153704239315,54.0097346796714],[-2.8381279608403,54.0084328373665],[-2.84224185704825,54.00594863789],[-2.85328814618409,54.0055579481838],[-2.84499809582905,54.0148621601757],[-2.86078154361331,54.0038741345704],[-2.86684350739029,54.010250417546],[-2.87000016022753,54.0084203376788],[-2.86535223367674,54.007386981374],[-2.86875385837698,54.0060232670136],[-2.86480627045939,54.0049732035211],[-2.87031978363958,54.0039231535655],[-2.87263755927612,54.0076471148458],[-2.8754632204403,54.0048802461946],[-2.87191962037048,54.002798899702],[-2.87634833714895,54.0014058958867],[-2.88104026035683,53.9894528395905],[-2.8839767800734,53.9947349701518],[-2.88899319154224,53.9959230178779],[-2.88421986220799,53.9943269614239],[-2.88610976793853,53.991023499791],[-2.90022783303898,53.9920330973712],[-2.90374690080723,53.9984359174193],[-2.89693905517786,54.0007338102908],[-2.90067362844752,53.9998808139643],[-2.90694858608202,54.0070286530231],[-2.90341859421465,54.0205632920916],[-2.91741939860972,54.0277393665328],[-2.92442353253621,54.0313276886505],[-2.91875780124467,54.0324822412612],[-2.91752925006629,54.0327325418514],[-2.91258916601561,54.0337403138922],[-2.91241947640711,54.0337623745692],[-2.9134587243537,54.0355470254341],[-2.91757673125385,54.0348817398669],[-2.92137080356394,54.0342685976521],[-2.91760227628922,54.036038059241],[-2.91255132307545,54.0384091908532],[-2.91166715167176,54.0385785736197],[-2.90602474249383,54.0396593240795],[-2.90574294516442,54.0455959205113],[-2.90571874088975,54.0461057467905],[-2.90551429042115,54.048405630162],[-2.89713146464943,54.0492916632327],[-2.89294206540648,54.0578153358215],[-2.89276020903616,54.05818525486],[-2.88947834494135,54.0664521552798],[-2.88802983275172,54.0663242501038],[-2.8827531139095,54.0658581493102],[-2.8767795657774,54.0711820874876],[-2.87726961071797,54.0718796138433],[-2.8785136633965,54.0736502712624],[-2.87506546129173,54.0747407213108],[-2.86761105301408,54.073261722525],[-2.85776054047242,54.07918504632],[-2.85747459346053,54.0793569557458],[-2.84718123157456,54.0775427546716],[-2.82619662102057,54.0869000416773],[-2.82561070732242,54.087596561246],[-2.82929591487395,54.0934564313763],[-2.821260704267,54.0941877554666],[-2.82758159925819,54.0944379855623],[-2.82694730401758,54.099976939441],[-2.80857983289409,54.1081475542219],[-2.79856605220221,54.1224024468122],[-2.79382182807416,54.1267794557902],[-2.79290832507289,54.1276215680855],[-2.78507456194648,54.1350400473174],[-2.79354013238121,54.1285879094222],[-2.79971031604853,54.1277436360505],[-2.80655057059714,54.1347436388986],[-2.80547649304388,54.1394997810562],[-2.80998215247266,54.1323130322531],[-2.82889781903275,54.1447372935822],[-2.82782532460237,54.1475546976924],[-2.81972447234026,54.1503098102541],[-2.8211237371338,54.153153772066],[-2.8132667625105,54.1571764538263],[-2.82843951995571,54.1533071066839],[-2.83528529678459,54.1622439719877],[-2.83721686204006,54.1741724007201],[-2.84892116586991,54.1797679978551],[-2.86472773157932,54.1837609630002],[-2.86413419859594,54.1920311817618],[-2.85345256738839,54.1927400894704],[-2.83621484721889,54.2015503215307],[-2.83540285959756,54.205223838562],[-2.82660703879668,54.2045521302885],[-2.82317325506155,54.2060379590501],[-2.82286613757275,54.206171044681],[-2.81842259586579,54.2080420839001],[-2.82146533899019,54.2093938206311],[-2.81609993727279,54.2129759279615],[-2.80711882395538,54.2189700844532],[-2.79438125660623,54.227420250415],[-2.79464737847295,54.2338392185743],[-2.79797776765573,54.2405233970658],[-2.79985402396498,54.2442880912094],[-2.80080580322894,54.2461975528339],[-2.81186462031331,54.2450769025362],[-2.81308444074886,54.2449532258826],[-2.81280418916141,54.2498173484625],[-2.81270529502557,54.2498136237129],[-2.80240461134631,54.2494251683231],[-2.80067050904396,54.2508909692602],[-2.80426468972142,54.2500508578104],[-2.80652693167445,54.2512799023246],[-2.80773246056085,54.2510193457415],[-2.81439870780994,54.2495782607622],[-2.81472529474225,54.2447417057344],[-2.80964562934392,54.2426935651685],[-2.80139657415898,54.2443782187002],[-2.80116275580964,54.2311882934678],[-2.80290231753729,54.2250584183032],[-2.80472251250931,54.2245537953076],[-2.83219629855315,54.2192109499371],[-2.8371110581654,54.2128317042447],[-2.84146774433388,54.2071750321919],[-2.84247353493712,54.2055178704733],[-2.86855550603468,54.2020960633762],[-2.86741014206203,54.2047943633222],[-2.87006184961241,54.201774214053],[-2.87157941759236,54.2040281712363],[-2.87847373096771,54.2015019726692],[-2.87953057008866,54.2009419508506],[-2.8796685279597,54.2008688448478],[-2.88590270016895,54.1975648250651],[-2.88717689713304,54.199375465153],[-2.88736635734998,54.1945513011222],[-2.89644633776937,54.1898883577029],[-2.90105873882455,54.1901275990846],[-2.89760292584337,54.1801524456934],[-2.91069879167993,54.1794662816582],[-2.89881797983015,54.1767862907665],[-2.92047304581011,54.1657165720445],[-2.92193833925974,54.1649671847832],[-2.92045818285141,54.165047180552],[-2.9083048723623,54.1657033159544],[-2.91802248569238,54.1602305571136],[-2.92028331287908,54.157168796342],[-2.9253595496205,54.1502924529874],[-2.9378712718974,54.1497573744213],[-2.9470911557984,54.1493251070032],[-2.95910907372192,54.1528090724799],[-2.96542523815219,54.1502419858169],[-2.99953197208596,54.1532614639095],[-3.00018891458658,54.1538339257926],[-3.00095811272898,54.155502842042],[-3.00205586567109,54.1666987586825],[-3.0003615261297,54.1684016554189],[-2.99711442715941,54.1667577805398],[-2.99730762105409,54.1731312221929],[-2.9929710189202,54.1702703140897],[-2.99412094734348,54.1730486070596],[-2.99606495563144,54.1759241145104],[-2.99930026484553,54.175464109987],[-2.99615475887138,54.173290880789],[-3.000219407715,54.1743823872796],[-3.00092746330829,54.1721098088139],[-3.00353530863385,54.1758009536124],[-3.00153441534006,54.1722494679098],[-3.00652590942045,54.1722698404833],[-3.00969471343354,54.176826125626],[-3.00506726719586,54.1802793425605],[-3.01029228629986,54.1769532827201],[-3.00982585456745,54.1827722580779],[-3.01265804977009,54.179722293727],[-3.0210569009725,54.1852884770961],[-3.02017945328803,54.1896091178279],[-3.02213237238232,54.1857745492478],[-3.02699098883191,54.1896384191193],[-3.02460581593169,54.1917870512736],[-3.02774366354344,54.1900759693465],[-3.02924870640396,54.1937795720096],[-3.03876063401333,54.1971941047626],[-3.03475787115557,54.1965005792432],[-3.02541285035508,54.1968376384564],[-3.02289301936017,54.2010635376965],[-3.01983181958329,54.2010696513577],[-3.01454551426712,54.206367805218],[-3.0215034090591,54.2114089000574],[-3.02222781077734,54.211933645027],[-3.02248690076576,54.2139447569259],[-3.0231574253403,54.2191485496393],[-3.0231897812087,54.2193996263162],[-3.02762703650007,54.219288160695],[-3.02855881484159,54.2204315518084],[-3.03361545589645,54.2292708303431],[-3.04631848623671,54.2267667674639],[-3.04876496998461,54.2332337390731],[-3.03397370162035,54.2396737450574],[-3.03325109989257,54.2437909255935],[-3.02898992574295,54.2415867760213],[-3.02935888742513,54.2401745961137],[-3.02731624260222,54.2415435523398],[-3.0285730872906,54.2463681278244],[-3.03567677049205,54.2443210298258],[-3.03752405601022,54.2399047624955],[-3.04805397110303,54.2422896967019],[-3.05218573779326,54.2358076151249],[-3.05194646452189,54.2347620937917],[-3.05181809850323,54.2342011622066],[-3.05162906055111,54.2334359769602],[-3.05153074201901,54.2330379927529],[-3.05161928491727,54.2323587499711],[-3.05187468707876,54.2303993621048],[-3.05311965732432,54.2208456413519],[-3.03556718463908,54.2156214459495],[-3.0324196230976,54.2113156214814],[-3.03902704982646,54.2057310796414],[-3.0343729085303,54.2112987683627],[-3.03426021309591,54.211433564806],[-3.03474679153529,54.2112955485704],[-3.03877604765289,54.2101525551965],[-3.04461797647122,54.1994290966683],[-3.05027343037291,54.1990614004853],[-3.05313591394386,54.1988883186738],[-3.0547822809287,54.1940223738416],[-3.05495064618341,54.1935246925927],[-3.05330183266156,54.1884826042236],[-3.05974102980086,54.1893598907287],[-3.05586922068239,54.1871766581833],[-3.06162191164685,54.18082055095],[-3.06117420174465,54.1794519287063],[-3.05910214324739,54.1731118298256],[-3.0608558624468,54.161998212743],[-3.07797486678772,54.1539752925699],[-3.08763411215117,54.1362522965263],[-3.10062712871104,54.1280018457962],[-3.1046483830116,54.1200044185462],[-3.14259295634196,54.0974038492872],[-3.14274957555766,54.0973107452262],[-3.14911052001581,54.0935266102247],[-3.1647913866967,54.0832242589777],[-3.17239860225786,54.0817840923488],[-3.15270062390522,54.0676666813503],[-3.15175820604345,54.0702175256564],[-3.1507107426661,54.0647853250502],[-3.17143439584739,54.0796282902983],[-3.17323568357948,54.0735932118442],[-3.17797475663284,54.0748780051595],[-3.17374799403985,54.0833941547248],[-3.18685853713641,54.0904269611081],[-3.18515795942473,54.0957125184738],[-3.19130643872628,54.102850216589],[-3.19935700939085,54.1026744994114],[-3.19945387403452,54.1026723822989],[-3.20457149422904,54.101133411631],[-3.20696989548689,54.1004128000127],[-3.21004915915218,54.0994921404862],[-3.21201824811946,54.0989005376075],[-3.21423535870006,54.0982085434735],[-3.21502462540315,54.0979030792863],[-3.21849175765449,54.0958069518903],[-3.21909624684996,54.095441468132],[-3.22006250356619,54.0948572344829],[-3.22006274197995,54.0947071225322],[-3.21980079348989,54.0942756710909],[-3.21939344508539,54.0937847723793],[-3.21944478026828,54.0936178665831],[-3.21986168307774,54.0930176556321],[-3.22007203780036,54.092924879559],[-3.22129454506774,54.0925005134296],[-3.22134401060665,54.0927302565668],[-3.22171343951631,54.093299738614],[-3.22192464081579,54.0936253008222],[-3.22242827685699,54.0936441658459],[-3.22383240013994,54.0937977337431],[-3.22470371112044,54.0944550448886],[-3.23852292387065,54.1036185400051],[-3.23930826998406,54.1041391370387],[-3.23941128444146,54.1044662951139],[-3.24179932017378,54.1120489475433],[-3.24347581420268,54.1286857583952],[-3.2404909232981,54.1471261492911],[-3.23769626162009,54.1559201094734],[-3.24051897608579,54.1583852176688],[-3.24957809649894,54.1548050188017],[-3.25653832090725,54.1687019780351],[-3.24613069478573,54.1719937032088],[-3.22843815833464,54.1713684865839],[-3.22700149640666,54.1721445779808],[-3.21715247540839,54.1774638249459],[-3.21509386209423,54.1848404193147],[-3.22299022376769,54.1877903350444],[-3.21475777669882,54.1856590239141],[-3.21899537935534,54.1874928801988],[-3.21204094474077,54.1997445138901],[-3.21305795553441,54.20719246044],[-3.20450491693905,54.2095423977259],[-3.21005531855336,54.2085897824715],[-3.20919931679972,54.2096694544211],[-3.20551205889564,54.2143194544364],[-3.2049869410565,54.2149815861373],[-3.20181685628978,54.2111133231893],[-3.20492716752021,54.2175643911467],[-3.19888201003798,54.2199588878955],[-3.18919287950842,54.2335888765252],[-3.19756443719733,54.2287980994783],[-3.20004918712312,54.2377065340192],[-3.2126869872374,54.2475485785533],[-3.21189595175586,54.2518158867349],[-3.21639369151851,54.2580307057633],[-3.22869570287776,54.2598538932299],[-3.22839591294977,54.2601893127475],[-3.22783897536206,54.2604349213596],[-3.22771000973125,54.2609567113808],[-3.2242757659014,54.2748464486163],[-3.22376053391549,54.2769294607524],[-3.22554040108885,54.2772577305556],[-3.2278065669786,54.2776756450493],[-3.22454980458745,54.2755786414646],[-3.22810273442928,54.2640381740196],[-3.22968525512759,54.2624825172465],[-3.23215834806923,54.2600511370803],[-3.23283455711307,54.2617470907035],[-3.23370326983797,54.2601206927836],[-3.22951660309904,54.2568168059115],[-3.22290710382576,54.2515995590947],[-3.22930754149342,54.2497943909656],[-3.22392047174233,54.2472094235399],[-3.22563797531297,54.2398200223742],[-3.22228968478114,54.2321134108216],[-3.22693852680058,54.2319842481805],[-3.22872551245669,54.2302267585222],[-3.23438873144272,54.2323129182723],[-3.23831733887867,54.2336298174289],[-3.23546759519504,54.2314003694432],[-3.22868046187573,54.2287081779027],[-3.22539515461285,54.2274047661347],[-3.22852830549972,54.2235929383779],[-3.22910639830266,54.2228895388559],[-3.23871406919869,54.2221821894444],[-3.23636853467333,54.227875921331],[-3.24576229740378,54.2318274454362],[-3.23762903423217,54.227758684767],[-3.24353532527637,54.2211378495087],[-3.24402174065169,54.2252424249525],[-3.24629340880699,54.2233920501183],[-3.2474036492196,54.2222075776855],[-3.24891998075495,54.2212595262312],[-3.25099366615079,54.2198622800046],[-3.25148264212733,54.2281611747399],[-3.25395212692302,54.219156483368],[-3.25501003855755,54.217069282355],[-3.25631831747308,54.2147511127923],[-3.25146671734771,54.2158316172256],[-3.2497909741263,54.2095546626688],[-3.24930832052347,54.2092600927916],[-3.2392605388575,54.2031264322471],[-3.25398110018546,54.1916383628285],[-3.26869422967547,54.1901253710789],[-3.27766638293305,54.1939214318204],[-3.27774113657025,54.1939530533602],[-3.28775405238664,54.1970319379056],[-3.29058595492163,54.1907153574778],[-3.31430579829842,54.1885623821146],[-3.33003785831517,54.196339796437],[-3.34176971569079,54.2082664086045],[-3.36489573388485,54.2317525770038],[-3.39421568711067,54.2544402207594],[-3.41724001894656,54.2810690843924],[-3.4227306105891,54.2928557568799],[-3.41574227257272,54.3035877383082],[-3.42488454598496,54.328706970764],[-3.42253394583975,54.3397739161135],[-3.4100391249173,54.3503540261302],[-3.41185021054861,54.3380397776666],[-3.40439167465633,54.3379380713196],[-3.41150175278282,54.3572829513094],[-3.40842060355793,54.3600513787126],[-3.40499914197122,54.3616253442615],[-3.40422688112153,54.3619805744815],[-3.40452642864428,54.3620198901519],[-3.41544268239883,54.3634520891276],[-3.4120323924588,54.3577243109504],[-3.42264656367273,54.3596651002182],[-3.42986170317469,54.3557526539233],[-3.41750896872622,54.3532639654081],[-3.41737471340534,54.3489234093363],[-3.42681029502069,54.3430651482745],[-3.43528528972723,54.3433826122152],[-3.47337461443074,54.3754920210229],[-3.47553878934774,54.3830398013656],[-3.47650486491259,54.3864080548977],[-3.47655818869526,54.3864527621384],[-3.49947374289459,54.4056538820126],[-3.50102498690059,54.4066481881721],[-3.50145054433486,54.4069209456425],[-3.54334095824456,54.4386806754973],[-3.55928714054481,54.4507535903594],[-3.57785014360119,54.4647959738644],[-3.57863956421467,54.4656998375644],[-3.5929852117602,54.4821171006107],[-3.60800385729473,54.4909566738437],[-3.61354840028721,54.490932765458],[-3.62646426162127,54.5012006101855],[-3.62698745090914,54.5019817964896],[-3.62869093403179,54.5029700831633],[-3.63653791764475,54.5092043575475],[-3.63766913389805,54.5131323966065],[-3.6233178293788,54.5216524304443],[-3.61482269669614,54.5246107902442],[-3.61360572102789,54.5250345147855],[-3.60842055915562,54.5304911027633],[-3.60801840683175,54.5307296259888],[-3.60776564830009,54.5311146620301],[-3.60763142679029,54.5312241311996],[-3.60756426463748,54.5313920604677],[-3.60625655270729,54.5327678907053],[-3.60554229313533,54.5345012339404],[-3.59542684943748,54.5499013746189],[-3.59348706874838,54.5482028734047],[-3.59105409276824,54.5506828908335],[-3.58984966414056,54.5519104854845],[-3.59221789358168,54.5520554505649],[-3.59379221285678,54.552388826133],[-3.59371143811563,54.5525117322343],[-3.59159259148016,54.5521967526089],[-3.59154804330629,54.5522717503798],[-3.58446839377476,54.5641867642087],[-3.58430237544579,54.5645010359979],[-3.58428131136951,54.5645409100631],[-3.5841187153859,54.5648486994156],[-3.58039127077633,54.5719033641123],[-3.58071471108826,54.5744393014526],[-3.5805190222366,54.5751771505118],[-3.58081163701717,54.5751991786375],[-3.58125395424864,54.5786664237982],[-3.57542923858204,54.5979697944951],[-3.57259459614259,54.600697230595],[-3.57133116900707,54.6126464634225],[-3.56595552802542,54.6122306564368],[-3.56589082452511,54.6122244377263],[-3.56906026213043,54.6161273072396],[-3.57205805377665,54.6287029849989],[-3.57448212873642,54.6388659218858],[-3.57457831539425,54.63926907637],[-3.57459525368696,54.6393400697371],[-3.57773288375778,54.6469498568378],[-3.57807649539379,54.6517055585742],[-3.56251613770338,54.6463990144968],[-3.55721494120297,54.6462542396988],[-3.56448709251138,54.6479617083092],[-3.5639237740587,54.6480595900398],[-3.56341163556783,54.6481485760313],[-3.57174335475492,54.6508463234165],[-3.55204506812564,54.6684585361648],[-3.55078534672408,54.6695842280443],[-3.53349947547929,54.6818773093371],[-3.53327023470455,54.6820526070386],[-3.53322449126195,54.6820875866484],[-3.51898114017688,54.6929754954444],[-3.51195888315024,54.7063145448267],[-3.51167884232881,54.7078392740337],[-3.51091887750096,54.7119764799315],[-3.50755123500342,54.7170162885022],[-3.50106511896349,54.7153259924548],[-3.50712873863077,54.7176216618908],[-3.50113262670355,54.7171523480582],[-3.49357184296155,54.7258026807373],[-3.48037603768458,54.7317670662294],[-3.47898868771457,54.7323939510619],[-3.45552435494887,54.7462157843283],[-3.44640542502761,54.7515837309424],[-3.44541183797266,54.7521684960033],[-3.43814089961836,54.7606204991091],[-3.43331644392299,54.7662264678999],[-3.4315427375615,54.781103682925],[-3.4378546668328,54.8016272630037],[-3.41031150970627,54.8397350359425],[-3.41025840359405,54.8398686712037],[-3.39886993497874,54.8685058326993],[-3.39474783762085,54.8681403081738],[-3.39430149619837,54.8680847667149],[-3.39445070902585,54.8681571976555],[-3.39415122823886,54.868087391587],[-3.39472473317039,54.8682902128439],[-3.39480426592165,54.8683288196041],[-3.39709391625793,54.8695948681239],[-3.39611243000268,54.8703084978517],[-3.38658187522835,54.8755780211432],[-3.37939090225213,54.8824615641269],[-3.36698781532365,54.8914698718355],[-3.3388444593,54.9002339966993],[-3.33568976536044,54.8988955346487],[-3.33513221177873,54.8986589598612],[-3.33694528212834,54.8981099435095],[-3.35760798578794,54.8918501011012],[-3.35252955249482,54.8868631833115],[-3.35309024804887,54.8898172962334],[-3.34827440041409,54.8879530233053],[-3.35477129687373,54.890986667544],[-3.34977373169208,54.8935802731456],[-3.34870663008551,54.8890392504518],[-3.34171019398684,54.886970655964],[-3.34171822603374,54.88901691696],[-3.34866475721358,54.8895124381336],[-3.34730740003196,54.8913995343654],[-3.34570628396691,54.8913543633819],[-3.34480176737261,54.8944847447581],[-3.34454833196745,54.8945028256468],[-3.3397576350783,54.8962695805921],[-3.33342456737581,54.8893617149367],[-3.3308418876216,54.8906113854239],[-3.33261854123552,54.8887019524161],[-3.32835731188112,54.8872190474016],[-3.32950369857334,54.8910823595274],[-3.32964972018149,54.8915743984668],[-3.32746210321755,54.8909815400026],[-3.32246838629944,54.8896279971622],[-3.3265003023212,54.8865482409522],[-3.32098248094675,54.8896702603292],[-3.31951981095126,54.8868013085157],[-3.31152010911656,54.8882666408898],[-3.30916322585398,54.8851052361823],[-3.30878055328947,54.8874397099612],[-3.30772789444065,54.8835299879712],[-3.30220359786019,54.885130644305],[-3.28857241018942,54.87232663464],[-3.29447764439874,54.8787578819254],[-3.28581143400931,54.8753270672022],[-3.28960036277855,54.8802135317691],[-3.28362836022977,54.876674482589],[-3.28193064196865,54.8756682352406],[-3.28565097177588,54.869645151179],[-3.28708659596689,54.867320421586],[-3.28193492989162,54.8615162413283],[-3.28352836377207,54.8649508561893],[-3.28424583165474,54.8664971416693],[-3.28457764787393,54.8672122305775],[-3.27935946833655,54.8699759788493],[-3.28356101026101,54.8693501514134],[-3.27779606202373,54.8777914238777],[-3.2836348139766,54.8803468190176],[-3.28114739671554,54.8832049382209],[-3.28661982480119,54.8884188495772],[-3.27997601247431,54.8840171445534],[-3.28804736111497,54.8926061043152],[-3.27513345765543,54.8917403152179],[-3.27769746474912,54.8910712545323],[-3.27794422489005,54.8863131522646],[-3.27533864145033,54.8905869449398],[-3.27716984497175,54.8855870776432],[-3.27245751372725,54.8910826748199],[-3.27337696805864,54.8872652349316],[-3.26641037750992,54.891699498796],[-3.26801126001016,54.8881652885918],[-3.26299626989803,54.8884745711342],[-3.2661650640217,54.885669983694],[-3.25997499142893,54.8905244380037],[-3.26641660911663,54.8900602021396],[-3.2590696854827,54.8922404573232],[-3.26454479728613,54.8920209016066],[-3.26086830667046,54.8954634009468],[-3.25775141763004,54.894416390863],[-3.25737115058053,54.8977248399005],[-3.2534051716131,54.8954481632983],[-3.25543336484124,54.9010988665325],[-3.25162743600904,54.9029337116466],[-3.25260711088384,54.8975179431382],[-3.24908798665522,54.9015094291796],[-3.24857148356286,54.9020951861064],[-3.24911479608704,54.9023752344502],[-3.25480800565608,54.9053093982609],[-3.25537508579399,54.9100998788292],[-3.25065252667829,54.911780629501],[-3.24938495669353,54.9110974261822],[-3.24120813798221,54.9066893461129],[-3.24474391445526,54.9103755670909],[-3.2326997304623,54.9090820401922],[-3.22157929063997,54.9018017879801],[-3.20971340199137,54.9038985321056],[-3.21134953413904,54.9044229896971],[-3.21451816165581,54.9054385822324],[-3.22123354326476,54.902382203979],[-3.23367235663409,54.9113698544505],[-3.24763251184629,54.9138966643687],[-3.24853012231641,54.9135369104651],[-3.24944912950967,54.91316856557],[-3.26223361262151,54.9080430503641],[-3.27457834413011,54.9030913344506],[-3.30314004688141,54.9091591272714],[-3.31369507323501,54.914895022962],[-3.31347584927487,54.9188930587472],[-3.30203875175872,54.9277035812438],[-3.28330649706739,54.9421233213207],[-3.26533730559232,54.9430343295852],[-3.26893828529529,54.9370735217366],[-3.26492857880515,54.943141953786],[-3.25041219403299,54.944221231262],[-3.2478672573942,54.9444102597547],[-3.23220190321563,54.9532200155468],[-3.20439217458803,54.9538753136407],[-3.18600124446938,54.949933966748],[-3.17665321996487,54.9418154625449],[-3.15704078594456,54.9378258476821],[-3.15515603326401,54.9323582479535],[-3.14438409581033,54.9292913004709],[-3.13796409463066,54.9274627324061],[-3.12171884311388,54.9284576165394],[-3.11972568606894,54.926282706699],[-3.11956449108739,54.9261068010208],[-3.1188703594269,54.9253493029207],[-3.1181023129491,54.9277557871888],[-3.10020154855272,54.9283784182118],[-3.1042968378528,54.9285101953972],[-3.1018858936523,54.9296844160868],[-3.09720610169279,54.931963319681],[-3.07288851056845,54.9371518725347],[-3.06290248660038,54.9452746029904],[-3.05019304371727,54.9459988553094],[-3.05217339318812,54.9429208995421],[-3.04696150649681,54.9456447944442],[-3.04161041945455,54.9457221769834],[-3.04075903192537,54.9457344667605],[-3.04063794216366,54.9457362142774],[-3.02077346822045,54.946021259018],[-3.00960779179728,54.9461800543532],[-3.00260778755777,54.9377923591647],[-3.00454756070861,54.9342483963713],[-3.00638744634778,54.9308863316282],[-2.99586234280445,54.9359228945962],[-2.99981186966045,54.937242959598],[-3.00080114293566,54.9375735743475],[-3.00803378880629,54.9470414539412],[-3.04003029496358,54.946088888263],[-3.04251707725256,54.9493962810584],[-3.0442255606408,54.9474836360951],[-3.05578353330732,54.9503988324811],[-3.05004083228414,54.952437316271],[-3.0565158749232,54.9509388308444],[-3.05498775059172,54.9536373471432],[-3.06650780892487,54.9486543400391],[-3.07694900024309,54.9521264371639],[-3.06857099393636,54.9489175212088],[-3.07466149110533,54.9486787514903],[-3.07169589860938,54.9464222488096],[-3.08284312531344,54.939975279672],[-3.10063080821579,54.9393014293987],[-3.09473689106742,54.9379321079068],[-3.11012101650945,54.933391759778],[-3.12978499956331,54.9344049025944],[-3.11563762181978,54.9375991726999],[-3.12411912072778,54.9366331347846],[-3.1206267908758,54.940537772438],[-3.12864891248227,54.9380326349746],[-3.12600592465561,54.9401420740199],[-3.13111868505206,54.9476102225377],[-3.12094057614418,54.951926470638],[-3.11505832537117,54.9470675555619],[-3.11596563103182,54.9523703927297],[-3.10873070167649,54.9491150648882],[-3.11372187111771,54.9533336756462],[-3.10332248589226,54.954596733248],[-3.11596225272951,54.9569266469291],[-3.11626886091227,54.9606623002016],[-3.10867205724958,54.965927058987],[-3.09499221603312,54.9662181440186],[-3.10850604657933,54.9676701457996],[-3.1040230149421,54.9713739064015],[-3.07568371668852,54.9675974119312],[-3.06954623407527,54.971353156142],[-3.07233510669036,54.9748819112585],[-3.06408073805378,54.9802978785087],[-3.06270649709881,54.9775482910303],[-3.05841740623839,54.9830657811795],[-3.06093903884012,54.9772977299394],[-3.0565984490646,54.9828263605182],[-3.04920262587064,54.977200073957],[-3.0537388087515,54.9760231228285],[-3.04237204776661,54.974677878908],[-3.04028151484511,54.9700318920088],[-3.03787220547378,54.9740576083455],[-3.05103789079355,54.9849494978733],[-3.04175348151554,54.9796284478325],[-3.04688999810345,54.9846941530125],[-3.05637174194796,54.9865667699402],[-3.05639300834839,54.9866593513123],[-3.0258749316412,55.0364588169844],[-3.05341969195431,55.0472840380947],[-3.05105196349537,55.0527359605647],[-2.95859356798911,55.0492945920762],[-2.93640742375778,55.0595859281934],[-2.93939843402862,55.069714852168],[-2.89704669119711,55.0778720526317],[-2.87073547004113,55.106340098517],[-2.84486932815568,55.1115859610345],[-2.82550257520544,55.1383140722935],[-2.7848482544576,55.1417914408718],[-2.70347661666498,55.173173160778],[-2.68978972314827,55.1889838768114],[-2.67455532373979,55.1758914671104],[-2.67732441001798,55.1554875886212],[-2.65693941785208,55.1361318311632],[-2.59890282488408,55.1245757167589],[-2.59353940991365,55.1050960593852],[-2.5684260078781,55.0962614140758]]]]},"properties":{"ITL125CD":"TLD","ITL125NM":"North West & Merseyside"}},{"type":"Feature","geometry":{"type":"MultiPolygon","coordinates":[[[[-0.546408375512733,53.6899338464485],[-0.525111149700828,53.6852837523602],[-0.520604423154002,53.685677021068],[-0.525229009558624,53.6831863809047],[-0.535830514281413,53.6812718216731],[-0.534320305553291,53.683383699103],[-0.54357294197637,53.6828773046194],[-0.558599802283928,53.6894870642899],[-0.546408375512733,53.6899338464485]]],[[[-0.744657289649001,54.5285401642298],[-0.731290023249869,54.5279153719394],[-0.721545473519739,54.5309638104356],[-0.720198904710646,54.5310849487414],[-0.720091599441084,54.5314185262986],[-0.716636669818982,54.5324989855976],[-0.71218151222954,54.5330922626202],[-0.693713316663246,54.5203901822626],[-0.682377849149916,54.5196731396808],[-0.677522516057554,54.5160964984575],[-0.677143198655782,54.5139757389626],[-0.67315847479233,54.5128810711951],[-0.672669483955875,54.5125207410111],[-0.675089283346688,54.5060466015059],[-0.67027867888638,54.5007549178771],[-0.640197779443803,54.4956697028427],[-0.639997776227128,54.4956358628561],[-0.617522378845808,54.4915692963113],[-0.61423697920528,54.4909744376891],[-0.613227282172212,54.4937978008994],[-0.613092152295766,54.4937779233124],[-0.613068949901058,54.4937140182626],[-0.61327057175806,54.4897029122726],[-0.613411306290521,54.4869025511028],[-0.612877256914463,54.4908187816539],[-0.612642556442935,54.4925396109843],[-0.612453871242038,54.4920198976649],[-0.612362645259961,54.493011854932],[-0.611683816334919,54.4920380406136],[-0.612146056465579,54.493638745942],[-0.611904015081048,54.4936031381954],[-0.611334122955499,54.4929134178872],[-0.609896454587984,54.4910445891339],[-0.609837426184403,54.491037752987],[-0.609346431860803,54.4905075845319],[-0.593332412332016,54.4878372258877],[-0.592702096235459,54.4880263623988],[-0.592422569012436,54.4881102368287],[-0.589569959217057,54.4889661337841],[-0.588164026431606,54.4886397456125],[-0.585220563172056,54.4838832183239],[-0.572526590929497,54.4806650482347],[-0.567574845760856,54.4775868499339],[-0.56343839145346,54.4730589565177],[-0.556948758655429,54.4651205919741],[-0.526459901633784,54.4495194683173],[-0.52747674778623,54.4384041432949],[-0.531667453804413,54.4362922487716],[-0.531109728814527,54.4255089297409],[-0.522785329106211,54.4162747290661],[-0.502789279559828,54.407371246322],[-0.491471132845962,54.4079116621225],[-0.485381371945358,54.4045533262234],[-0.483631188262113,54.4026651553047],[-0.482394551272063,54.4023172980181],[-0.47670831201493,54.3997689702072],[-0.476128827293178,54.3994492499666],[-0.469116106726791,54.3940432378352],[-0.468189989244367,54.393064654649],[-0.461674641791293,54.385771136883],[-0.461639780836586,54.385732104874],[-0.461604919981113,54.3856930719567],[-0.458807885867095,54.3825610618979],[-0.448518765041192,54.3664526880092],[-0.447078167145105,54.3597903660661],[-0.446985139391397,54.3593600759569],[-0.441864394094513,54.3560275525055],[-0.432701764524152,54.3416636490676],[-0.432634531991137,54.3401434909134],[-0.430664425945491,54.3399078481621],[-0.418867426383482,54.3336561742296],[-0.417052817354389,54.3314652381217],[-0.421601051529921,54.3259981340163],[-0.418870688230642,54.319887414635],[-0.418825743622271,54.3195540742815],[-0.417605864530287,54.3105044589646],[-0.412259677308492,54.3076733229684],[-0.412021646250462,54.3074674073961],[-0.411565997340204,54.3068946935917],[-0.411376366358623,54.3069091778602],[-0.411282368831237,54.3068278592647],[-0.410755279831088,54.306876539358],[-0.409799716030484,54.3063704121011],[-0.409028043231501,54.3032199879045],[-0.409490738151108,54.3025403454538],[-0.407321854894871,54.296252879086],[-0.406902537562412,54.2945540474183],[-0.40669776841721,54.2944433315924],[-0.405890573536069,54.2921025909404],[-0.396806649205536,54.2880309408416],[-0.395430006317274,54.2884515209555],[-0.395178008734759,54.2883256637405],[-0.395137196949791,54.2883121710139],[-0.39384581871456,54.2889354733779],[-0.391413962494274,54.2896783067968],[-0.39104107273342,54.2897922032056],[-0.390202165870319,54.2898785269579],[-0.385769431369776,54.2886364229625],[-0.38523244753466,54.2875554542088],[-0.387527087454952,54.2842538674876],[-0.397198626833328,54.279432623006],[-0.397118454913818,54.2787608730328],[-0.397114738367496,54.2787297331523],[-0.396598182541091,54.2744010851405],[-0.387810981861816,54.2682231095164],[-0.36882586931884,54.2502115043196],[-0.369505123760274,54.2493254801055],[-0.363890554746246,54.2450950743591],[-0.350390387984304,54.2408799006973],[-0.345825603767872,54.2415562098737],[-0.334727614526788,54.2383311954903],[-0.31397035179106,54.2320159183523],[-0.312710986534603,54.2286240697203],[-0.302547373185226,54.2271942910554],[-0.259259432499059,54.2158784453962],[-0.275394771128287,54.2176691265164],[-0.280133637094091,54.2149136740316],[-0.285069908012207,54.2035489444497],[-0.285226577271916,54.2031881126219],[-0.282750812700331,54.1950775305183],[-0.275281527618684,54.1875006651139],[-0.274530415766336,54.1860092375142],[-0.274512265378083,54.1859742204776],[-0.272191890223111,54.1843655921956],[-0.264452670666596,54.1765101399499],[-0.263254665529301,54.1759538285314],[-0.232852441201026,54.1618271575338],[-0.21260063659496,54.157606197499],[-0.210764594097534,54.157324776099],[-0.147536091856146,54.1422501893367],[-0.144336101840824,54.1410726325037],[-0.144027082742746,54.1409723224565],[-0.136777001144208,54.1386185320781],[-0.126402957146894,54.1348084054807],[-0.125930999857961,54.1347183933888],[-0.125754662553233,54.1346543657684],[-0.122895394278954,54.1341098272806],[-0.113646167363796,54.1311042670972],[-0.110957672641625,54.1318354249072],[-0.107827749406132,54.1312388675541],[-0.106652845732454,54.1296272537234],[-0.10439388334791,54.1305842677455],[-0.0968016173443425,54.1291365302012],[-0.0876182733771496,54.1235944658635],[-0.0780371674347587,54.1160836766988],[-0.07745637885495,54.1149557820906],[-0.0857299727222175,54.111114848612],[-0.105149133914301,54.1040103538546],[-0.140362192246847,54.1043832980387],[-0.164806205165983,54.0995799200141],[-0.166461256398675,54.0983360583752],[-0.183786441695684,54.085309263695],[-0.183820927589165,54.0852833235817],[-0.184728007200933,54.084600996965],[-0.184752982767388,54.0845261916489],[-0.190014114232642,54.081151689841],[-0.19118582166173,54.0812001152705],[-0.190376037007232,54.0809195216211],[-0.191870697129215,54.0799606832725],[-0.1921566350738,54.0799812499103],[-0.193034058129892,54.0788863650561],[-0.198424021765174,54.0779186383578],[-0.208530564194227,54.0638167130594],[-0.208547268716687,54.0637579723706],[-0.215782592214267,54.0382982007469],[-0.215280435365951,54.0227594223835],[-0.215056738521342,54.015834896736],[-0.210779666944471,54.0065677534814],[-0.210716883490835,54.0064462090009],[-0.210524109487386,54.0060435734544],[-0.189265247000427,53.9600581380844],[-0.189015374141101,53.9596288714555],[-0.173700828359774,53.9333008392458],[-0.153965034285028,53.8993206911935],[-0.142132159463466,53.8874248232068],[-0.128170898330497,53.8712991629594],[-0.110670323191661,53.8557573713081],[-0.101814308553969,53.8468334651991],[-0.101648491093998,53.8466663341318],[-0.101530908865809,53.8465478195283],[-0.0954686017463823,53.8411374407218],[-0.0447117182891563,53.7957771460275],[-0.0442714974922277,53.7953832122577],[0.116999388408663,53.6622591249029],[0.117250966291247,53.6618506036618],[0.119787535900109,53.6577311686029],[0.141776539465768,53.621985629392],[0.144992743227384,53.6108028075213],[0.145857874127624,53.5989611154959],[0.141762505315534,53.5954159661681],[0.112896651109966,53.5747345232009],[0.111134996062378,53.5734714118691],[0.113415373601368,53.5785220849322],[0.137202440564732,53.592699657871],[0.142047140119261,53.5962608783514],[0.145277307007693,53.6058468698198],[0.144688573137885,53.6085617955961],[0.124564050067233,53.6234154209604],[0.115513383586415,53.6271317328903],[0.0892392031458802,53.6379127538816],[0.0344835459387662,53.6492119952179],[0.019476619775574,53.6452506894128],[0.000576480566651833,53.6548606853263],[0.0173273886953013,53.6449156449167],[-0.0496809524193124,53.6321006896889],[-0.0538014838796825,53.6292146061587],[-0.056993793697097,53.6293838088772],[-0.103546755829809,53.6353418765989],[-0.124927139497302,53.6458124366865],[-0.130765634770085,53.6520970364271],[-0.130790357765193,53.6521236438163],[-0.132503404838851,53.6512250790395],[-0.133381686689794,53.6507843619891],[-0.139367540614961,53.6544922863991],[-0.151321275088268,53.6622232138936],[-0.16943088526352,53.6739277735657],[-0.173697985169477,53.6803169656547],[-0.184388099800018,53.6866946831364],[-0.210113909377048,53.7020309978029],[-0.227254981760063,53.7084938197356],[-0.236940426960676,53.7267052003917],[-0.235336509128956,53.7283770368734],[-0.243194652524143,53.7295764729241],[-0.242770216361124,53.7388085054046],[-0.243048048285932,53.7389279726893],[-0.243167776819211,53.7387994815966],[-0.243285082392321,53.7386735905174],[-0.245242629594788,53.736492195442],[-0.250250989029538,53.7333170526206],[-0.273243784773328,53.7409107089215],[-0.307204937877199,53.7419577175076],[-0.308866861335128,53.7417071411748],[-0.331134806461275,53.7383471870489],[-0.331103569130292,53.7385939962524],[-0.32695976581487,53.7446315527936],[-0.329973183512103,53.7475229235611],[-0.330231957518233,53.7477711959483],[-0.332635073170785,53.738290503106],[-0.384620193513062,53.7243475896124],[-0.396704970782307,53.7231951071622],[-0.396953642821273,53.723155160283],[-0.418969672771267,53.7196149037518],[-0.419205999581549,53.7195768864881],[-0.431982494037863,53.716824739485],[-0.434122356742572,53.7189849584999],[-0.434176024387595,53.7161944511042],[-0.447459519589752,53.7138639939051],[-0.463263622905399,53.7167493484999],[-0.464447031825056,53.7167358146134],[-0.486189042977969,53.7164850778232],[-0.486747220804939,53.716478588996],[-0.54255251540347,53.7084426900869],[-0.558576588921484,53.7115197285787],[-0.55920037838788,53.7116394602592],[-0.585354396382515,53.7271761697445],[-0.620730516014218,53.7302285873767],[-0.636989422503798,53.7277327114245],[-0.637838288512636,53.7275821601324],[-0.672996309752412,53.7213403426831],[-0.687279326995338,53.7078813830732],[-0.700123518700436,53.7037597992973],[-0.742598638987552,53.7069814830198],[-0.779052120573226,53.6974662915483],[-0.789652372073198,53.7029339422733],[-0.794093339293045,53.7052239105619],[-0.80255167490414,53.7048066171595],[-0.811885120280041,53.7043454493472],[-0.789777762957166,53.6985611626528],[-0.775042839074174,53.6947026943221],[-0.753001777748803,53.7013039204036],[-0.744372325533886,53.7034437765034],[-0.730587335042768,53.7043281705669],[-0.699975897211583,53.6988664804249],[-0.699897323849444,53.6961572993361],[-0.699725328190598,53.6956934040488],[-0.698493610813827,53.6846112510452],[-0.696202481006465,53.6895874094815],[-0.694941995673697,53.6923245839236],[-0.691396226568171,53.6967767050697],[-0.611423103252438,53.7146028991693],[-0.584326412874844,53.6961816019525],[-0.586254450924243,53.6933387517271],[-0.583502854508105,53.6954024028612],[-0.548710346068903,53.6796246350728],[-0.525538761492673,53.6779805087405],[-0.503401763243773,53.680856396478],[-0.489943783893544,53.6891601628242],[-0.488635403495871,53.6899671918228],[-0.487115726996997,53.69065853552],[-0.470491491336252,53.6982186748616],[-0.443008085268306,53.6954645107765],[-0.442545946999724,53.6973955888123],[-0.407983571254342,53.6985832797034],[-0.407893376117013,53.6985863696666],[-0.406520540017006,53.6986333858381],[-0.395161311122574,53.7000742221864],[-0.393535097452903,53.6968748633302],[-0.393341927914811,53.7003573399318],[-0.387650816742898,53.7021804725248],[-0.361556952959579,53.7038923601093],[-0.332440331720814,53.7113410172093],[-0.289364002000774,53.7131988210608],[-0.26641783041436,53.6953895739259],[-0.263924166660674,53.6914988371612],[-0.268172702696113,53.6900528047568],[-0.262768615416126,53.6902101070823],[-0.240739461026745,53.6668119935623],[-0.237885825994899,53.6635975912264],[-0.237855982165026,53.6635711532267],[-0.220447056060404,53.6520316689962],[-0.204635434798451,53.6380876409675],[-0.204422800569946,53.63790004551],[-0.189183392599416,53.6312865571509],[-0.18805670461559,53.6305384110523],[-0.176668142553111,53.6255960394097],[-0.175142430170526,53.6242406828083],[-0.172256395200435,53.6236808443342],[-0.151565976209195,53.614694408482],[-0.130440620575102,53.6013494295469],[-0.129335974577611,53.6006512837412],[-0.111538247268159,53.5900483558154],[-0.0946292065298051,53.5817652810972],[-0.09431335795701,53.5816105509021],[-0.0932145186275363,53.5810722308444],[-0.0928209288271333,53.5813248652995],[-0.0922781112312654,53.5816713005181],[-0.0794577311451485,53.5769301919829],[-0.0711407025595288,53.5823159891121],[-0.0698040014794085,53.5831813859772],[-0.0685643810431782,53.5830810766749],[-0.0602285028280816,53.5815780703904],[-0.0518683369436247,53.5766201326976],[-0.0509869583969289,53.5760684618422],[-0.0282204995285429,53.5618113180287],[-0.0281401003252131,53.5617609450903],[-0.020185368079946,53.5553194548615],[-0.0201440909914824,53.5552859571109],[-0.0196679544300776,53.5548995506016],[0.00847131185225549,53.535129381495],[0.00885275349766781,53.5348612149615],[0.0149702812770375,53.5279599585584],[-0.0147992888545281,53.5153685728982],[-0.0652891253341398,53.5185880312365],[-0.0752620038904992,53.4893357399272],[-0.0954884503108306,53.4859889965573],[-0.0898037355375292,53.4776824153005],[-0.10782063241139,53.4698627577246],[-0.0822093450711557,53.4511510063818],[-0.120343715760136,53.4335649233719],[-0.144500351665103,53.4409034035166],[-0.153680016923717,53.4656777580012],[-0.181804717740498,53.4686494122524],[-0.188565229273785,53.4845380584939],[-0.210604976147154,53.4862884751414],[-0.204086448790055,53.5117673428116],[-0.210589579218055,53.5317064650029],[-0.219882527217496,53.5326064916734],[-0.191692269491797,53.5684652895759],[-0.222558901329779,53.5680169282635],[-0.234668675193634,53.586250419398],[-0.251395553409818,53.584653076988],[-0.24847604907361,53.5936636925887],[-0.300930360808405,53.6163880602418],[-0.303423841813591,53.5907900998412],[-0.335938821094677,53.5586265922375],[-0.41696297298743,53.5632146898956],[-0.429001046046789,53.5745247151217],[-0.467018371437879,53.5489606923849],[-0.490926930402738,53.5458749237782],[-0.50125785289296,53.5374615766105],[-0.430664749921137,53.5463371564568],[-0.408257020255535,53.5323449991165],[-0.405074524830151,53.5176169033637],[-0.487638685249183,53.5052454943431],[-0.486630004727343,53.4804701677829],[-0.471749465254693,53.4748729017697],[-0.551788631166795,53.4595199872907],[-0.629752674978015,53.4582189924615],[-0.624491104429227,53.5128392148578],[-0.739591684118626,53.5199359490779],[-0.752113860480161,53.500530608656],[-0.768109606084077,53.4989256083412],[-0.771568244935175,53.4792015606648],[-0.784388777567045,53.4766692157187],[-0.784364875033277,53.4633795465991],[-0.797483349537156,53.4550644469113],[-0.871919281432214,53.4663108039549],[-0.916249020723134,53.4602956897155],[-0.920246794246959,53.4655076505704],[-0.9004706270826,53.4751558672792],[-0.935564625288195,53.5025165293909],[-0.953259205587141,53.4844235292892],[-0.985978085087804,53.471673371995],[-0.995669798894032,53.4369266843309],[-1.01434673955409,53.4262954965662],[-1.03051529485536,53.4251953103943],[-1.0309498187762,53.4309795264014],[-1.08043943279743,53.4268678599403],[-1.11608317055844,53.4073496657826],[-1.11557938044441,53.3971857499007],[-1.13460768887929,53.3900315644246],[-1.13053708984926,53.3755712195116],[-1.14603291441165,53.3690411457852],[-1.13853968203233,53.3559075142163],[-1.16261328765896,53.356843862023],[-1.15684339220656,53.344969500268],[-1.14100746087464,53.3467476780075],[-1.13871810210376,53.3413828117799],[-1.1924158097994,53.3189898141126],[-1.2032390468772,53.3042232405841],[-1.23068793446757,53.3085597350777],[-1.2438683827737,53.301569792195],[-1.29464722919078,53.3143819067415],[-1.28858902654107,53.3262280549039],[-1.30597310643514,53.3337698483408],[-1.31495818392184,53.326521484676],[-1.32830019566931,53.3289742096465],[-1.3377510519613,53.315848052015],[-1.38683300477939,53.3176505913393],[-1.3865715460456,53.3349025072696],[-1.40874684512064,53.3419650586082],[-1.45988027916359,53.3306893691217],[-1.45522358182387,53.3218691412009],[-1.4679128327397,53.3171200557715],[-1.50213193956548,53.3175820764004],[-1.53714140318818,53.3047033893617],[-1.56172989361096,53.3064113177333],[-1.56173104513262,53.3159708929528],[-1.58053389587991,53.3117380892291],[-1.58490201019108,53.3215879523676],[-1.59900458569526,53.3113277872523],[-1.6092015844932,53.3226639610628],[-1.62812064882607,53.3162973139066],[-1.61230306160512,53.3432186697883],[-1.59058672836955,53.3459588598842],[-1.66254430742755,53.3660727649314],[-1.65461081618027,53.3929530702989],[-1.69485273774569,53.4012761298023],[-1.70436472917241,53.4153491208864],[-1.72995113840574,53.4159856394055],[-1.74657253202956,53.426017250077],[-1.74528551665239,53.4621249958085],[-1.80147063244941,53.4809917607504],[-1.79603746177152,53.5026410934739],[-1.81039889127308,53.5063401493489],[-1.80077865319122,53.5113785292377],[-1.81952377656311,53.5134280919329],[-1.82715106039428,53.5235079174762],[-1.84182082823365,53.5199087802658],[-1.87349262570415,53.5404296508189],[-1.89410949217378,53.5336117793005],[-1.90962083195551,53.5383909865468],[-1.9128846428011,53.5516436149553],[-1.94272585126694,53.5616412941119],[-2.00947078713106,53.6167795111392],[-2.02435483723712,53.6171343949866],[-2.05124217318775,53.6836917586463],[-2.08307752388252,53.6781042622115],[-2.08726453572912,53.6707514024823],[-2.1180850077117,53.6712452241623],[-2.13412727234523,53.6857340290757],[-2.14353550696343,53.678497675891],[-2.14525470704119,53.6922949164993],[-2.16260484052451,53.699200201728],[-2.17329132180093,53.7230096469322],[-2.13083482347585,53.7520705652718],[-2.12835851818789,53.7990313038972],[-2.04692463706631,53.8295102819506],[-2.04613032171259,53.8501412464577],[-2.08991499194819,53.8681819729435],[-2.08144705819635,53.8756803214603],[-2.10301894796253,53.8909412971484],[-2.11309296486617,53.915439302302],[-2.13222410689956,53.9265088512197],[-2.18227343100205,53.9354059641897],[-2.1960183674942,53.9695758455163],[-2.22567381467208,53.9611195240562],[-2.23209923454447,53.9712160508476],[-2.22111218452458,53.9779017078813],[-2.23039881478544,53.9815667896336],[-2.29451918094864,53.9744631577094],[-2.31917729442185,53.9938205142511],[-2.33999932342476,53.9894768973423],[-2.35219961279232,53.9946235107344],[-2.35228494459096,54.0105532697488],[-2.33956433043647,54.0093207230696],[-2.35732329416741,54.019117094779],[-2.37407297715162,54.0490890614635],[-2.42582648982368,54.03809491029],[-2.4643555540214,54.0430463312627],[-2.46434741774283,54.0752794330057],[-2.50952601849528,54.0954253307687],[-2.52400965394564,54.0946224801854],[-2.56474222741882,54.1268638437646],[-2.56050449737639,54.1530521184271],[-2.53397895530311,54.1576927137726],[-2.46086273483392,54.2267161360628],[-2.40563193679838,54.2249151689987],[-2.39677965225249,54.239381080598],[-2.37302060410132,54.2400989043776],[-2.36231711509247,54.2497526297027],[-2.34805240648407,54.2378066823428],[-2.32564664212512,54.2414383484097],[-2.31549577489661,54.2700755431875],[-2.32589176655811,54.2796929168974],[-2.31719184100725,54.2871656656679],[-2.3230323098134,54.311082787262],[-2.30984140863991,54.3243149783909],[-2.36771223910638,54.3560706152439],[-2.34464790841351,54.3596285107861],[-2.31704255658246,54.3763105185636],[-2.2974404079712,54.3768987653342],[-2.29170338915819,54.3906297025826],[-2.30544502560032,54.3970864180789],[-2.30814588994671,54.4197937724531],[-2.29286520125281,54.4393074918431],[-2.24953922329874,54.4519434362394],[-2.18931554536681,54.4489784740485],[-2.17750847989225,54.4616256756333],[-2.17021302340634,54.4581987855746],[-2.11659617374357,54.4622634788675],[-2.04319843418637,54.4835994484301],[-2.04472952149334,54.4751862741994],[-1.99676437249469,54.4669034492372],[-1.97005959181258,54.4515215419127],[-1.94254323627035,54.4533953549934],[-1.85912998438283,54.4818579033168],[-1.85780051144888,54.5035397952873],[-1.83943329269054,54.5084372364891],[-1.79297648414091,54.4844924296004],[-1.77613231485782,54.5067285050585],[-1.77969652861129,54.5318729948094],[-1.73309136190533,54.5277364132303],[-1.72031664601336,54.5423479518656],[-1.65793716561516,54.5345889230914],[-1.65467519937522,54.5246500970582],[-1.63377378148266,54.5253643798481],[-1.63344443619249,54.5141122922505],[-1.61148472706396,54.5200007878436],[-1.60249810301447,54.5104886371089],[-1.58106853741621,54.512845659506],[-1.5918807025688,54.5043008614548],[-1.57921485380735,54.5051876853776],[-1.58298032825201,54.4971007337083],[-1.55519520906131,54.484978191684],[-1.54582496831421,54.4712759743885],[-1.51969374190879,54.4711152253795],[-1.52883695102378,54.4848137386155],[-1.51413191899894,54.4837750921411],[-1.51134080604103,54.4750122616584],[-1.49177548206257,54.4862004926085],[-1.49878945098745,54.4753428296909],[-1.475464579469,54.4739075698749],[-1.46173081168957,54.4511495524101],[-1.45847354349528,54.4928394157223],[-1.4755981278124,54.4983394708556],[-1.46159285681954,54.5042966095373],[-1.41788675584371,54.4770861945626],[-1.40689898034555,54.4936285267439],[-1.39505004776972,54.4856799730286],[-1.38101055095849,54.4940289315591],[-1.37256157635986,54.4723074618139],[-1.36441713758622,54.4659524096737],[-1.34491503450455,54.4724080092533],[-1.34390824026251,54.4641506390909],[-1.30043052365099,54.4758220056787],[-1.28109315435744,54.4905672487205],[-1.25740307371,54.4873218300283],[-1.25667466779605,54.5011079136759],[-1.23060453308383,54.5118815664864],[-1.11848820769395,54.4981930697182],[-1.09473696863192,54.5066956099133],[-1.0368514550928,54.4940440605226],[-1.00340105305077,54.5030121002798],[-0.952589374508347,54.4880153432179],[-0.880825023321814,54.4970468612461],[-0.848530740694743,54.4879729376572],[-0.848647297024731,54.5300038297076],[-0.827081463556422,54.5485187060854],[-0.80041918962436,54.5510109262824],[-0.791891321622779,54.5582385423252],[-0.784481458642642,54.5578806158655],[-0.774196069082581,54.5533942030387],[-0.774184063692499,54.5532527230065],[-0.765205324686862,54.54870096478],[-0.765668047930431,54.5481042544744],[-0.767257297448893,54.5464238363736],[-0.764852233974672,54.5457577663052],[-0.750948043643314,54.5419057191702],[-0.747332196023069,54.53422449648],[-0.748544889243957,54.5331480590569],[-0.746760748233522,54.5314831104945],[-0.745476430478725,54.5302810575968],[-0.744657289649001,54.5285401642298]]]]},"properties":{"ITL125CD":"TLE","ITL125NM":"Yorkshire & Humberside"}},{"type":"Feature","geometry":{"type":"Polygon","coordinates":[[[-0.24847604907361,53.5936636925887],[-0.251395553409818,53.584653076988],[-0.234668675193634,53.586250419398],[-0.222558901329779,53.5680169282635],[-0.191692269491797,53.5684652895759],[-0.219882527217496,53.5326064916734],[-0.210589579218055,53.5317064650029],[-0.204086448790055,53.5117673428116],[-0.210604976147154,53.4862884751414],[-0.188565229273785,53.4845380584939],[-0.181804717740498,53.4686494122524],[-0.153680016923717,53.4656777580012],[-0.144500351665103,53.4409034035166],[-0.120343715760136,53.4335649233719],[-0.0822093450711557,53.4511510063818],[-0.10782063241139,53.4698627577246],[-0.0898037355375292,53.4776824153005],[-0.0954884503108306,53.4859889965573],[-0.0752620038904992,53.4893357399272],[-0.0652891253341398,53.5185880312365],[-0.0147992888545281,53.5153685728982],[0.0149702812770375,53.5279599585584],[0.0164201827845139,53.5263239364027],[0.0164658104036785,53.5262724499008],[0.0172744329352632,53.5253599622783],[0.0219796923201741,53.5199035936093],[0.0323910752347674,53.5179443434054],[0.0393860680309263,53.5115855229358],[0.0382731299524353,53.5138399945592],[0.0495407089049103,53.5118231960762],[0.0523173731151787,53.5136661226986],[0.0523778338732123,53.5139186150515],[0.0612465115947415,53.5143233216864],[0.0514035649103361,53.5143578618169],[0.0574917138522423,53.5177340984069],[0.0473833504052355,53.5146596665997],[0.0508892901481339,53.5194217317513],[0.037764221072505,53.5267195905905],[0.0563459957233678,53.5191517979704],[0.056576922143064,53.5212721279288],[0.0699250406638598,53.5175670232681],[0.0705704838983745,53.5137881293325],[0.0778054595431449,53.5112532424887],[0.0824909246195165,53.5126892025542],[0.0794589650691427,53.5166571160831],[0.0849996736028064,53.5163573925865],[0.0896748487799423,53.5106056808732],[0.0837627895843165,53.5117751749357],[0.0782807167891676,53.5073100061695],[0.0849958704864657,53.496967055967],[0.0850488327266446,53.4969478431546],[0.0931288257797784,53.4940161251402],[0.0900042535753851,53.4926433805033],[0.0957583216902167,53.4947242890296],[0.096544594077181,53.4913167313446],[0.101770960701664,53.4927783809474],[0.0925701125656309,53.4891865754296],[0.0972466206271307,53.4882801805637],[0.101886490556781,53.4922180701656],[0.0993066066763707,53.4897030704904],[0.102838149295508,53.4915558360994],[0.104907796849098,53.4877453112051],[0.105056725578546,53.4878639254581],[0.105675054779581,53.4885984656256],[0.107587440476716,53.4854847616431],[0.108467723375028,53.4874735175084],[0.108557616148482,53.4874417725564],[0.118779556910812,53.4838312201266],[0.108651528105328,53.489336744307],[0.104190003288958,53.4917612787592],[0.108670911901127,53.4897278401616],[0.12153020351242,53.4838902855225],[0.110035650252343,53.4894421023669],[0.115847129063787,53.489751959713],[0.11237910146627,53.4911600846785],[0.117913519959526,53.4945583323976],[0.109362198920338,53.5036718539703],[0.10878651191317,53.5042852287851],[0.109384344478106,53.5041184077124],[0.121349290726328,53.5007787627524],[0.121800008110846,53.4981492205864],[0.125807525632776,53.4996251792121],[0.136308052010239,53.4956988571327],[0.132042478097478,53.4964727096362],[0.127572034083174,53.4905038122357],[0.1300896146286,53.4840364260287],[0.143472570355748,53.481825500955],[0.148133891617855,53.4877858250262],[0.14417974834571,53.492743013756],[0.147537042817011,53.4941148267881],[0.153086794482003,53.4909238992189],[0.154613235100865,53.4898059773454],[0.167883412952313,53.477067612976],[0.168164852774028,53.4767973553097],[0.167556189709064,53.4770735622143],[0.158196263251029,53.4813202314211],[0.157359154015883,53.4789304827321],[0.159396626064545,53.4772216505397],[0.166755264255973,53.4710485333844],[0.172089203724995,53.4719306903898],[0.178618518718068,53.4648407076717],[0.172913893255748,53.4670411493384],[0.185024491088223,53.4570343116322],[0.179528725718248,53.4584320178782],[0.182053750963095,53.4525036360687],[0.191098184991299,53.4498971485954],[0.183793440587882,53.4479541716937],[0.185045514342218,53.4435044590526],[0.193845247579647,53.442853181347],[0.200407582640514,53.4368482265334],[0.190172460422987,53.4402747123964],[0.187804612702328,53.4377082520006],[0.194774514410723,53.429998825636],[0.20436375147295,53.4299704706189],[0.212471923780209,53.421393837272],[0.204811531203374,53.4182594731646],[0.210590504431269,53.4173290672203],[0.189536114641344,53.4173197640094],[0.210577797718783,53.4169688114821],[0.201369387365113,53.4151646999492],[0.208506792611846,53.4155974894653],[0.20380598903533,53.411967730533],[0.207627918083997,53.4133022891977],[0.206451293512394,53.4099895483942],[0.212043633014834,53.4159832812592],[0.208109331161369,53.4105108639546],[0.21458770574022,53.4096554407938],[0.217664700271258,53.4134156201659],[0.22853968605841,53.4025594460561],[0.228931068621338,53.4020937509662],[0.23285478022409,53.397424408199],[0.228665828837893,53.4014899502749],[0.227040522221066,53.3966672539311],[0.231274589437193,53.3906230277743],[0.234613116265788,53.392224709481],[0.243584367165814,53.3724028225901],[0.243668256790191,53.3722173826536],[0.280622408474753,53.3202669926456],[0.281294844942021,53.3193204135066],[0.299739622757998,53.2947902763692],[0.300028450123998,53.2944091566365],[0.321897176885143,53.266827969039],[0.321975233332263,53.2667294545299],[0.322179964590588,53.2664710597843],[0.337184186535268,53.2403514773907],[0.347004868153157,53.2095952622728],[0.347014910498351,53.2095637912025],[0.347399414366985,53.2083587327858],[0.355627376907466,53.1920584284764],[0.352744241658265,53.1730640894355],[0.352564087677102,53.1718766113054],[0.349562888736918,53.144781110084],[0.349538305649106,53.1445590454438],[0.348041336269881,53.1210138100992],[0.348038922873044,53.1209758149159],[0.348025421237048,53.1207632309762],[0.348133250407928,53.1140276818955],[0.348210789726189,53.1091843379926],[0.338917695390133,53.1017892761356],[0.337434160673566,53.0944772548761],[0.337343083693079,53.0943372886726],[0.333032535462736,53.087711697961],[0.332372870503056,53.0866975504707],[0.330159815418528,53.0904614789341],[0.323682968874766,53.0911914484414],[0.326291631890571,53.0925116380745],[0.318570590231509,53.0921354136655],[0.319268976243647,53.0914025355985],[0.311295104862479,53.0948602042929],[0.313873095746664,53.0916847534187],[0.31567149310597,53.0887113690986],[0.294455213908171,53.0804082575504],[0.266347472165446,53.0613266139613],[0.265969129905069,53.0611124141608],[0.265921065017401,53.0610852011086],[0.239196633060485,53.0459464174134],[0.199579794020054,53.0326491044924],[0.199384332731624,53.03254455494],[0.16314855177697,53.0131480027035],[0.163109163812097,53.0131269035791],[0.151425050200805,53.0081071211682],[0.106720637223563,52.9664133234063],[0.0934371711236726,52.9594442530928],[0.0821340490323814,52.9458160395355],[0.0789932459074924,52.9420274171446],[0.0790057045581932,52.9392145178969],[0.0790288842584203,52.9339833854687],[0.074069004337517,52.932493802264],[0.0564642829438318,52.9301250531482],[0.0760314123293293,52.9316532379041],[0.0765048785320192,52.9314508219489],[0.0516750687059226,52.9171952464905],[0.0426433700650574,52.9278225978502],[0.0445279660500216,52.9238318055843],[0.0450621626357724,52.9227004523678],[0.0494303723010061,52.9164939948191],[0.0499189217247256,52.9164137195058],[0.0531717545197117,52.9158791801636],[0.0383794357951333,52.9058689034834],[0.0358348512866579,52.9133526305305],[0.0360607591007459,52.9043248343883],[0.0356811192724457,52.9036442236211],[0.0208417678534388,52.9040647482769],[0.0345290789668318,52.9033972938058],[0.0343248821270708,52.9032736330477],[0.00928512202967654,52.8942683521719],[0.0268366824667334,52.8987410652305],[0.0279069117612667,52.8990163773003],[0.0270049654849163,52.8984532845625],[0.0279718126620838,52.8990329181166],[0.028029364451071,52.8990475857285],[0.0325224002454013,52.9001925810932],[0.0685508565176829,52.9187349195823],[0.0654593143383007,52.9120965969175],[0.069157797580135,52.908215533813],[0.0563762601847459,52.9033926270039],[0.0733777427185805,52.906084841956],[0.0719403837998532,52.9031985434052],[0.0799732972870037,52.9007461865708],[0.0825582728427407,52.899956849856],[0.0798922905408875,52.8990555548308],[0.0769905204523366,52.8980744354282],[0.0798727217550926,52.8986471114525],[0.0859118310846719,52.8998467696848],[0.0883820805446973,52.8951252729192],[0.116162412281421,52.8936778153379],[0.145014386349435,52.8850924735135],[0.146809608141591,52.8819868015041],[0.145693278395232,52.8812353138279],[0.135877444122425,52.8746244653342],[0.139149628161661,52.8763890532992],[0.149768367248977,52.8821138082788],[0.150286836905936,52.8823932995595],[0.150349936678985,52.8822391678365],[0.151318472156955,52.8798732392945],[0.159371809046963,52.8803133644199],[0.176331510149807,52.874116224234],[0.185246737591413,52.8557018659285],[0.192806516584825,52.8523273133769],[0.201273942588601,52.8383436124769],[0.214599668484895,52.8288235971122],[0.215079923686474,52.8284803929697],[0.211124513891594,52.8221903819847],[0.210926731243974,52.8218758085152],[0.209444563137556,52.8195182571073],[0.214905639995518,52.8226291982523],[0.216813149561601,52.8208834007087],[0.234338101479471,52.8233314960428],[0.245249322896739,52.8221806026798],[0.260734529109711,52.8152832181949],[0.267002148567531,52.8157118965235],[0.245037550842594,52.7844699915289],[0.272228339358099,52.7728129925168],[0.186323197484379,52.7353486313374],[0.142076106979268,52.7399180828341],[0.089023615153693,52.723631754253],[0.0636266193206916,52.7273915095045],[0.0441494759872833,52.7143823496307],[0.048848482208305,52.6817708046624],[0.0215003524278174,52.6648872884646],[-0.0312706832650579,52.6615327439854],[-0.0637138143765743,52.6752330946213],[-0.087752503198597,52.6667860926836],[-0.102195958212229,52.6722061953853],[-0.14106199482318,52.6515074247825],[-0.180020104975691,52.6605611585471],[-0.192867813968712,52.652438511053],[-0.206037616936727,52.6680733124595],[-0.260628419607621,52.6514134409202],[-0.289240338532188,52.6702761885072],[-0.334985138827247,52.6748706355815],[-0.350076984266874,52.6616700392401],[-0.405694618313302,52.6480559479697],[-0.452832300952799,52.6542749156432],[-0.494688679013636,52.6402652609402],[-0.470961263649924,52.6179533112223],[-0.497651443767072,52.5868509766981],[-0.478814868225147,52.573645147065],[-0.415381402678347,52.5787426397479],[-0.407290921113568,52.564054854817],[-0.419593787330186,52.5589619550433],[-0.401283297186851,52.5386846825222],[-0.413602640818525,52.5256796137016],[-0.354345203263394,52.5064950723187],[-0.359404306001708,52.4898300891516],[-0.341590492473876,52.4669426273503],[-0.370217036825639,52.4399302714173],[-0.362408041008102,52.4335312780284],[-0.417072832141305,52.4115991109509],[-0.441509864468212,52.3849964344035],[-0.495946267815481,52.3795155302795],[-0.488518815845791,52.374023541935],[-0.498699838187518,52.3600958388278],[-0.477682425550585,52.3489199917172],[-0.483264192761938,52.3409032974573],[-0.466656737619639,52.3389275764],[-0.46468250010832,52.3247597237159],[-0.476261345982474,52.3180638528938],[-0.519829880170178,52.3176925680897],[-0.514051195755829,52.3146970761678],[-0.541969414284237,52.2899424469085],[-0.531190184929433,52.2704024303694],[-0.540386636859179,52.2568345532378],[-0.565693055132987,52.2534682264436],[-0.603337324956545,52.2788024382021],[-0.653655470981071,52.2682893071709],[-0.63733162156624,52.2273176317195],[-0.668135637658982,52.1950341117758],[-0.701671512157467,52.1933084347047],[-0.761890153254857,52.1634807264853],[-0.76533176234871,52.171099132693],[-0.777879017517109,52.1687720329033],[-0.792091270533438,52.1513294604513],[-0.80195676837323,52.1586788068858],[-0.814018926401135,52.1424745144121],[-0.831966629471785,52.1436835087174],[-0.832040075305798,52.1312603534096],[-0.880758452631504,52.1262921523493],[-0.887033141552335,52.1142149340775],[-0.871472753510848,52.1117797319681],[-0.869530890831007,52.1000376603272],[-0.846712543491745,52.0915087034718],[-0.831313005313099,52.0720063385771],[-0.839594622604854,52.0637959332893],[-0.862733821709605,52.0608877408411],[-0.852469890699322,52.0506630710318],[-0.869704164410375,52.044829978262],[-0.880463434729443,52.0286823939567],[-0.890044039692073,52.0315535909875],[-0.908376568151801,52.0222399672463],[-0.951872932630787,52.0815336222521],[-0.967805300661276,52.0709109281604],[-1.04206410377149,52.0739350801836],[-1.02667161201386,52.0642321812514],[-1.06206502018462,52.0627354079628],[-1.12198746604179,52.0451472428701],[-1.13666519177378,52.0222431393199],[-1.11799360505387,52.0157208996022],[-1.13432869833779,51.997296387881],[-1.16382348465592,51.993412226747],[-1.19763689128177,51.9772816472427],[-1.24161223468245,51.9862933638439],[-1.28353449972237,51.9795993829644],[-1.27816401885651,52.0142726693672],[-1.31292004347286,52.0514526634399],[-1.29750881413832,52.0780566948102],[-1.31815993117564,52.0799212576787],[-1.32116486414435,52.0870189284444],[-1.2480850615427,52.0971607919138],[-1.3318971346503,52.168485056197],[-1.31313453207951,52.1904676302914],[-1.25498199738882,52.1978310710958],[-1.28472976783494,52.2384420167797],[-1.26685236231198,52.2352486391455],[-1.21585144103408,52.2639110515478],[-1.23378270441023,52.2903286482947],[-1.20923383158981,52.3152040796742],[-1.24760076207919,52.3219421924298],[-1.26535489040084,52.3283606829397],[-1.26228669833728,52.3341934742487],[-1.17212636579044,52.3613009289764],[-1.24074319604153,52.4401350777721],[-1.30714044411013,52.4942446712166],[-1.52244185311375,52.5703281858256],[-1.5271552279268,52.5827378316751],[-1.56069803676403,52.5961193283491],[-1.55445233721977,52.6147620844962],[-1.57128153526096,52.6356003858334],[-1.54711499655586,52.6421933680819],[-1.54242198174715,52.6536264371638],[-1.55280663728848,52.6684622521305],[-1.5896451852037,52.6872608081784],[-1.59081094061654,52.698024609287],[-1.6550635927941,52.6987757766166],[-1.65660772699026,52.7217484729091],[-1.70375048971327,52.7299552227781],[-1.69693636679642,52.7529259586149],[-1.66653674723611,52.7847230322657],[-1.61112950153712,52.7814035608609],[-1.61434537917712,52.7882740475944],[-1.58887036628345,52.7998659863949],[-1.59169224196469,52.8092878391457],[-1.61053198352393,52.8163607924474],[-1.58538036585949,52.8315965582062],[-1.62676534855207,52.8544579282665],[-1.68950657018649,52.8645043204989],[-1.70060876646215,52.8605835236092],[-1.70449110661769,52.866704037258],[-1.72539574083555,52.8596786617492],[-1.77711673567319,52.8837929782468],[-1.79091405060112,52.8802482101378],[-1.80183176713119,52.88612152605],[-1.81171126944986,52.8805966212323],[-1.83288522108889,52.8869942745485],[-1.83313528923015,52.9017319034068],[-1.85657875821379,52.9233447106857],[-1.82858995111019,52.9478711715956],[-1.82856056786268,52.9751558823607],[-1.76256960898942,52.9996692928129],[-1.75774624134669,53.0169978827935],[-1.75977677847912,53.0387143509213],[-1.78469559133653,53.0499309626032],[-1.77565273133757,53.0593546416479],[-1.79423901989599,53.088394057015],[-1.78368614765435,53.102957909794],[-1.82141926984971,53.1357911781773],[-1.81258693659541,53.1543650420164],[-1.83933669879135,53.1769304431421],[-1.87404306112304,53.1953837010505],[-1.95670722983203,53.2137476093571],[-1.96236461007117,53.2262417356404],[-1.98737982955689,53.2136037474881],[-1.99024867768893,53.2230222911312],[-1.97487979601863,53.230954989863],[-2.0094248420728,53.2606147236468],[-2.00155104700482,53.3189218127238],[-2.01364994432454,53.3324201566667],[-2.00893844314211,53.3617939201434],[-2.03413245019739,53.3678653790687],[-2.03377543264394,53.3755415697783],[-2.00464286724195,53.3863272775011],[-1.99232947055908,53.4151931330374],[-2.02370962953136,53.4205517134999],[-2.02742937159529,53.4322460038677],[-2.01365546338078,53.4398832346574],[-2.00421605197447,53.4359217858561],[-2.00823485273611,53.4415492995151],[-1.98579237816046,53.4552267721605],[-1.98809249789132,53.4803320630623],[-1.97427777091406,53.488384418913],[-1.97158630305122,53.5043419938961],[-1.92197284577495,53.5099546848918],[-1.92678065561025,53.5209487496897],[-1.90962083195551,53.5383909865468],[-1.89410949217378,53.5336117793005],[-1.87349262570415,53.5404296508189],[-1.84182082823365,53.5199087802658],[-1.82715106039428,53.5235079174762],[-1.81952377656311,53.5134280919329],[-1.80077865319122,53.5113785292377],[-1.81039889127308,53.5063401493489],[-1.79603746177152,53.5026410934739],[-1.80147063244941,53.4809917607504],[-1.74528551665239,53.4621249958085],[-1.74657253202956,53.426017250077],[-1.72995113840574,53.4159856394055],[-1.70436472917241,53.4153491208864],[-1.69485273774569,53.4012761298023],[-1.65461081618027,53.3929530702989],[-1.66254430742755,53.3660727649314],[-1.59058672836955,53.3459588598842],[-1.61230306160512,53.3432186697883],[-1.62812064882607,53.3162973139066],[-1.6092015844932,53.3226639610628],[-1.59900458569526,53.3113277872523],[-1.58490201019108,53.3215879523676],[-1.58053389587991,53.3117380892291],[-1.56173104513262,53.3159708929528],[-1.56172989361096,53.3064113177333],[-1.53714140318818,53.3047033893617],[-1.50213193956548,53.3175820764004],[-1.4679128327397,53.3171200557715],[-1.45522358182387,53.3218691412009],[-1.45988027916359,53.3306893691217],[-1.40874684512064,53.3419650586082],[-1.3865715460456,53.3349025072696],[-1.38683300477939,53.3176505913393],[-1.3377510519613,53.315848052015],[-1.32830019566931,53.3289742096465],[-1.31495818392184,53.326521484676],[-1.30597310643514,53.3337698483408],[-1.28858902654107,53.3262280549039],[-1.29464722919078,53.3143819067415],[-1.2438683827737,53.301569792195],[-1.23068793446757,53.3085597350777],[-1.2032390468772,53.3042232405841],[-1.1924158097994,53.3189898141126],[-1.13871810210376,53.3413828117799],[-1.14100746087464,53.3467476780075],[-1.15684339220656,53.344969500268],[-1.16261328765896,53.356843862023],[-1.13853968203233,53.3559075142163],[-1.14603291441165,53.3690411457852],[-1.13053708984926,53.3755712195116],[-1.13460768887929,53.3900315644246],[-1.11557938044441,53.3971857499007],[-1.11608317055844,53.4073496657826],[-1.08043943279743,53.4268678599403],[-1.0309498187762,53.4309795264014],[-1.03051529485536,53.4251953103943],[-1.01434673955409,53.4262954965662],[-0.995669798894032,53.4369266843309],[-0.985978085087804,53.471673371995],[-0.953259205587141,53.4844235292892],[-0.935564625288195,53.5025165293909],[-0.9004706270826,53.4751558672792],[-0.920246794246959,53.4655076505704],[-0.916249020723134,53.4602956897155],[-0.871919281432214,53.4663108039549],[-0.797483349537156,53.4550644469113],[-0.784364875033277,53.4633795465991],[-0.784388777567045,53.4766692157187],[-0.771568244935175,53.4792015606648],[-0.768109606084077,53.4989256083412],[-0.752113860480161,53.500530608656],[-0.739591684118626,53.5199359490779],[-0.624491104429227,53.5128392148578],[-0.629752674978015,53.4582189924615],[-0.551788631166795,53.4595199872907],[-0.471749465254693,53.4748729017697],[-0.486630004727343,53.4804701677829],[-0.487638685249183,53.5052454943431],[-0.405074524830151,53.5176169033637],[-0.408257020255535,53.5323449991165],[-0.430664749921137,53.5463371564568],[-0.50125785289296,53.5374615766105],[-0.490926930402738,53.5458749237782],[-0.467018371437879,53.5489606923849],[-0.429001046046789,53.5745247151217],[-0.41696297298743,53.5632146898956],[-0.335938821094677,53.5586265922375],[-0.303423841813591,53.5907900998412],[-0.300930360808405,53.6163880602418],[-0.24847604907361,53.5936636925887]]]},"properties":{"ITL125CD":"TLF","ITL125NM":"East Midlands"}},{"type":"Feature","geometry":{"type":"Polygon","coordinates":[[[-1.3318971346503,52.168485056197],[-1.34870798028103,52.135132199429],[-1.36614709694777,52.136075238415],[-1.39330253064253,52.1189629049398],[-1.37084214071868,52.1175341834914],[-1.35776965526573,52.101310424564],[-1.38539981246728,52.0941455730689],[-1.42585527139589,52.1182494968197],[-1.45345845225059,52.1130088171451],[-1.44718785165916,52.0976250329561],[-1.47730164801721,52.1013509449693],[-1.48780444309778,52.0939574330421],[-1.52530903761447,51.9928568262056],[-1.55722360987893,51.9916576656612],[-1.5496712341503,51.9808596590458],[-1.58057305586184,51.9729959917575],[-1.60030155963125,51.9769415562367],[-1.5916338243768,51.9704499714443],[-1.61234247849955,51.9554034171782],[-1.66575430454863,51.9874888219864],[-1.66575091348295,51.9974047842482],[-1.61751874276147,52.0333959384001],[-1.62446030247049,52.0389532644713],[-1.66382433788403,52.0312666555567],[-1.69398075504565,52.0395278989016],[-1.6886364810542,52.0518332046415],[-1.70505254003613,52.0596336086745],[-1.70169911871025,52.072834404],[-1.71311213593006,52.0665529402911],[-1.73065604717972,52.0732913546681],[-1.72856052811281,52.1001203055535],[-1.74590621082171,52.0928298210472],[-1.7676920738422,52.1125783283983],[-1.80228873762243,52.0969414695018],[-1.81273665650818,52.0787440014706],[-1.81894341276327,52.0854041151211],[-1.83175334172358,52.0727693542685],[-1.84661960637666,52.0794210956629],[-1.87440607681162,52.0699909115952],[-1.86344917989937,52.053417723062],[-1.8345888140813,52.0437330167182],[-1.8250228816679,52.0309334135568],[-1.83905030714283,52.0067831284916],[-1.91344602070409,52.0444612406154],[-1.93169767686998,52.0298892737705],[-1.95137076201915,52.0376994836731],[-1.98413574037062,52.0358792744237],[-2.03835621126119,52.0046006235229],[-2.04951417600198,52.0037962185805],[-2.06077974233804,52.0146632893276],[-2.08487319407292,52.0104785846223],[-2.11219762720392,52.0153447349971],[-2.14068698320585,51.9994641968075],[-2.15078195954122,52.0066280416879],[-2.14003952472973,52.0272716187852],[-2.11608955278632,52.0378700175261],[-2.1620347855246,52.0505943430106],[-2.18045118695184,52.0422625534122],[-2.17688298069408,52.022616879474],[-2.18768330302322,52.0190801576711],[-2.16491492285039,51.9959594941397],[-2.1807485360373,51.9996151713198],[-2.18508403441562,51.9905609788574],[-2.2206132435217,51.9954966448483],[-2.25135998124032,51.9665649342157],[-2.30043302609069,51.9667752646008],[-2.31261970069138,51.976504974576],[-2.32656514420703,51.9758107384483],[-2.32470967818414,52.0035672783312],[-2.35254266829771,52.0135353102849],[-2.35137852244174,52.0213590290394],[-2.39289223171328,52.0129587700424],[-2.3990184898963,51.9961459478794],[-2.42101302341652,51.9942414650788],[-2.43729372314514,51.9971670434287],[-2.4361213982017,52.0145914693163],[-2.46337278472343,52.0140424477572],[-2.46361560501988,52.0229997256673],[-2.4742803758531,52.0237639855093],[-2.49211125940808,52.0082952126516],[-2.47099259337338,51.9947360731079],[-2.49491293332375,51.9810752068267],[-2.49224484623915,51.9641287773142],[-2.50090645407367,51.9606091442864],[-2.46557353500141,51.9517045852884],[-2.4660430006938,51.9279745035373],[-2.44818479288624,51.9186682322372],[-2.43927491603518,51.8973822861564],[-2.48779469274655,51.8804175459086],[-2.50862440109418,51.8851690569453],[-2.53162394037576,51.8607715469017],[-2.58076385588478,51.861588881601],[-2.58281688241695,51.849577352947],[-2.60121663304725,51.8562162644087],[-2.62546695815918,51.8389640024544],[-2.63671005341688,51.8430952612886],[-2.65040070567432,51.8261246889383],[-2.66619753963782,51.8356235570426],[-2.69329553822647,51.8338410121663],[-2.69730211579747,51.844809127665],[-2.71512837058452,51.840243927709],[-2.71966531119947,51.8488696900263],[-2.73884858634764,51.8366165103794],[-2.77879887552431,51.8658590666979],[-2.76830730538435,51.880444841636],[-2.83610650626024,51.9060535390347],[-2.84194532227904,51.9177278136695],[-2.86187161480982,51.9139790713439],[-2.84499642015606,51.922087190666],[-2.87783522764085,51.9338143761337],[-2.97184633087118,51.9049816267882],[-2.97666533447377,51.9274901991849],[-3.00812331564277,51.9271305466736],[-3.02592825998755,51.9572707700542],[-3.0683134013526,51.9838948193478],[-3.09919890693024,52.0226858085701],[-3.08628664345927,52.0401943744894],[-3.09058811273154,52.0505132879254],[-3.1258949917356,52.0783106756457],[-3.12267991084996,52.103148786506],[-3.10534931223889,52.10541782273],[-3.10492212967307,52.1167418938091],[-3.14192072484887,52.1278671854243],[-3.13587330508285,52.1379083922528],[-3.09369007605061,52.144305996423],[-3.0725382658941,52.1557732347873],[-3.08254318096633,52.1630471608847],[-3.09889603996449,52.1547338860874],[-3.12243047087079,52.1634196055799],[-3.09465104889233,52.1837422730342],[-3.10208187078616,52.2027204256414],[-3.07209180392951,52.213087287645],[-3.07303671037743,52.2358769206364],[-3.04421511696905,52.2379274562501],[-3.04831809735968,52.2502329092591],[-3.03586088954314,52.2567570188263],[-3.00577598466957,52.2642595027327],[-2.97718162692593,52.2596861472059],[-2.94963475580722,52.2694682342234],[-3.01262166661965,52.2792068059116],[-3.0008661068012,52.3217658048495],[-2.96680116367831,52.3294490746378],[-2.95452613323726,52.349000281666],[-2.97450325778266,52.3547007719923],[-3.04017440612675,52.344326449559],[-3.06066441920979,52.3482395297035],[-3.11060650812059,52.3771928586202],[-3.15444662965246,52.3877151721652],[-3.17885189317182,52.4094453019878],[-3.21954231380943,52.4212465662123],[-3.23555870572831,52.4425418770695],[-3.19724017301225,52.4759894045068],[-3.18021448078352,52.4739344858705],[-3.11101713479608,52.498934828381],[-3.02920219998827,52.501268025898],[-3.03237893922629,52.5237313433299],[-3.00387364775971,52.5198330371476],[-2.99421971300057,52.5524392755137],[-3.00627570883039,52.573717061547],[-3.01684357415423,52.5751648644213],[-3.08727582526502,52.5513315082532],[-3.08541228712571,52.5345027028164],[-3.13149157114317,52.527013623112],[-3.13698542281136,52.5326059918045],[-3.11149542440582,52.5413637648399],[-3.13950076571608,52.5857198080728],[-3.11741414899447,52.5857631475343],[-3.08955816271373,52.5995062980213],[-3.09362257365342,52.6093390876565],[-3.07318689672821,52.6289626623494],[-3.05981991551762,52.6307103332527],[-3.08356627752097,52.6412925202018],[-3.05112433418108,52.6473703199561],[-3.03858027691564,52.675373166834],[-3.04704782420661,52.6912658409262],[-3.0224859512498,52.7066679421564],[-3.02147728971123,52.7242448173886],[-3.00055465557069,52.720275310728],[-2.97759195389928,52.7265916760122],[-2.97810302517224,52.7153573258909],[-2.96741010134095,52.7142817548714],[-2.96107042139223,52.7209741708118],[-2.97112157804068,52.7354784003212],[-2.99103015995307,52.7337178775708],[-2.99199278312435,52.7437560385489],[-3.02180979863464,52.7519407818244],[-3.01081496516033,52.758474134926],[-3.017169360496,52.7676313769656],[-3.03536166527588,52.7640327168387],[-3.03898477959301,52.7703945083183],[-3.05254038732917,52.7685883487679],[-3.04779141568697,52.7726355742841],[-3.07951607132088,52.7715139126723],[-3.09168246698264,52.7866629795941],[-3.08663218442715,52.795593156752],[-3.11828683786622,52.7835824209746],[-3.15842528976348,52.793488103831],[-3.15319003437988,52.8063686258345],[-3.16820515656899,52.807328443007],[-3.16788753046969,52.8192666796899],[-3.15126038171278,52.8425648882919],[-3.16301475130881,52.8474909452542],[-3.12771287514737,52.8671030328106],[-3.15241672487316,52.8787478871554],[-3.13552413220342,52.8850136669707],[-3.14670042488298,52.8912631206295],[-3.11416217688046,52.8939782165098],[-3.09595322236249,52.9302818603715],[-3.07651316772971,52.9254793440269],[-3.03512347363092,52.9294624894448],[-3.00964949707879,52.9561994732342],[-2.98202234589558,52.9591982546682],[-2.97502999812956,52.9689845241295],[-2.9598133204483,52.9511695556905],[-2.9288886576968,52.9386788302752],[-2.88743132915924,52.9525298908831],[-2.88353939739913,52.9466392170532],[-2.84101496067848,52.9426237150063],[-2.79884789455756,52.8957587642381],[-2.75532645758129,52.9246280372655],[-2.72843937384749,52.9253018633927],[-2.72417751071701,52.9571216556058],[-2.73529356518204,52.9699461900541],[-2.7268406065337,52.9832729462979],[-2.69929243706707,52.9954387986715],[-2.67466228547344,52.9856628103872],[-2.63265093996284,52.9966707872024],[-2.59488906784906,52.979607147503],[-2.59769347128031,52.9630059899653],[-2.5865066357406,52.955424462293],[-2.56126288258472,52.9649521051142],[-2.53189371702813,52.9472629931384],[-2.52135140652275,52.9743445567568],[-2.48128820845985,52.9588311454578],[-2.43466847192472,52.9695572523834],[-2.43826494843054,52.9855224343486],[-2.38027990140092,52.9987866474815],[-2.38304468514478,53.0077867863604],[-2.37042155075988,53.0145296490635],[-2.38422739107302,53.0261675772654],[-2.38129694046648,53.0525807781467],[-2.34758567133388,53.0561702924311],[-2.31805569446669,53.0814075176033],[-2.29337580822217,53.0783263872942],[-2.25324848942767,53.093976994431],[-2.24643157183402,53.090307630252],[-2.15554543171792,53.1596534951874],[-2.14142291774514,53.1566124896779],[-2.1403630699576,53.1838497792182],[-2.11186950066067,53.1686364893159],[-2.07021816358765,53.171653125585],[-2.04610965363786,53.1927771383059],[-2.00174927099309,53.1929557241948],[-1.98737982955689,53.2136037474881],[-1.96236461007117,53.2262417356404],[-1.95670722983203,53.2137476093571],[-1.87404306112304,53.1953837010505],[-1.83933669879135,53.1769304431421],[-1.81258693659541,53.1543650420164],[-1.82141926984971,53.1357911781773],[-1.78368614765435,53.102957909794],[-1.79423901989599,53.088394057015],[-1.77565273133757,53.0593546416479],[-1.78469559133653,53.0499309626032],[-1.75977677847912,53.0387143509213],[-1.75774624134669,53.0169978827935],[-1.76256960898942,52.9996692928129],[-1.82856056786268,52.9751558823607],[-1.82858995111019,52.9478711715956],[-1.85657875821379,52.9233447106857],[-1.83313528923015,52.9017319034068],[-1.83288522108889,52.8869942745485],[-1.81171126944986,52.8805966212323],[-1.80183176713119,52.88612152605],[-1.79091405060112,52.8802482101378],[-1.77711673567319,52.8837929782468],[-1.72539574083555,52.8596786617492],[-1.70449110661769,52.866704037258],[-1.70060876646215,52.8605835236092],[-1.68950657018649,52.8645043204989],[-1.62676534855207,52.8544579282665],[-1.58538036585949,52.8315965582062],[-1.61053198352393,52.8163607924474],[-1.59169224196469,52.8092878391457],[-1.58887036628345,52.7998659863949],[-1.61434537917712,52.7882740475944],[-1.61112950153712,52.7814035608609],[-1.66653674723611,52.7847230322657],[-1.69693636679642,52.7529259586149],[-1.70375048971327,52.7299552227781],[-1.65660772699026,52.7217484729091],[-1.6550635927941,52.6987757766166],[-1.59081094061654,52.698024609287],[-1.5896451852037,52.6872608081784],[-1.55280663728848,52.6684622521305],[-1.54242198174715,52.6536264371638],[-1.54711499655586,52.6421933680819],[-1.57128153526096,52.6356003858334],[-1.55445233721977,52.6147620844962],[-1.56069803676403,52.5961193283491],[-1.5271552279268,52.5827378316751],[-1.52244185311375,52.5703281858256],[-1.30714044411013,52.4942446712166],[-1.24074319604153,52.4401350777721],[-1.17212636579044,52.3613009289764],[-1.26228669833728,52.3341934742487],[-1.26535489040084,52.3283606829397],[-1.24760076207919,52.3219421924298],[-1.20923383158981,52.3152040796742],[-1.23378270441023,52.2903286482947],[-1.21585144103408,52.2639110515478],[-1.26685236231198,52.2352486391455],[-1.28472976783494,52.2384420167797],[-1.25498199738882,52.1978310710958],[-1.31313453207951,52.1904676302914],[-1.3318971346503,52.168485056197]]]},"properties":{"ITL125CD":"TLG","ITL125NM":"West Midlands"}},{"type":"Feature","geometry":{"type":"MultiPolygon","coordinates":[[[[0.63987627016617,51.5334567756666],[0.626737319981734,51.5321763125939],[0.625454847673069,51.5323688512752],[0.609036015779947,51.5348324879831],[0.624246659383724,51.5365059385195],[0.62509830822945,51.5365797174454],[0.640071203668796,51.5378757799082],[0.640318753662598,51.5378671409194],[0.646533496643483,51.5376500788821],[0.639970585012382,51.5335161897315],[0.63987627016617,51.5334567756666]]],[[[0.556518160722683,51.5444366834288],[0.553120425433146,51.541889945663],[0.558490622065176,51.5439905677589],[0.561093994503303,51.5431426156773],[0.573265325521995,51.5391076108649],[0.57793775237292,51.5384302283132],[0.578586903184019,51.5383361021313],[0.579363939602407,51.5382234273403],[0.58526860647012,51.5373670754796],[0.577974215541357,51.5358863000251],[0.593021425881002,51.5352486704718],[0.587276765380473,51.5370997423659],[0.594004051146165,51.5363003041417],[0.600671529909729,51.5355075426835],[0.599115251394903,51.534989886639],[0.601639623482367,51.5348825812146],[0.605839167213014,51.5306972415791],[0.596634915862288,51.5323880346648],[0.596158753155903,51.5306932511733],[0.596103301830521,51.5304958764147],[0.62799011078588,51.527389764856],[0.632045109717325,51.5246007839926],[0.626139964800194,51.5222337913043],[0.625687292351039,51.5220525381373],[0.625420223401178,51.5219750082441],[0.623764575690877,51.5212814950025],[0.636857597087395,51.5219536933026],[0.627831203866247,51.5204259772402],[0.62505626103033,51.516369053691],[0.603837058941256,51.5128856113998],[0.603310445499226,51.5127992564838],[0.592582646212105,51.511291965369],[0.589426847631154,51.5108483462586],[0.58565993495466,51.5131501715277],[0.583139737120881,51.511065504585],[0.581471457904614,51.5096853918717],[0.573330417577274,51.5078289934012],[0.553567185866318,51.5099355320107],[0.552363845707282,51.5109384887537],[0.549074142429083,51.5136800993385],[0.546507705041684,51.5169006895647],[0.544218584710803,51.5177259280764],[0.541338070919878,51.5201256509584],[0.538102514757802,51.5199277609002],[0.526703657041381,51.5192141561681],[0.517995305886731,51.5298708498457],[0.521884414014074,51.5315948147337],[0.523833247842017,51.5324585956541],[0.526407792481716,51.5319830915651],[0.529720858474432,51.5313453624986],[0.534497707998393,51.5304256761441],[0.543109534151013,51.5345068090402],[0.545930697431751,51.5473920428816],[0.546616425943708,51.5472006747318],[0.556518160722683,51.5444366834288]]],[[[0.840283360455631,51.5608704463986],[0.831408381104311,51.5602297009212],[0.825779682464893,51.5644666816426],[0.828924482692235,51.5722579114537],[0.832185192446322,51.5742820560408],[0.83390647269012,51.5700258636968],[0.840283360455631,51.5608704463986]]],[[[0.837491462473458,51.5851768195962],[0.822949654645002,51.5648819677362],[0.815574616202367,51.5769375364691],[0.809380944227351,51.579115949096],[0.808188771916783,51.5850192418651],[0.80831692133072,51.5858339584091],[0.8183396016295,51.594114381651],[0.830143841661014,51.5959662786834],[0.836353466972412,51.5949034432593],[0.837491462473458,51.5851768195962]]],[[[0.955316883466157,51.6131647784353],[0.929866927769687,51.592446367997],[0.886572783590085,51.5695890793865],[0.88452693288961,51.5693923618601],[0.879213773421223,51.5688813016053],[0.866370064397508,51.5589408418077],[0.853616667684284,51.5569403396535],[0.840146357854457,51.561636492579],[0.832725148717867,51.5757691466096],[0.838649729441004,51.5814783628439],[0.845546390805885,51.5821117473301],[0.847854082061865,51.5776235027055],[0.857277057794513,51.5764724992498],[0.863400351585854,51.5718621593803],[0.857914964913003,51.5772529329517],[0.848433493239577,51.5783019774652],[0.846476496224448,51.5826719675739],[0.840078209534723,51.5820230089704],[0.83799748353139,51.5936189646791],[0.858656809814308,51.5924950435769],[0.866825807789834,51.5951863625849],[0.874374641083865,51.614150861476],[0.88324248536108,51.6161656418791],[0.887456069692973,51.6155850511971],[0.900768658958486,51.613749621345],[0.957516615699434,51.620532308421],[0.955316883466157,51.6131647784353]]],[[[0.746420029088127,51.6354105486159],[0.746482465922937,51.6351477696204],[0.745834754738392,51.635337526916],[0.738735053103655,51.637417142568],[0.745635548207842,51.6387119801676],[0.746420029088127,51.6354105486159]]],[[[0.759458460870587,51.6414874349613],[0.76276940611183,51.6403026738531],[0.749688342023746,51.6363209734466],[0.756302279397179,51.6398186567188],[0.758569294061839,51.6410173237579],[0.756024054907069,51.6414503117375],[0.752419041121401,51.6414112364372],[0.748608040156205,51.6375299125757],[0.751874392047457,51.6421561029724],[0.759458460870587,51.6414874349613]]],[[[0.746533201741215,51.6405539249081],[0.745387090073376,51.6399013688787],[0.732587258232312,51.6395696669156],[0.737654365021096,51.6342644701578],[0.725534497506703,51.6384538418196],[0.712321567346416,51.6374712808051],[0.711461766978794,51.6374072900736],[0.712680194953915,51.638210319503],[0.718120005637639,51.6417950237464],[0.741468159997879,51.6401739556987],[0.749935972803208,51.6424911534384],[0.746533201741215,51.6405539249081]]],[[[0.787745310700603,51.7223400559762],[0.772328635276649,51.7186612812143],[0.754509028415827,51.7245450565287],[0.756268932894527,51.7267423225452],[0.777960799080903,51.7265677838947],[0.787745310700603,51.7223400559762]]],[[[0.721897837323274,51.7305250990684],[0.724400175239905,51.7249332473755],[0.724927510965315,51.7270804041875],[0.72860783564891,51.725790722686],[0.724184717062193,51.7220728621367],[0.72833829268897,51.7229253077572],[0.729067482659209,51.7183476207095],[0.7104618525979,51.7185643659088],[0.721897837323274,51.7305250990684]]],[[[0.965127442611807,51.8088285973979],[0.974779534993853,51.8043890051163],[0.993336163218833,51.8035311460263],[1.00555987609341,51.7995501294984],[1.00554026148875,51.7991849165875],[0.996613666695185,51.7912454923754],[0.945791283086092,51.7747258187187],[0.902246805353056,51.7743722030166],[0.89809896079341,51.7797315135661],[0.901872450179929,51.786156282694],[0.919537136948157,51.7940606419374],[0.926477960719761,51.801568816444],[0.94361197928901,51.8069357399005],[0.944593727541082,51.8057643747975],[0.945356648764211,51.806836281362],[0.965127442611807,51.8088285973979]]],[[[1.26766100335633,51.8647979181235],[1.26345578751963,51.8639898607453],[1.26328452432898,51.8640195239846],[1.25879892530005,51.8687183577523],[1.25185794447706,51.8694763310954],[1.25446885503035,51.8736188747651],[1.26461065764565,51.8722493608297],[1.26805397676059,51.8650875419448],[1.26812643473034,51.8649368137645],[1.26805608076554,51.8648738245944],[1.26766100335633,51.8647979181235]]],[[[1.26368204534891,51.8749415924733],[1.26353533668466,51.872989745141],[1.25464536768155,51.8756206239905],[1.25964254037514,51.8755991448813],[1.26221459640115,51.8806942101019],[1.26368204534891,51.8749415924733]]],[[[1.25703538940432,51.8837322419273],[1.25901466930897,51.8763199038621],[1.25408816692709,51.876737009657],[1.24833127300618,51.8742342703457],[1.25026137585999,51.8769697037425],[1.24607141548123,51.8745634224197],[1.24455757595359,51.8688379892697],[1.22591119740826,51.8750671351677],[1.22942460325023,51.8814277945989],[1.2364433474708,51.881944407925],[1.23862684020185,51.8789017179331],[1.23825105990805,51.881214666521],[1.25703538940432,51.8837322419273]]],[[[1.22716478087014,51.8882014526985],[1.2297897397936,51.8851819290717],[1.22975855142634,51.8849291199368],[1.21200031524243,51.8809697360972],[1.22954470503402,51.8851239331888],[1.2261528202344,51.8882136598592],[1.2209084375239,51.8882767812671],[1.22567091605508,51.8886525926686],[1.22716478087014,51.8882014526985]]],[[[1.22353488649699,51.8982218559939],[1.22889669762993,51.895629161712],[1.22386055381817,51.8965467675933],[1.218650420511,51.8974958123899],[1.21907132452539,51.8975583859399],[1.22353488649699,51.8982218559939]]],[[[1.23183115658758,51.9017529077817],[1.23818194634668,51.8965196698935],[1.23474180021249,51.896674664295],[1.24461803955968,51.8955138567101],[1.24464201801994,51.8880621844055],[1.23499523540231,51.8911387843929],[1.24248822551348,51.8864927165058],[1.23086545379862,51.8882626076708],[1.23424588875067,51.8929699921047],[1.22866773830392,51.8984560935909],[1.23183115658758,51.9017529077817]]],[[[1.53628004806312,52.076139125411],[1.51463058450886,52.0676569721843],[1.50011205757934,52.0655201347122],[1.50012633473052,52.0655484568919],[1.50296997260471,52.0694890704232],[1.5138178565098,52.0690894667249],[1.52521697137083,52.0802361177196],[1.53210527085128,52.0793560150016],[1.53827551223699,52.0789962876499],[1.53628004806312,52.076139125411]]],[[[0.868943498908628,52.9576862598674],[0.857302486862633,52.9576538679873],[0.865817759041917,52.9604774312644],[0.871230647713933,52.9602132917478],[0.871224389069197,52.9601822795407],[0.868943498908628,52.9576862598674]]],[[[0.978690429855092,52.9797503028555],[1.0444304986932,52.9673414353232],[1.0659182746625,52.9627986529327],[1.11506521568663,52.9528427212077],[1.1277065174762,52.9515604732674],[1.13605060792138,52.9499754221525],[1.15152686161328,52.949140446617],[1.16501491284987,52.9477681107182],[1.18651386069759,52.946377585274],[1.2297348587376,52.9435579365194],[1.24198733946878,52.9424298698473],[1.27241813660638,52.9375377820402],[1.28333878415642,52.9357800007175],[1.30207237518379,52.9319131055565],[1.30717161426657,52.9307754952351],[1.32155578613735,52.9259006903738],[1.33521187925769,52.92220783098],[1.35602111629965,52.9141359274844],[1.36436173422666,52.9097595008829],[1.36558245373643,52.9091188498859],[1.39864802482776,52.8971242604044],[1.40649577411965,52.8938760544211],[1.4137198522785,52.8907786015109],[1.41376406737579,52.890759639649],[1.41389396511274,52.8907039347454],[1.44447550417687,52.8738199476887],[1.44619824451009,52.8728682108676],[1.49731302658429,52.8445996706358],[1.5199270476505,52.8331650187526],[1.52021945423193,52.8330170977499],[1.53348974585455,52.8263022359717],[1.53885217871742,52.8226333072446],[1.54280073540073,52.8209692931411],[1.54446202824951,52.8199713879424],[1.55397126571654,52.8159315544121],[1.55991410830252,52.8129208697043],[1.56339654383444,52.8111563200431],[1.58671256096868,52.8016594826067],[1.5873743059304,52.8012187434792],[1.59188168258675,52.7966185944524],[1.59206866793547,52.7964277361219],[1.6034790756898,52.7902778201023],[1.60344304331259,52.7902031983614],[1.63344207217379,52.7703269468007],[1.69373566943578,52.7268083030769],[1.69756952021577,52.7235391910612],[1.69933001111671,52.7198979971882],[1.71480578695708,52.6878720218106],[1.7287330461182,52.6641448660824],[1.7291085588562,52.6634176984306],[1.73189241277653,52.6547332808036],[1.74167295388782,52.634422036026],[1.74186513082057,52.6339846143647],[1.74308394536663,52.6205644485387],[1.74214110832169,52.6180595421365],[1.74209375263844,52.6177371769566],[1.74071938713806,52.6083790359319],[1.74068751387903,52.6080778725697],[1.73797796951314,52.5824583373619],[1.74336757136315,52.5799148189442],[1.74337981959113,52.5791859496183],[1.73882524594671,52.5799759313535],[1.73912909110943,52.57478971875],[1.74343490625345,52.5759079363174],[1.74344711417188,52.575181748833],[1.73982283053948,52.5730371961294],[1.73367921458052,52.5741586195222],[1.72570138257248,52.6040601005119],[1.72423785850078,52.6059513993577],[1.72421585308647,52.60597983496],[1.72000127111928,52.6107427867121],[1.7207766172552,52.6122192213718],[1.71531003786899,52.6130452689433],[1.7160642925463,52.6168184660288],[1.71070075960162,52.619028643744],[1.69492804192765,52.6179858368696],[1.68175874321099,52.6083058332823],[1.65792264925865,52.6038831398541],[1.64546725089514,52.5893814790875],[1.64558744577103,52.5888668829904],[1.64560344816844,52.5888027739861],[1.6456655207738,52.5885541007917],[1.64807687180135,52.5788922235483],[1.64836063271085,52.5777550343746],[1.64860364249786,52.5767811133203],[1.65055699941858,52.5762135653952],[1.65023849648817,52.5931657472073],[1.65023705151908,52.5932427295871],[1.65104075367481,52.5941766221601],[1.6510986129194,52.5941882304909],[1.68362190178899,52.6007081787998],[1.68488768517956,52.6012792930251],[1.69730958940469,52.6068824628238],[1.69756723119775,52.6069986476712],[1.71344184969813,52.6115405828339],[1.7167187677013,52.6103842495495],[1.72041267132773,52.6080201642382],[1.72491956350004,52.6034302944541],[1.72581621284785,52.5968645927336],[1.72658119101018,52.5910060356706],[1.72663723531095,52.5905767508644],[1.72883581503379,52.5849921933422],[1.72885184028997,52.5849370906337],[1.73248275481938,52.572449600194],[1.73865486185142,52.5719767434541],[1.73296257718118,52.56951512421],[1.7325702807896,52.5693454571553],[1.73285379250645,52.5568485479782],[1.73386445655702,52.5535620393527],[1.73358780365292,52.5530234441084],[1.73475203864032,52.5506753967932],[1.7384104149841,52.5387737625857],[1.73890983966663,52.537148547245],[1.74037086158233,52.5321004523097],[1.74174699479942,52.529402257068],[1.75290334271412,52.5059516215327],[1.76047301612095,52.4900263267534],[1.76142302571244,52.4874536262618],[1.76357118981522,52.4816350668861],[1.76024431748032,52.4739507535521],[1.76003236341616,52.4737363859764],[1.75578438206808,52.4727114953423],[1.76052084339441,52.4758620181492],[1.75764488705135,52.4769276931525],[1.75426346740373,52.4727715302203],[1.7395900994576,52.4738368626321],[1.72254719668509,52.477437262911],[1.72165773511989,52.4776250819635],[1.72950456709829,52.4743314240102],[1.73011941631657,52.474073300556],[1.73911828476667,52.4709158498156],[1.75396741209448,52.4714701517459],[1.7561982622895,52.4715532621914],[1.75520856802233,52.4712959971469],[1.74982217632228,52.4698956364591],[1.74184479121505,52.4591890525045],[1.73626782634735,52.4496851163262],[1.73457272949391,52.4479683439194],[1.73442197865909,52.4468467312565],[1.73274227484442,52.4448612301528],[1.73292121879526,52.4427019020413],[1.73143794929386,52.4318576165004],[1.7313469175664,52.4310300462179],[1.72820541138376,52.4024460592182],[1.72771610649078,52.4000777986844],[1.69978141134159,52.3600914614317],[1.69683666169855,52.3558714797542],[1.6955695159248,52.3530417446782],[1.67552678155121,52.3134187527658],[1.67290171990865,52.3139214704351],[1.67058968625826,52.3130097804679],[1.66718952941651,52.3116669591544],[1.66448127896834,52.3097346020015],[1.66082522460722,52.3077736190223],[1.65229545468619,52.301252951927],[1.64997060805831,52.3001890918486],[1.64878693392896,52.2985699607904],[1.64437649139285,52.2951965560057],[1.63923259034409,52.2870142427628],[1.63728922695439,52.2846317973062],[1.63634388128135,52.2824177767541],[1.63571713179229,52.2814203672909],[1.63556913954551,52.2806031392932],[1.63544271480189,52.2803070076691],[1.63450274018159,52.2790199229837],[1.63434501401681,52.2777356117463],[1.63038742895536,52.2684621108478],[1.62931908361667,52.2460590124295],[1.6292893759562,52.2458946656676],[1.6292417399744,52.2454299279165],[1.62308025382691,52.2040542954343],[1.62231803241683,52.1868984631442],[1.61941790649493,52.1826836670169],[1.61032827341566,52.1694676800446],[1.60919956576671,52.1664556048235],[1.60821141857764,52.1649622064115],[1.59732841148232,52.1353027942139],[1.59618411411233,52.1317348723646],[1.58098210612731,52.0915392442772],[1.57917506486644,52.0867558911587],[1.54346966604729,52.0745010928571],[1.49973399830451,52.0605290907117],[1.48628265344393,52.0562266873729],[1.4756465000977,52.0511729334226],[1.46800933268139,52.0485420293383],[1.4681422687658,52.0487399454031],[1.4880285515304,52.0592872019774],[1.49049646143592,52.0599362884306],[1.49988051524084,52.0624037397144],[1.5174513418016,52.0670210456373],[1.53755554546657,52.0748622375714],[1.56253156503549,52.0858844829357],[1.56774778548116,52.0910866450176],[1.57498990279911,52.091334503252],[1.56773191365245,52.091417237407],[1.56184737338771,52.0861669316139],[1.5421215291904,52.0791900472204],[1.53950578362068,52.0880423694411],[1.55483702908854,52.0898517283129],[1.56880166187716,52.0981176025442],[1.5687472917467,52.1098092329157],[1.58687497284645,52.119763899656],[1.5957582842595,52.1354253525375],[1.5991487177255,52.1436114977003],[1.59319002327965,52.1455582653641],[1.58328198521688,52.1422350233806],[1.57513611565036,52.1443355530893],[1.57126798788566,52.1481561469116],[1.57992105781474,52.1548555552393],[1.57164765160159,52.159791177502],[1.55557945831957,52.1587012773726],[1.55348438410623,52.161094127279],[1.55742279275085,52.162610527135],[1.55172603072302,52.1665763652763],[1.53106895908944,52.1630695124951],[1.52898155465751,52.1650793998995],[1.52779167563148,52.1611357375801],[1.52357892919804,52.1618500035101],[1.51125554986757,52.1551065933931],[1.5100501392105,52.1602687878035],[1.50914974906994,52.1642169878203],[1.50787872124672,52.1643058586042],[1.49558385370672,52.1651647932534],[1.50518452395766,52.163469356815],[1.50714836877532,52.1628356218271],[1.5076635819819,52.1615734043693],[1.50883945772962,52.1586923705355],[1.50900660078328,52.1580081913258],[1.50754413776625,52.1600561726424],[1.50530562482423,52.1631905215474],[1.49923389315422,52.1638739689712],[1.50240902813107,52.1621966175874],[1.49923664412435,52.1594583610299],[1.50345424445241,52.1609620580349],[1.50388741937419,52.1537101618048],[1.50697441521512,52.1528195532512],[1.50892747771175,52.1522560291765],[1.50822810983308,52.1571736504697],[1.51078532310138,52.1510583753611],[1.51402056436832,52.1510996158508],[1.51731472875957,52.1511415131186],[1.52340820943186,52.1512187676334],[1.52506009846358,52.1572039847362],[1.53987314058142,52.157387824835],[1.55326772393184,52.1502161080559],[1.56755565622874,52.1561040498867],[1.57293793203404,52.1527909549545],[1.56929123432457,52.1516629078522],[1.56853391821374,52.153856306237],[1.56822468691201,52.1485326082444],[1.57341605818983,52.1427398799808],[1.58295615385794,52.1397452173826],[1.59549768922396,52.1416847188476],[1.59331272794205,52.1381941527662],[1.58173568789036,52.1196890931778],[1.56627182572346,52.1118667216902],[1.56552087315067,52.1001599555745],[1.55265777294006,52.0920663760313],[1.53748202137284,52.0903482650861],[1.53790207815764,52.081028623615],[1.52498719976478,52.0820059886975],[1.51051560612363,52.0695621253273],[1.50059234673564,52.0715036176817],[1.49234382089435,52.0731166692663],[1.49063102748719,52.0734515290021],[1.49580957213022,52.0856983591921],[1.49612474900291,52.0864434886756],[1.48960082112439,52.0796083864752],[1.48988376093401,52.0729097254451],[1.49932697737272,52.0711249744685],[1.50054462341332,52.0708947733939],[1.5013214765527,52.0707478979592],[1.50046089720851,52.0698265689783],[1.49538159961889,52.0643878085986],[1.47847779982907,52.0585317123558],[1.46168527165181,52.0462245719035],[1.45951843776957,52.0446358313986],[1.46102045684072,52.0447345760339],[1.4561530205748,52.0384441641091],[1.44372678282789,52.025507196751],[1.43620002289944,52.0126366382997],[1.43095881925985,52.0058519092006],[1.42104266550901,51.9990899617455],[1.41331918563418,51.9944278373491],[1.40706249577674,51.9918583347635],[1.39412270325351,51.9872614136674],[1.39558929003492,51.9985299652017],[1.39202405196552,51.996274362067],[1.3885363821993,51.9993979066698],[1.39552125631541,51.9990563306931],[1.36699692715685,52.0073690273205],[1.36622689888811,52.0102942099588],[1.36301924890043,52.0224756225119],[1.34471012635948,52.0312432928302],[1.35266192015945,52.0381758921695],[1.35164480283712,52.0456100176202],[1.34103864808985,52.0531357142768],[1.34370342422662,52.0641358685938],[1.32938896545762,52.0688020141039],[1.31902362867578,52.0806353389448],[1.3193740812755,52.0869844820367],[1.32453501814313,52.0890713435646],[1.32525974066601,52.0893643563209],[1.32724261157643,52.0901660086011],[1.33196926453029,52.0941032927345],[1.33165094909279,52.0984304786845],[1.34337565967394,52.1017141044399],[1.34420839709583,52.1020484507003],[1.34591456216859,52.1028153868275],[1.34639490233534,52.1030312949505],[1.34752823976118,52.1035407006772],[1.33723699331583,52.1037661888868],[1.33406023703954,52.1015025493714],[1.33233257306624,52.1002713452488],[1.32605289286522,52.0957954354019],[1.32575498265074,52.095583065726],[1.32508856558027,52.0904165742934],[1.32479053523659,52.0900522378638],[1.3173465494727,52.0890365450372],[1.31477165589756,52.0808928564364],[1.3140328673394,52.078852455325],[1.31375654075152,52.0776814232632],[1.31271691042131,52.0777282240611],[1.3041163751281,52.0781150369475],[1.30756368243068,52.0794483916317],[1.29545692828078,52.0773000682755],[1.29807245290423,52.0771275857843],[1.29838470847862,52.0771072259896],[1.31742391761407,52.0760950154374],[1.32253602044178,52.0665685305589],[1.32393034874232,52.063969486001],[1.32431873812146,52.0632454699678],[1.32509383224089,52.0636597858189],[1.32527404162812,52.0637482214173],[1.33380358094709,52.0586168725267],[1.33464364212885,52.0521251995124],[1.33478813833597,52.0510084340783],[1.33508024052138,52.0487507270371],[1.34738956335913,52.0422726504778],[1.34780674589205,52.0396200448652],[1.34314785420141,52.0370962798325],[1.33903671494396,52.0331294234358],[1.34332159388256,52.0272163315739],[1.33738549902578,52.0243580784344],[1.34443320880683,52.0264615980083],[1.35637604405293,52.022155231536],[1.35936732726714,52.0180815349494],[1.35936059634047,52.0147108227132],[1.35611476721885,52.0125385498418],[1.35887197596574,52.0158559182755],[1.35577492177165,52.0161163666125],[1.35426487980157,52.0137039252324],[1.35760690966742,52.0105407455719],[1.36400391584303,52.004484601107],[1.3803778825143,51.9984767057537],[1.38012666988689,51.9975295422208],[1.37971830606671,51.9959897618048],[1.3828747168923,51.9966312212768],[1.3879948226377,51.9902254376224],[1.3838129430497,51.9895434187086],[1.39146705805036,51.9893249484338],[1.38897801500532,51.9797608573475],[1.38779519201864,51.9787412561265],[1.36280407325483,51.9625430177576],[1.344921726115,51.9569230567128],[1.32021345294513,51.9334942637986],[1.31983151698257,51.9412454965492],[1.31977097811235,51.941323417144],[1.31976326057138,51.9414794568487],[1.31878176674645,51.9427083831756],[1.31870942365517,51.9455113662816],[1.31723114137189,51.944799601379],[1.31577529319671,51.9509786473105],[1.31589643265938,51.9511942511898],[1.31569397028145,51.9513237534514],[1.31567357181875,51.9514103174531],[1.29793469333133,51.9592777677742],[1.29603459647352,51.9601324834492],[1.28257035577333,51.9660618363807],[1.28031563207736,51.9931152011463],[1.26415632817304,51.9958129144336],[1.25836937031241,52.0029762616192],[1.25688958587456,51.9965475385595],[1.23796317564607,52.0030547248033],[1.22935362415475,52.0064735332251],[1.21545024918048,52.0065142807219],[1.21032432166295,52.0114949592525],[1.20451236415498,52.0132754159483],[1.19902145800461,52.014957132157],[1.19761976384056,52.015386370472],[1.19194179457148,52.0151495804674],[1.18833162306344,52.0149988795902],[1.18795346881229,52.0152576370752],[1.17875093529575,52.0215493383682],[1.1784121951194,52.021715177143],[1.17767542194341,52.0224467219524],[1.16972014752522,52.03034378643],[1.16622670817535,52.0298645530143],[1.16067640916408,52.0326404569686],[1.16099187373895,52.0418508976487],[1.16107652139935,52.0420228035657],[1.16305912743788,52.0460487214462],[1.15992524463065,52.0479580932633],[1.15549784383876,52.0365343731582],[1.15052620469011,52.0342324036755],[1.15003489113037,52.0340048910506],[1.16188953216225,52.0268047695093],[1.16688136049961,52.0182610202269],[1.17118897867686,52.0157099642318],[1.18518795171649,52.0074164515516],[1.2034944574637,52.0047878740068],[1.20387721125738,52.004399078374],[1.21153239785712,51.9966214107074],[1.23123290401446,51.995848200824],[1.24287184057278,51.992766534122],[1.24291709476998,51.9927545493263],[1.24304676503521,51.9900483295218],[1.246944262423,51.9899742595424],[1.24439923854362,51.9918890599108],[1.26730316429769,51.9878681976816],[1.27022807901817,51.9841865304079],[1.27110865364112,51.9758236571953],[1.26756865407466,51.9764103433902],[1.2790881432162,51.9603882606802],[1.27639416004413,51.9574895874104],[1.27373809501707,51.9556665458932],[1.26938621628984,51.9544934787792],[1.24297691326091,51.9614136002303],[1.21972192999347,51.9528720277425],[1.21193293951962,51.9554247165191],[1.21017962852213,51.9559992197178],[1.20041603775513,51.9558966136734],[1.18733528346985,51.9557578358707],[1.17787143998466,51.9648253303273],[1.16304862837031,51.96729516082],[1.16354272628026,51.9705251535911],[1.15992780027042,51.9652410690297],[1.15324884862241,51.9648032234176],[1.1322436269397,51.9575663541835],[1.13031366250315,51.9535406943776],[1.11854116529181,51.9562330941514],[1.10248788449339,51.954077944828],[1.09980149862677,51.9537170628631],[1.08613212131242,51.9589331254115],[1.06944934793724,51.9552565616661],[1.07292969351032,51.954147623003],[1.06898213330465,51.9545546244802],[1.06605086534423,51.9489954506621],[1.05881360719528,51.9559310459757],[1.06363880770177,51.9484565952488],[1.06215388153332,51.9491507737318],[1.06210543170683,51.9491734222279],[1.05391970029527,51.9529993962075],[1.05993410562293,51.9486186464067],[1.06187679906279,51.9459455142657],[1.07557746485267,51.9470271649631],[1.07930501174487,51.9464874847721],[1.08121781294911,51.9446823332193],[1.08480143690524,51.9456914670796],[1.09820550366328,51.9437490364887],[1.11943852814645,51.9400398125509],[1.1363099969753,51.9404781446927],[1.15036717995018,51.9458947810133],[1.17062471897496,51.9479985550397],[1.18103036720358,51.9417581727052],[1.19946310822176,51.9425195100489],[1.20587645608039,51.9427837158805],[1.21407832709636,51.9403204093259],[1.21914123829902,51.9449128888885],[1.21728642902023,51.9398225545503],[1.22741295225821,51.9394740884838],[1.23288459757089,51.940633806872],[1.2320112700536,51.9447929462824],[1.23516443824467,51.9435100513846],[1.23650050586455,51.9441634946001],[1.24195776045936,51.946832165253],[1.25414229479936,51.9471807593424],[1.26291341969618,51.9459297736577],[1.26405522645989,51.9452931541024],[1.27460801716414,51.9394077282714],[1.27754642470832,51.9399041705339],[1.280563367352,51.94041379321],[1.27686640373224,51.9447127043926],[1.28483050515505,51.9450545856551],[1.28440457767951,51.9465028862363],[1.29075004694393,51.9489269391974],[1.29142944807562,51.9474163669088],[1.2901315059968,51.938166905513],[1.29641839684689,51.9356612651602],[1.29292491237326,51.9365405547485],[1.29133489149863,51.936949705925],[1.28968673830244,51.9364014719865],[1.2853253368632,51.936917824656],[1.28214272132279,51.9346411528495],[1.27325084363549,51.9282786419935],[1.27299827806938,51.928097883823],[1.26182633389352,51.9179124612444],[1.25973399050344,51.9167532543271],[1.25900323007883,51.9163483716942],[1.25859996371276,51.9165241862459],[1.2550207078311,51.9180637523977],[1.25403512083466,51.9181211625796],[1.25891137764335,51.9152815082974],[1.25413075391168,51.9041078094199],[1.25334393753619,51.903257836593],[1.24672983700422,51.8961112452506],[1.24347388272551,51.9001928407739],[1.24438354654052,51.8969800719991],[1.23998454893314,51.8965788550318],[1.23166101667148,51.9024618135114],[1.24007421264424,51.9026305226379],[1.22975647342711,51.9045504600008],[1.21274871163684,51.8971799935754],[1.21216811525606,51.8969282998288],[1.21890639959652,51.8958765811075],[1.23012328339655,51.8941248701794],[1.22830911843283,51.8905382617371],[1.2125165477982,51.8903844140551],[1.21225960587511,51.8863763467626],[1.19901633333596,51.8847874870654],[1.20254883607792,51.8781568881363],[1.21050951500313,51.8795318277134],[1.20628923445666,51.8818100887812],[1.21120682569375,51.8805614559231],[1.21086404320923,51.8791578015086],[1.20978643618942,51.8784946594116],[1.19711176971226,51.8773290019106],[1.19969209259312,51.8756856782735],[1.19451788063131,51.8729216279758],[1.19234003227232,51.871758053841],[1.17821443386404,51.8714311467817],[1.19439080159547,51.8711289954632],[1.20778053502139,51.8708771999349],[1.2244241881101,51.8805810754426],[1.22177261886509,51.8720775429703],[1.21275752363623,51.8699489106506],[1.22849430213928,51.8726082480725],[1.23014939005789,51.8679890724947],[1.22528272170436,51.8649503810111],[1.23227651557844,51.8629683765608],[1.22812475093648,51.8589033287194],[1.22818793717632,51.8588468399329],[1.2324077673325,51.8550740677333],[1.23562120821829,51.8614993275701],[1.24313871020205,51.8592180305604],[1.2492937204337,51.8623067602696],[1.25238528625632,51.8589481424779],[1.24996108376022,51.8570222898348],[1.24971353140395,51.8568256142795],[1.24937000016796,51.8565526822029],[1.25379105722713,51.858058329186],[1.2525311376854,51.8637471344757],[1.25871953412744,51.8635028531199],[1.26003435726686,51.8633791336211],[1.26008412437474,51.8633744505343],[1.27145860623909,51.8623035020868],[1.26623624267874,51.8619432652326],[1.27142481577368,51.8605972907177],[1.26545190905584,51.8558901792976],[1.26906622648226,51.8517520779608],[1.26975168476138,51.8560566570874],[1.27493221978392,51.8548717238172],[1.27016073967464,51.8569699111125],[1.27348284329379,51.8621122198186],[1.26778863269749,51.8770989884705],[1.27033407463681,51.8770389949642],[1.26649278010671,51.8812913770523],[1.27163603468133,51.8820909488627],[1.26355903098977,51.8827616072955],[1.26369001181489,51.886212760323],[1.28344387341178,51.8767291312261],[1.28626448992612,51.8766622670738],[1.28977796099782,51.8729803941053],[1.29026645643774,51.865998109743],[1.28782174658045,51.8605818213819],[1.22496400253739,51.8140797034861],[1.19603715873188,51.8011596141041],[1.18929290013936,51.7990811433145],[1.18556060620554,51.7979306595373],[1.17883593618467,51.7958573198763],[1.17279656103031,51.7937021871803],[1.16133253190603,51.7896075499423],[1.16124989437052,51.7895718542906],[1.15501743806996,51.7868793402812],[1.15482209759526,51.7867949390129],[1.15015247681164,51.7847771418605],[1.12442069290619,51.7754509222182],[1.09455096009465,51.7719404275754],[1.04268242610963,51.769909603606],[1.03300528671158,51.7783093830797],[1.02924384001904,51.7886911109346],[1.03220713373939,51.7862105835784],[1.03558979032212,51.7874741669739],[1.03628619829406,51.7848374156576],[1.04118065282149,51.7838768154176],[1.0370940856413,51.7854943869381],[1.0371519929749,51.7906069278167],[1.01761138042625,51.8006619310397],[1.02078223242157,51.8031518589763],[1.02976994835261,51.8003869160919],[1.04653396370251,51.8024575926365],[1.04443247163713,51.8031281453707],[1.06218273317232,51.8103822538135],[1.06743951014092,51.820406221113],[1.06779725573519,51.8210882215841],[1.06328870592436,51.8205869657549],[1.05955593023872,51.8241846592712],[1.06101309292015,51.822165630657],[1.06362611582679,51.8185445689323],[1.06349717738911,51.8182810068508],[1.06023126455515,51.8116041238022],[1.0396735422232,51.8056005129316],[1.01060215931811,51.805630059807],[0.993651915824556,51.8164150587294],[0.98268967275106,51.8311920830188],[0.988320549386931,51.8366033535532],[0.989362382430021,51.8376043775002],[0.985494380295129,51.838740578519],[0.984300987794018,51.8407191302996],[0.980418556453222,51.8471546585149],[0.971589799456425,51.8501122919719],[0.9665818665051,51.8516580485688],[0.966201093639065,51.8517755649409],[0.955468599013042,51.8541225861811],[0.957597254207333,51.8533218193123],[0.976016068634127,51.8463901891409],[0.977621955049513,51.8408885047342],[0.978421110744497,51.838150156693],[0.97442280434507,51.8288167060013],[0.982322645310723,51.8173587219362],[0.966372556553522,51.8222809224061],[0.964056412032822,51.8290021238474],[0.952554470344666,51.8332857952566],[0.962939883940556,51.8282684794691],[0.964166441964546,51.8219930314584],[0.94923919813316,51.8246530246125],[0.943539748645469,51.8221642677658],[0.951213891332441,51.8233767146356],[0.966618462767479,51.8194425436147],[0.991238982819986,51.8071992003457],[0.969588925811234,51.8127326575314],[0.927476617217011,51.8075545546132],[0.925257909629833,51.808309700845],[0.91989286791833,51.8079105314412],[0.92325920399176,51.8061675003405],[0.937152457903174,51.8058597744332],[0.925405185078919,51.8026999816991],[0.899600731313459,51.7887872749607],[0.90132167691746,51.7923262255033],[0.89859425915302,51.7901226400999],[0.897248327082882,51.7890351052878],[0.894753394092583,51.7910203682326],[0.894657630526799,51.7898230972467],[0.893427669898868,51.7744385634263],[0.87852787192688,51.785747392957],[0.871228309094193,51.7842720131587],[0.872213411176291,51.7832064406287],[0.8561967911631,51.7874165095857],[0.859595177172243,51.7857518652647],[0.851548773574725,51.7862873384954],[0.841604084309048,51.7823046841373],[0.837467699678749,51.7842070116032],[0.843306602649899,51.7807643044073],[0.852588428797037,51.7828494317846],[0.857931471969376,51.7840493034599],[0.877233282761881,51.7793539045316],[0.890701397237792,51.7697119349954],[0.886632433495922,51.7708040028358],[0.884959684454068,51.7682611351697],[0.894608810887656,51.7663024244143],[0.883101725269874,51.7638574616257],[0.860360001426338,51.7688526640653],[0.85743330437742,51.7750009934737],[0.851253417279161,51.7740898681194],[0.851368495955383,51.7705129194232],[0.839890263571399,51.7736801570531],[0.836724761248785,51.7738721904444],[0.834583084848583,51.7704432658329],[0.839650939460707,51.7732084896897],[0.838918595122999,51.7710374034517],[0.842481103029129,51.7722482018092],[0.856202335021915,51.7677243476935],[0.840964668953761,51.7702163062422],[0.845340379057936,51.7675103013784],[0.842271535735097,51.7648333821536],[0.860734007202027,51.7642926252071],[0.850356658179789,51.7571285437575],[0.861833214515808,51.7631101943447],[0.882710544872676,51.7576522548307],[0.856248301249789,51.743801341083],[0.848653396097639,51.7469072968474],[0.847436044557382,51.7474050512192],[0.848301226474633,51.7464016934426],[0.852430417976529,51.7416123536087],[0.834848670024287,51.7387386299969],[0.825064835297226,51.738395473454],[0.822613270731443,51.7408270060101],[0.811215423097858,51.7388509557729],[0.792287589833152,51.7451635899014],[0.789044975569237,51.7376382102661],[0.796736598853129,51.7400482612968],[0.78863232079183,51.7366533037107],[0.778564620028879,51.739312997264],[0.776902803082075,51.7439848992577],[0.776835449574852,51.743957727308],[0.776453878778951,51.7437624823537],[0.77221246906873,51.740704634903],[0.771007213116067,51.739832373494],[0.761542748157056,51.7422072626538],[0.760457977516952,51.7424821147038],[0.761432245821566,51.7411157557028],[0.763141441063553,51.7386966987261],[0.755168809574124,51.7353047427084],[0.754885011544808,51.7353365777914],[0.745539428842503,51.7363845209748],[0.744999185327617,51.7364450746374],[0.745001347323711,51.7334465674789],[0.745052299314329,51.7334582812689],[0.745046266043188,51.7334220912016],[0.745130912941102,51.7334763530617],[0.750008831541818,51.7345975844452],[0.747314168063583,51.7320802830884],[0.747769714979954,51.7321510989526],[0.747714176309186,51.7320904130596],[0.747573433217648,51.7319366254408],[0.750959509168034,51.7325302816946],[0.749911096725669,51.7322218682595],[0.744923329065235,51.730973911255],[0.744785444576927,51.7309397303445],[0.744522861261808,51.7309445953907],[0.744369513459171,51.7309835559862],[0.743058466389894,51.7313166379995],[0.738273972374198,51.732532011705],[0.73747316561229,51.7327354102405],[0.737516004444836,51.7326704785813],[0.737565880487988,51.7325948791913],[0.739400854711086,51.7298133681921],[0.735516568997566,51.7294784480558],[0.712890147206159,51.7375002275077],[0.714605389908931,51.7341203266727],[0.705375743022771,51.7238565603257],[0.702176227158754,51.7279224888917],[0.690056870515077,51.7323718541174],[0.689558903027648,51.7304244555923],[0.686471863557025,51.7332192592145],[0.687158768885176,51.731767056889],[0.688672096998063,51.7285673734817],[0.699318643809774,51.7261678586772],[0.69734446423786,51.7228307104547],[0.712062931861356,51.7157528849336],[0.711068172308606,51.7147803478809],[0.710183794382378,51.7139156845245],[0.716199828007682,51.7136120900828],[0.717834301101234,51.7162395940486],[0.746995670840227,51.7114542068748],[0.743759841336277,51.7065168405314],[0.74803053783207,51.7102735025767],[0.751024375135356,51.7079476202181],[0.746033709141438,51.7048637261176],[0.751540034296001,51.7075138668346],[0.751108562195217,51.7078822111307],[0.754667200326733,51.7099984781987],[0.769185517779274,51.7083592430127],[0.749837700929676,51.7003290438393],[0.754238394335417,51.6953594681105],[0.746941509100834,51.6946147837495],[0.748282996689752,51.6909571768161],[0.740572698079686,51.6940414045977],[0.740133288014236,51.6932209879798],[0.73842916893741,51.6936942560836],[0.738301890789598,51.6937732987596],[0.738322996802413,51.6937100764937],[0.739217331119556,51.6915107321961],[0.739885381404552,51.6927581124623],[0.742066464472572,51.6914352523202],[0.737834658420487,51.6872043984588],[0.742746927026809,51.689200018041],[0.751229517613637,51.6885039148751],[0.751540706531218,51.6887050499273],[0.751828407601321,51.6886090454296],[0.756279371393043,51.6917288930764],[0.757428343094442,51.6949738073062],[0.759205750217637,51.699839785649],[0.7660570164019,51.7008569809444],[0.772165080951616,51.7017440223652],[0.772177241867504,51.7017130808899],[0.77220748890082,51.6940499168416],[0.775908549507167,51.6915530320942],[0.775918210471551,51.6908135462297],[0.773457903405068,51.6889119394329],[0.777330714131422,51.6854074249967],[0.776013832722134,51.6885052687115],[0.776885836910141,51.6888167288034],[0.776904837441461,51.6904421520792],[0.776433219300047,51.6908814297421],[0.77614037744074,51.6916268362839],[0.77978257077557,51.6927862605752],[0.778493104335705,51.6929465870491],[0.778923712531378,51.6932940004235],[0.778532595799015,51.6932160382556],[0.778434926875374,51.6929538201287],[0.77547447317023,51.693321851669],[0.774433997127061,51.6959701173122],[0.775438332084299,51.7015850463684],[0.771581982679827,51.7040612962599],[0.785355109067918,51.708145167528],[0.790217172681366,51.7063048030162],[0.790820933191851,51.7090568870872],[0.797560483871276,51.7079450300272],[0.790809214665959,51.7103010145232],[0.794955802583126,51.7185235503007],[0.801337545509072,51.7181004587333],[0.805882113064029,51.7177989471767],[0.819726082887312,51.7210811526086],[0.834167539152291,51.7149946076918],[0.848178284675708,51.7157052282464],[0.875264297019819,51.7251526025609],[0.886290622938406,51.7330100069731],[0.890704052787805,51.7413360345106],[0.895595242817426,51.7433045229252],[0.899523834523474,51.7448853348324],[0.91680970650699,51.7468646163775],[0.931581340894829,51.7459921856426],[0.942750277395386,51.7398036435768],[0.950572298872485,51.7308319634607],[0.950691527860078,51.7228800402258],[0.939517468836879,51.6986172133159],[0.950057791342381,51.683496409888],[0.943015915240158,51.6722803066497],[0.942315790221674,51.6618968429938],[0.942227563918651,51.6605879310277],[0.93565532757396,51.6610888300948],[0.941849763567525,51.660291608768],[0.936526329276151,51.6600219267715],[0.939961908842364,51.6591885276111],[0.934762371180455,51.6550824199351],[0.939221522222564,51.6563964090166],[0.939629868392666,51.6544839211286],[0.934239117539083,51.6538318349036],[0.939444365936141,51.6543437828574],[0.937968132663018,51.6525351884888],[0.937443653817733,51.6518925888781],[0.937128798444721,51.6362237031117],[0.935168220558103,51.6348759724462],[0.926546958770398,51.6289482364597],[0.925739943807412,51.6287112899785],[0.901920982885591,51.622734826311],[0.891996726871842,51.6240196615401],[0.887969677854985,51.6236733587384],[0.859581551414301,51.6212280886912],[0.838391726412714,51.6240418091437],[0.82287928136844,51.6231131551124],[0.804378848529106,51.626116334347],[0.802984052267524,51.6293676993563],[0.802908944951455,51.6258762694909],[0.795200002096708,51.6255195931066],[0.777160736446368,51.6356287831196],[0.776439970241478,51.6360344328562],[0.761917861023703,51.6441523100241],[0.74546875005021,51.6432963596358],[0.746239791392601,51.6456490259093],[0.742009810525441,51.6412412339828],[0.71693327822913,51.6430042323758],[0.711060789993781,51.6399166986537],[0.710738523198599,51.6394032680116],[0.709037187478184,51.6366925212109],[0.695916356792009,51.6392483151277],[0.691988101311184,51.6370109511324],[0.662107857639027,51.636996204869],[0.659917680554172,51.64305892583],[0.66483480745062,51.6408815898908],[0.666650104765101,51.6425770032008],[0.650380626224716,51.6484412817198],[0.650470936002069,51.6457286384663],[0.658457744065231,51.6434543917911],[0.657874564453792,51.637861100215],[0.629578830245553,51.6395984891628],[0.62960706977254,51.6393381020672],[0.630386840776339,51.6374855608296],[0.646699816654623,51.636632337879],[0.642610432952507,51.6326468649193],[0.626910264991903,51.6334507309369],[0.607758219787993,51.6298162513373],[0.606994973844609,51.6295698627228],[0.606918958599284,51.6295453237529],[0.606678803579102,51.6294677961323],[0.606201228778257,51.6293054895248],[0.605313962050893,51.6290039390641],[0.606801274492625,51.6291288799077],[0.608653158541114,51.6292844192646],[0.637196895887258,51.6316777153523],[0.64749727479055,51.6299163517413],[0.646900263950788,51.6334010111362],[0.6515932186746,51.6359085588384],[0.657129903782556,51.6330591630037],[0.656789449283241,51.6352073588339],[0.656837887432395,51.6352060485545],[0.710176138189077,51.6337513867539],[0.711376031938563,51.6337183865727],[0.72197606593446,51.6357780937786],[0.733916931392536,51.6309651649983],[0.749473867721246,51.6311752806446],[0.764094701830483,51.636878167427],[0.784418833216513,51.6242963749623],[0.779443551661996,51.6188309554052],[0.785083938735781,51.6236195460759],[0.865747078722512,51.6155697676049],[0.86613818278338,51.5992172399332],[0.862526473082407,51.5960522264221],[0.821170513173093,51.5987384573],[0.81628759112688,51.6022475681866],[0.819110570716506,51.5976097679741],[0.80424520359453,51.5893398744431],[0.764643235664928,51.5832242604675],[0.754261683730945,51.5881130385727],[0.751110388228407,51.5864017564972],[0.759762853938451,51.5847350932938],[0.758661394812141,51.5811945175526],[0.758454066102858,51.5805280011699],[0.75118656938199,51.5803923185351],[0.75110211047913,51.5803907390677],[0.721834535675819,51.5798396069915],[0.723386242148661,51.5787227379071],[0.725591816452817,51.5771351106147],[0.713659116084998,51.5726549198903],[0.74420290155784,51.5787313272483],[0.747727124842997,51.5794317833953],[0.753111432656009,51.5791965923312],[0.759738748545889,51.5789067619301],[0.761042448581242,51.5763622846649],[0.764633986224561,51.5805515040407],[0.805932493174082,51.5861220084604],[0.8067791261124,51.579715173402],[0.793474656566124,51.5763344072274],[0.799139202825337,51.570915268841],[0.799215522600999,51.5709475734611],[0.801883309577967,51.5720767253791],[0.80702194137967,51.5696496319809],[0.80377403805699,51.5672233899515],[0.808220661599484,51.567135913733],[0.809913915940411,51.5698097423252],[0.795668823002866,51.5745985067091],[0.808062448680497,51.5787320083504],[0.814382238487829,51.5764453992622],[0.821011954719238,51.5643745560938],[0.817822952378417,51.5619967444267],[0.824597755975317,51.5635804443513],[0.829607311249999,51.5585517198573],[0.840125156459378,51.5601620006608],[0.850500488433668,51.5566221900676],[0.848619668975376,51.5513920080604],[0.821187634051043,51.5406245740243],[0.821153104826494,51.540605168187],[0.787770680963095,51.5218312602018],[0.777909876304213,51.5226195849868],[0.77655543989085,51.5227278041443],[0.768357281628454,51.5254520287059],[0.768295536668192,51.5254599457961],[0.731570435888342,51.5301627504965],[0.730801823536657,51.5303300015373],[0.72051713612934,51.5325673658755],[0.718475979486183,51.5327422050916],[0.690406546394642,51.5351428417221],[0.687932891933451,51.5353540707686],[0.670719156184168,51.5381478336798],[0.640516472317042,51.5401420455071],[0.640203611913495,51.5401626610754],[0.627203425407398,51.5380388380086],[0.625005414615541,51.5376767349809],[0.608470309209766,51.5349512005615],[0.603235831574634,51.5359090399738],[0.595987500727259,51.5372349132617],[0.594077004416345,51.5375842847492],[0.587812779527196,51.5387295550568],[0.587590685756867,51.5387701523301],[0.578280890194664,51.5400993356049],[0.565387923360839,51.5419388921791],[0.554169526417849,51.5455622678062],[0.54758298196772,51.5476889503497],[0.545033824433572,51.5476300706],[0.544280297856271,51.5463971831176],[0.544256277400809,51.5463578799322],[0.542868599766776,51.5349707050427],[0.535216728093917,51.5311701032452],[0.522551321959993,51.5328146623465],[0.517001364590169,51.5301033315571],[0.516760299863652,51.5299855503052],[0.51322046597515,51.5318699963791],[0.506868774999987,51.5312639604355],[0.517681557101836,51.5271094091742],[0.522193879480497,51.5159664821137],[0.54127138652028,51.5125607473528],[0.531314444162764,51.5084968435227],[0.52269123183289,51.5078840268992],[0.518719884620895,51.510425514053],[0.508165354966102,51.5051970518677],[0.49424254853679,51.5071325464992],[0.467285294890274,51.5037482507975],[0.460895596713762,51.506977157283],[0.455889568439559,51.5068509705656],[0.457411708143105,51.5054154447338],[0.457587539368674,51.5052496112615],[0.447625001861972,51.5001580391275],[0.446006958984826,51.5001547626319],[0.444974824975837,51.5001526608807],[0.444288451797498,51.5001512581634],[0.445602656282082,51.4981793901296],[0.441840103311365,51.493504407168],[0.440256658801377,51.4915366576942],[0.433979747212772,51.4614986163648],[0.398401563913328,51.4536616126216],[0.398110186227817,51.4536433808821],[0.381659714804317,51.4526128573487],[0.378331526275371,51.4566178511551],[0.378759071347683,51.4521358363784],[0.340845314505118,51.4523277375829],[0.32817933001668,51.469290860284],[0.318735408175832,51.4741154677249],[0.30620754289798,51.4737191699839],[0.305164075622992,51.4736861055618],[0.304678377376232,51.4735379341039],[0.302391321017327,51.472840185791],[0.291448103696448,51.4695006441007],[0.281402125989587,51.4613984597761],[0.247042158331995,51.4727355203201],[0.229312247679955,51.485780629721],[0.228521388488694,51.4863622663493],[0.211870088916148,51.4899589563293],[0.211576815311689,51.4900222752128],[0.213074626967269,51.4950222533318],[0.241919319161816,51.507960127814],[0.23717600954358,51.5193344344092],[0.248964774122808,51.5286740297463],[0.253834318187163,51.5178858725017],[0.263682923643184,51.517869793022],[0.265347272043956,51.5321502659796],[0.334024218329939,51.5405038046851],[0.313035079940716,51.5658181328032],[0.290289733913774,51.5642993932384],[0.269866485133475,51.5995544507301],[0.254008700235285,51.6015982016854],[0.264104230272526,51.6088770949816],[0.224087730411796,51.6317377623678],[0.16890129781848,51.6214201704836],[0.135810576180092,51.6235471357146],[0.0922848679306965,51.6135742646308],[0.0871420167244084,51.6044152926275],[0.0626225817304307,51.6070398176063],[0.0479561835430442,51.6133026355006],[0.0536727737913095,51.6182790986979],[0.0409024119461752,51.6156755843329],[0.021819035344359,51.6288327870281],[0.0227195416969588,51.6411154938026],[-0.0122596870547121,51.6462286971895],[-0.0110655316635855,51.6808696803679],[-0.105763336971677,51.6918755699079],[-0.163477125868523,51.6881208420383],[-0.191066699360921,51.6638967053238],[-0.203352928676407,51.6701264989751],[-0.212135030723747,51.6613535283696],[-0.250582589477333,51.6560573522745],[-0.257332658018192,51.6418318488053],[-0.296127205630224,51.6354469653632],[-0.316672244970353,51.6405355675681],[-0.39946517299048,51.6134074682185],[-0.440575301279442,51.6200732393013],[-0.457130755473738,51.6122938899877],[-0.497225960274379,51.63165698913],[-0.500595886737316,51.5996898995638],[-0.520534550264269,51.6019076657205],[-0.539260817248429,51.6380393912766],[-0.536891506831177,51.6606244728575],[-0.522777811384923,51.6583975690829],[-0.520994790005152,51.6680453786674],[-0.505107856324304,51.6730768935581],[-0.511144949153701,51.6798958700476],[-0.54868869522748,51.6826545448642],[-0.544017145197112,51.6968174726995],[-0.563209678177221,51.7118798635673],[-0.550082820807204,51.7305750653227],[-0.563699987436117,51.7396173413188],[-0.575012470807294,51.7370447581435],[-0.586379726976092,51.752115950395],[-0.612935985356938,51.7474272560625],[-0.669160530446024,51.7659344422225],[-0.690190999010661,51.7923392108272],[-0.685394264649477,51.8001859212165],[-0.709295276544129,51.8205395961038],[-0.723653476773253,51.8177730671437],[-0.745207853866937,51.8382231239284],[-0.720316256522121,51.8561672482531],[-0.696426502919578,51.8581573404529],[-0.686770330064733,51.8492206309632],[-0.695449593789592,51.8411106768875],[-0.667245098413582,51.8158052624771],[-0.632939595714382,51.8199461874726],[-0.581825667306615,51.8069054436194],[-0.560611753444012,51.8301117501207],[-0.543730170171154,51.8245761858016],[-0.537619262375032,51.8314728030516],[-0.583563578497735,51.8703238406752],[-0.6200891563295,51.8854855177811],[-0.651985919199778,51.8868522847296],[-0.672969117918549,51.9017527155225],[-0.693308161397624,51.9003480469886],[-0.702156753865155,51.909119113469],[-0.682288535826066,51.9427627103595],[-0.670493797974004,51.9436203494238],[-0.672076196587977,51.9559102673428],[-0.662123638245832,51.9555476987174],[-0.645680806107934,51.9722283113145],[-0.661689665376442,51.9997363853462],[-0.643460193916601,52.0109005925551],[-0.650960161931678,52.0185469839789],[-0.640329250663556,52.0236607949338],[-0.643047384421451,52.03724943846],[-0.66897597717708,52.0487168407765],[-0.591810331121503,52.1106918880999],[-0.607249381411581,52.1338687517842],[-0.635451654776416,52.1392536208873],[-0.64076532109467,52.1528171137803],[-0.630687617590423,52.1550241219381],[-0.627446652788111,52.1815454683205],[-0.668135637658982,52.1950341117758],[-0.63733162156624,52.2273176317195],[-0.653655470981071,52.2682893071709],[-0.603337324956545,52.2788024382021],[-0.565693055132987,52.2534682264436],[-0.540386636859179,52.2568345532378],[-0.531190184929433,52.2704024303694],[-0.541969414284237,52.2899424469085],[-0.514051195755829,52.3146970761678],[-0.519829880170178,52.3176925680897],[-0.476261345982474,52.3180638528938],[-0.46468250010832,52.3247597237159],[-0.466656737619639,52.3389275764],[-0.483264192761938,52.3409032974573],[-0.477682425550585,52.3489199917172],[-0.498699838187518,52.3600958388278],[-0.488518815845791,52.374023541935],[-0.495946267815481,52.3795155302795],[-0.441509864468212,52.3849964344035],[-0.417072832141305,52.4115991109509],[-0.362408041008102,52.4335312780284],[-0.370217036825639,52.4399302714173],[-0.341590492473876,52.4669426273503],[-0.359404306001708,52.4898300891516],[-0.354345203263394,52.5064950723187],[-0.413602640818525,52.5256796137016],[-0.401283297186851,52.5386846825222],[-0.419593787330186,52.5589619550433],[-0.407290921113568,52.564054854817],[-0.415381402678347,52.5787426397479],[-0.478814868225147,52.573645147065],[-0.497651443767072,52.5868509766981],[-0.470961263649924,52.6179533112223],[-0.494688679013636,52.6402652609402],[-0.452832300952799,52.6542749156432],[-0.405694618313302,52.6480559479697],[-0.350076984266874,52.6616700392401],[-0.334985138827247,52.6748706355815],[-0.289240338532188,52.6702761885072],[-0.260628419607621,52.6514134409202],[-0.206037616936727,52.6680733124595],[-0.192867813968712,52.652438511053],[-0.180020104975691,52.6605611585471],[-0.14106199482318,52.6515074247825],[-0.102195958212229,52.6722061953853],[-0.087752503198597,52.6667860926836],[-0.0637138143765743,52.6752330946213],[-0.0312706832650579,52.6615327439854],[0.0215003524278174,52.6648872884646],[0.048848482208305,52.6817708046624],[0.0441494759872833,52.7143823496307],[0.0636266193206916,52.7273915095045],[0.089023615153693,52.723631754253],[0.142076106979268,52.7399180828341],[0.186323197484379,52.7353486313374],[0.272228339358099,52.7728129925168],[0.245037550842594,52.7844699915289],[0.267002148567531,52.8157118965235],[0.26880215804313,52.8158357497653],[0.287556567837441,52.8192345432592],[0.334525449802122,52.8172498588252],[0.351922628534727,52.8094450848774],[0.368629001023451,52.7884149057955],[0.368855958641539,52.7880706595307],[0.368874911304853,52.7880419134587],[0.371035970927614,52.7847637460415],[0.374821183441225,52.779020742391],[0.374904941071507,52.7788999295867],[0.375552548553256,52.7779657958225],[0.391412554301496,52.7538271056604],[0.391566186779374,52.7534972872415],[0.39552199125864,52.7475681285487],[0.393165474666195,52.7534696301551],[0.391135083564554,52.7585419546778],[0.389492939946731,52.7609785485714],[0.393673355451802,52.7604108827766],[0.388907523176749,52.7618454031817],[0.374607530085557,52.7843039479064],[0.380263197023344,52.7823122312606],[0.375010493440856,52.7853856491096],[0.376190514761951,52.7859041893343],[0.379916879137359,52.7875415181028],[0.380980749268048,52.7854053009735],[0.38143865036421,52.7887661608382],[0.37482154303459,52.7857014126769],[0.373200019153258,52.7874765302105],[0.371903180040537,52.7888960845386],[0.371315091103126,52.7898963201362],[0.370320181294493,52.7915883871558],[0.357764687822173,52.8125481569468],[0.372982627728997,52.8205263776973],[0.415445508726087,52.8427620232624],[0.415774702135065,52.842957567298],[0.432668536555114,52.8529890393306],[0.442969858009945,52.8532611523489],[0.444772990373951,52.8533086905091],[0.445457944461445,52.8739018085395],[0.465456132739866,52.8981055800983],[0.477391634162073,52.9260752622012],[0.477408143990433,52.9261139248529],[0.477692977392768,52.9267811716151],[0.480461964228256,52.9315111598369],[0.490019892682054,52.9478293370796],[0.498501678792708,52.9527013639385],[0.514934452957447,52.962135604629],[0.516026482434468,52.9635830354999],[0.518032770390911,52.9662419848622],[0.519847485786884,52.9686467283688],[0.534937821290634,52.9746560478121],[0.562280514898932,52.976567633631],[0.562303648190193,52.9763791916732],[0.562335421232782,52.9761726148841],[0.570169034316162,52.9751483057528],[0.56971250826494,52.972147751738],[0.565751361650031,52.9727179585639],[0.56928896969088,52.971108505435],[0.56305591445138,52.9727518485312],[0.56324097211376,52.9720788769683],[0.563120591104451,52.9699936384496],[0.568285003069228,52.9707812796826],[0.563562150887361,52.9695012068461],[0.575593104215258,52.9640033244124],[0.583515137576574,52.9663409593084],[0.574852811693297,52.9656297639339],[0.570740627391231,52.9694432249332],[0.581380724963978,52.9706126668903],[0.584966447972997,52.9674010509071],[0.581663216518352,52.9712035709292],[0.58641900860759,52.973172788404],[0.586674436464148,52.9695808894804],[0.588584307058828,52.9708956587123],[0.594385861354676,52.9681345505936],[0.594580776804567,52.9680322656871],[0.595087254181944,52.9680086631243],[0.59722261463367,52.9733439487261],[0.593823885065929,52.9704909708436],[0.590095135290325,52.9731215007244],[0.593524103532861,52.9730970789396],[0.585875461143665,52.9746727683129],[0.58932204607709,52.9767593817462],[0.617857088257859,52.9736335792831],[0.619165916588525,52.9692407263797],[0.62602885991998,52.9709795852075],[0.620440323488113,52.9703377914514],[0.619880655773301,52.9737688153998],[0.670163710884045,52.9778421909173],[0.675068081087854,52.9737681818047],[0.669786638995491,52.9703208219214],[0.656156627945936,52.9733113344408],[0.657411650090898,52.9709930049859],[0.639806578768937,52.9700914333107],[0.645474228650082,52.9679549598023],[0.635681640011895,52.9683124950016],[0.643541862615803,52.9661627181218],[0.649775443406005,52.9697078161194],[0.649273330719675,52.9668541988326],[0.666072150940941,52.966426220104],[0.671589298047758,52.9697470784457],[0.678908530464287,52.9678452904573],[0.68148988214014,52.9671744198571],[0.688409594787431,52.970870717077],[0.680802703272367,52.9693803666636],[0.679045523007963,52.9700654281993],[0.67528455805015,52.9715315334333],[0.679148922644216,52.9717409552585],[0.684625385389066,52.9720375237582],[0.695141955256206,52.9781756029669],[0.700430472451059,52.9775285819656],[0.699759924461986,52.9747050288112],[0.70312980448068,52.9766444707281],[0.702344642158813,52.9733469348617],[0.711616220543314,52.9736686640194],[0.71665265523239,52.9720413398579],[0.710463082724717,52.9754216875399],[0.706102490398869,52.9741039556116],[0.705869052361815,52.977325042739],[0.705844065206999,52.9776697969612],[0.709684277951637,52.9780454246684],[0.712332278692146,52.9766993694189],[0.714430397037189,52.9768428639722],[0.714603651298249,52.9768547114209],[0.725863242616667,52.9777196888831],[0.734150355358427,52.975792535566],[0.734480885585174,52.9757188574903],[0.734537589485754,52.9757062171261],[0.734714718561337,52.9756667333973],[0.736183030268696,52.9753394168113],[0.752133230742927,52.9728812839656],[0.743706541194252,52.9653770351584],[0.736826462264787,52.9673206666396],[0.734674035194,52.9668219582126],[0.733275164302869,52.9641731894405],[0.735469151122042,52.9642996284416],[0.746702607641084,52.9649463666369],[0.757875478537526,52.9693463940284],[0.759834727888186,52.9725120334322],[0.754532243671532,52.9705749454964],[0.754290556681462,52.9746917962743],[0.761332907706025,52.9758250318897],[0.751646967351185,52.9771395784842],[0.7722298008452,52.9788472382401],[0.781335328481946,52.9766959015602],[0.809120769634315,52.9735899296194],[0.812374220138765,52.9702873893885],[0.812451498931414,52.9735659752023],[0.821893681922213,52.9765904064366],[0.82157324980514,52.9765815576867],[0.812939782308326,52.97413441653],[0.811383600951714,52.9762997323488],[0.824117537541462,52.9773025580337],[0.844194844263152,52.9772040857836],[0.843505410447972,52.9746901243525],[0.852206196776362,52.97316692935],[0.850992503694531,52.9577794234759],[0.868798187562034,52.9570207384067],[0.869914381123761,52.954896736847],[0.870222328707058,52.9552031684723],[0.874342172145901,52.9593022272802],[0.871939774750842,52.9590823383825],[0.872401906976245,52.9603705439213],[0.871306769103461,52.9605726901418],[0.86438502644374,52.9618500631561],[0.867868966034246,52.9674843296396],[0.872677287921496,52.967356575291],[0.874439445532076,52.9673097070451],[0.87275080229524,52.9677203909877],[0.865342083210077,52.9695218439317],[0.863460562944142,52.9657993527007],[0.863410677831195,52.9620021451262],[0.852996913832645,52.9578715467551],[0.857066888376953,52.9602466736602],[0.853882041029846,52.9635344119894],[0.863027884387675,52.9677719146915],[0.85551407470956,52.9687962540661],[0.866611474241805,52.9790259337746],[0.871864597850963,52.979091536851],[0.874843186431785,52.9780726895624],[0.879414721707514,52.9765087261022],[0.882597814685082,52.9697851849397],[0.892440949360461,52.9688301680816],[0.883321553915977,52.9651490284166],[0.881963891272987,52.965479352731],[0.883511725404533,52.9649637095266],[0.897402545257807,52.9695213031044],[0.903827536894482,52.9619968435296],[0.893262456404603,52.9610322024967],[0.897571861043299,52.9594473231156],[0.907881348050052,52.962375238994],[0.907605731212268,52.9584890557666],[0.911785760251005,52.9633424940076],[0.917568328549457,52.9624602613621],[0.918158965897604,52.9623348035813],[0.917515817340639,52.9626241009252],[0.915668532565786,52.9634549955276],[0.919698873702988,52.9656464372148],[0.935784954140313,52.9627959243306],[0.936651561504586,52.9604120202311],[0.944872431694233,52.963865058175],[0.946006268900154,52.9588990860594],[0.948758255222712,52.959225732664],[0.946197690692936,52.9590643008608],[0.945854803739359,52.9637246952824],[0.952177900737445,52.9635174039741],[0.963363056748243,52.9601454083703],[0.960616010980292,52.9599725654007],[0.962080260262821,52.9593527813546],[0.957735670697403,52.9575114229837],[0.960963289609431,52.9573033563925],[0.96933380957936,52.9637372896509],[0.976517694536783,52.9637673669172],[0.983985947821146,52.9637981718988],[0.979081078188532,52.9603925655852],[0.982742218234346,52.9613096657643],[0.982699950505385,52.9576669003579],[0.996693016017958,52.9566687165108],[0.992059333567458,52.9577111530735],[0.996353921776007,52.9588709046782],[0.998199363491059,52.9565611620262],[1.00706847715119,52.9559275188951],[1.00690421130315,52.9560710358567],[0.997842641076408,52.9581750777863],[0.998241541672388,52.9606685498151],[0.99035477256176,52.9604797957332],[0.987774918339731,52.963949340399],[0.998794168665563,52.9643205964934],[1.01449023677166,52.9635262815587],[1.01593619594691,52.9591882698538],[1.01641981567969,52.9628550084124],[1.0180837790913,52.960744374529],[1.0185949892395,52.9641055053169],[1.02585968752769,52.9660385513476],[1.02567067977544,52.9655768696419],[1.0255002906122,52.9645395911106],[1.04343714075524,52.9658962857746],[1.04485882704485,52.9622299406618],[1.04639153975671,52.965759354411],[1.02724937585673,52.968852061707],[0.99480461565325,52.9765585990779],[0.981791628186365,52.9706921473935],[0.988463246417425,52.9772707715768],[0.97737931830149,52.9740482133379],[0.978896384912519,52.9715012615517],[0.977111936038369,52.9724078462086],[0.971545154753082,52.9752356232321],[0.970262767334116,52.9705717908542],[0.968182007866556,52.9730301870069],[0.97371037272346,52.9787578069382],[0.958306099496171,52.9691813348965],[0.958184597842087,52.9715017860932],[0.965794729237852,52.9776499229976],[0.977548697472944,52.9798898154084],[0.97762581249668,52.9798803931175],[0.978690429855092,52.9797503028555]]],[[[0.680168560289971,52.9882200539402],[0.737960500832725,52.9822017935326],[0.751091161849282,52.9784032913709],[0.74019384501057,52.9771389552394],[0.729424512357512,52.9801644741568],[0.738816819380389,52.9763290123503],[0.725757455582823,52.9780959185622],[0.714086705608069,52.9776800455821],[0.712794514363424,52.9796577466552],[0.699531010878303,52.9796864278744],[0.698375896375984,52.9841016764278],[0.697344716095485,52.9806541680702],[0.694520153316164,52.9839373753671],[0.696114363146457,52.980897895328],[0.685870303625661,52.9809707292006],[0.681327845171517,52.9774585823042],[0.679746122647859,52.9813868038747],[0.679176392354224,52.982801559296],[0.67987702815443,52.9835046899231],[0.684012369425376,52.9876542018652],[0.68010293235455,52.9871586778172],[0.67166141312296,52.986088247804],[0.67226807426303,52.9840874158589],[0.665168648953499,52.9859787195642],[0.662991729230136,52.9825377317255],[0.66331758517332,52.9870129339712],[0.678430536677382,52.9884005925194],[0.680168560289971,52.9882200539402]]]]},"properties":{"ITL125CD":"TLH","ITL125NM":"Eastern"}},{"type":"Feature","geometry":{"type":"Polygon","coordinates":[[[0.211576815311689,51.4900222752128],[0.210553951469516,51.4902431073138],[0.187684066854566,51.4878588743526],[0.182035195733018,51.4986273278369],[0.178574966651708,51.5052038630705],[0.159207809614416,51.5120158872491],[0.159049531255042,51.5120715352324],[0.158721674311475,51.5121868028489],[0.143206847940588,51.51532457237],[0.141864531167574,51.5156528103457],[0.141819593023275,51.5156637988133],[0.126345975161068,51.5194462658797],[0.109074895650993,51.5142500213923],[0.100509379900435,51.5145693106894],[0.0977882718338274,51.5159064470649],[0.0975900590798887,51.5160038419298],[0.0969273504494541,51.5163294699685],[0.0960699880794032,51.5167507305153],[0.0967901178299367,51.5151511996254],[0.0845804631805836,51.5122105298736],[0.0790274188107048,51.5068175418113],[0.0773375470091592,51.5051760309003],[0.0770639444988711,51.5049102465579],[0.0709057431350203,51.5006422869621],[0.0686613479588301,51.4990865718774],[0.0391165482248049,51.4985676945765],[0.0244415401970016,51.4983071935252],[0.0190380042262118,51.5015470655679],[0.0157449867445838,51.5035211882606],[0.0134809968335669,51.5048782757677],[0.00942622622911539,51.5078980423496],[0.00837588793803076,51.5086801911617],[0.00878385951469926,51.5073176147725],[0.00755731380946194,51.5073205024844],[-0.00204585615387899,51.5073426695626],[-0.00791528475568811,51.5020081092981],[-0.00864106836119252,51.5013483522813],[-0.00323674392972222,51.4912711523487],[-0.00302449911028931,51.4908752961792],[-0.0065000193329938,51.4871241922925],[-0.0163816641307183,51.4861488176913],[-0.0244033449161679,51.489374231405],[-0.0261924911944529,51.4939160563371],[-0.0262117616628073,51.4939649696022],[-0.0288667316290014,51.5023620207148],[-0.0303733257887865,51.507192772603],[-0.041881876537095,51.5097198471731],[-0.0420983428656718,51.5097665256598],[-0.0597656797868999,51.502874151523],[-0.0598090358902021,51.5028788554839],[-0.0787063478691948,51.5076794515727],[-0.0793533312083202,51.507844170996],[-0.08037601393606,51.5080273358376],[-0.0811554803488642,51.5081148745366],[-0.085146443388475,51.5085629934355],[-0.0854549989783372,51.5085976296705],[-0.0885584050838637,51.5089221037576],[-0.0919624961026863,51.5094041997119],[-0.0922962467912373,51.5094772628554],[-0.0952340303145026,51.5101203412866],[-0.0963329974775968,51.5102700369482],[-0.0993299841669168,51.5106782135112],[-0.0998770504493278,51.5107527127525],[-0.108221024305665,51.5108101253207],[-0.108446561292221,51.5108116688372],[-0.108527481118133,51.5108102299572],[-0.111479956286461,51.5107576904777],[-0.121349370238457,51.50741025314],[-0.122264781903832,51.5038952155563],[-0.1246552226678,51.494713497915],[-0.124856944842419,51.4943665146596],[-0.128457351672107,51.488239489397],[-0.138151072157116,51.4848167967882],[-0.141727200556853,51.4850190052419],[-0.147480980770779,51.4853441151979],[-0.149979158603456,51.4854851824766],[-0.150330007354558,51.4854385985784],[-0.150582216264032,51.4854051108193],[-0.163805319798312,51.4836485557559],[-0.164344729425399,51.4834810542891],[-0.181663969506671,51.4781009590509],[-0.18377559746026,51.4774447339363],[-0.183856622798358,51.4774195523249],[-0.182839873300327,51.4774596044836],[-0.179441290136891,51.4775135549373],[-0.182343539201004,51.4718190319357],[-0.184468950907365,51.4676477779792],[-0.188811281644963,51.4668275017153],[-0.19737486402442,51.4652092462899],[-0.198026881149182,51.4653567036547],[-0.216664071246001,51.4695696729317],[-0.222216221236814,51.479231526013],[-0.223747436397827,51.4818953742973],[-0.224064562272722,51.4824470373943],[-0.226540197049036,51.48595111705],[-0.227559643979108,51.4873939199876],[-0.234390850326629,51.4904260594551],[-0.24347085721075,51.4888844117893],[-0.243609073608919,51.488860938282],[-0.244539277274199,51.4887029555487],[-0.249710507181285,51.4856921187455],[-0.25521169579162,51.4725763934941],[-0.255740940674504,51.4726138164156],[-0.269154104837155,51.4735946537297],[-0.273371229042023,51.4788616396846],[-0.274932136015606,51.4808108144512],[-0.277084648927052,51.4834984511509],[-0.283771281164292,51.4861995593369],[-0.283822026335196,51.4862355754717],[-0.283874285582858,51.4862411627133],[-0.286871819688156,51.4874518056319],[-0.28744754811658,51.4876843138781],[-0.289886242416026,51.487171876334],[-0.290792466686978,51.4869806342672],[-0.292507598651842,51.4871638948233],[-0.295351450650598,51.4860184122262],[-0.298199980779951,51.4854170881262],[-0.298964454878668,51.4852556927855],[-0.299091593713872,51.4851125630978],[-0.304398983515156,51.47913657024],[-0.304430251816544,51.4791013580938],[-0.306930916350892,51.4762095928758],[-0.308369846307205,51.4757027542866],[-0.319125119119623,51.4714774207947],[-0.320219875927036,51.468880425183],[-0.321712316644831,51.4654065967685],[-0.32138312332748,51.465166478155],[-0.313872211174679,51.4597090163854],[-0.313795040289381,51.4596747394289],[-0.305892400035465,51.4561641079539],[-0.304279006346907,51.4516121349187],[-0.305721933936308,51.4509921173929],[-0.315798396056739,51.4466615144021],[-0.325075276811457,51.446533688409],[-0.330579811120447,51.4421888543429],[-0.330964782906169,51.4418849460865],[-0.331364063270804,51.4415697355629],[-0.328485800316887,51.4339587265632],[-0.320191773126606,51.4295334042274],[-0.319940908618239,51.4294008376814],[-0.31901378002931,51.4294980752364],[-0.318440402732133,51.4295582066725],[-0.325947416677613,51.4329364031656],[-0.326934876731624,51.4334502367158],[-0.329931237421091,51.4417020850848],[-0.305853232909415,51.4485109112634],[-0.302547817224562,51.4523442861917],[-0.304881918879484,51.4562294778218],[-0.305022033220876,51.4564626820492],[-0.313668179278429,51.4606549628469],[-0.313854906653685,51.460745486439],[-0.319245650051518,51.468361331958],[-0.31012093679786,51.4735277232241],[-0.30983239990026,51.4737477386174],[-0.295386562512078,51.484759483039],[-0.287272129073823,51.4865216784335],[-0.278226514584659,51.4822638235214],[-0.278038584217781,51.4821304130742],[-0.273465153845283,51.4763676516121],[-0.270540040700607,51.4726810839071],[-0.260215048755059,51.4703144337835],[-0.251589100329679,51.4735947748126],[-0.251480720048389,51.4736359825557],[-0.251405180380742,51.4738937770625],[-0.248520909527052,51.4837346764794],[-0.235505416577919,51.4889505349782],[-0.228011328288862,51.4851101178221],[-0.225845612567914,51.478727162889],[-0.224887474762833,51.4759027524557],[-0.223639066497962,51.4722220874436],[-0.223401522870407,51.4715216738115],[-0.215386353473437,51.468431281325],[-0.209856992187277,51.4662988010357],[-0.209691744168807,51.4662350630862],[-0.195099374844175,51.4606196260874],[-0.194993760709075,51.4606437455472],[-0.19490161115701,51.4606647906411],[-0.187114608204622,51.4641791529243],[-0.177949731420868,51.4706113709546],[-0.174155762141814,51.4789091821786],[-0.171290040963151,51.4797851127761],[-0.166275582534315,51.4813175702037],[-0.147407210757351,51.4831814161323],[-0.139801888301078,51.4839317789936],[-0.138108765259967,51.4840983082864],[-0.136144303705793,51.4842914943563],[-0.128430560959041,51.4850497281052],[-0.128088236601812,51.4852700568017],[-0.125525092498704,51.4869196597682],[-0.125070608172031,51.4877256272729],[-0.121983303893627,51.4931996945404],[-0.121352821058677,51.4943173909919],[-0.118823061311694,51.5038400648419],[-0.118324868424955,51.5057269329775],[-0.108805057906591,51.5084463004895],[-0.108710943783188,51.508450373881],[-0.104676526122011,51.50862492191],[-0.0885964200890663,51.5068845336897],[-0.0880998441977707,51.5068307510948],[-0.0761234589469458,51.5044033179879],[-0.0724306684421993,51.5030869858964],[-0.0708325352365456,51.5025172578646],[-0.0735138871706862,51.5004645705815],[-0.0577560320946397,51.5008510155389],[-0.0572576283645827,51.5008632045881],[-0.0520706934768517,51.5027504819044],[-0.0479005399988052,51.5042009454976],[-0.0478302330659538,51.5042441683806],[-0.0429930611827129,51.5072176535123],[-0.0338695788014832,51.5060830189342],[-0.0334546098079645,51.5024392365918],[-0.0324206765272085,51.4933580415754],[-0.0323863262307784,51.4930562801132],[-0.0248209130048979,51.4855466869121],[-0.0243027931398687,51.4852024528074],[-0.0170903180449492,51.4804097986413],[-0.0173252455088245,51.480199654025],[-0.0187614444883797,51.4789149273917],[-0.0227415564966814,51.4753541721059],[-0.018980270354387,51.4784686629431],[-0.0168340745733652,51.480245580629],[-0.0149992974311414,51.481766564696],[-0.0178584573832501,51.4832186949746],[-0.0109251849859338,51.4839842247306],[-0.00470017229324967,51.484671178011],[-0.00461859352853049,51.4847311634394],[0.00247343704341189,51.4899452462016],[0.00118580996119195,51.492730563666],[-0.00224019592642529,51.5001398603303],[-0.00100546250214412,51.501890474535],[0.000852384060337712,51.5045242753471],[0.00558687393365308,51.5017778650203],[0.0154158417131342,51.4960746978859],[0.0157264207044849,51.4958944519781],[0.0290454308537624,51.4939165468969],[0.0295963849739639,51.4939397187015],[0.0297440265845601,51.4939459281645],[0.0457984490117824,51.4946199024969],[0.0611039704935613,51.4952603963158],[0.0750474141654847,51.4958421520224],[0.0759243680540068,51.4958786849114],[0.0762345446849466,51.4958916044833],[0.0824310970958383,51.4988617114958],[0.0827214381594712,51.499167970453],[0.0839006700998783,51.5004117984515],[0.0880219220250108,51.5047584439511],[0.0920521297700356,51.5090081171988],[0.118784514355923,51.5113195150123],[0.120239031684623,51.5114451021843],[0.128620890855794,51.5132941547309],[0.151296375343893,51.5062825014827],[0.152013469178269,51.5061567090411],[0.166190946323591,51.5036686354597],[0.169380011573712,51.498861965919],[0.172101162872704,51.4947595121121],[0.172147224337253,51.4946181701333],[0.172307112621799,51.4941275418304],[0.175197827350929,51.4852556418723],[0.186499592697562,51.480480829524],[0.186537326334579,51.4804648842911],[0.200844593643595,51.4786571127252],[0.211683788803227,51.4827285931034],[0.217644190043408,51.4804485903159],[0.219202439132856,51.4796095648107],[0.221044799984653,51.478617503161],[0.203374621646498,51.4543154589105],[0.172844869107023,51.4432871518183],[0.164328170821928,51.4285849613143],[0.155875040956964,51.430876583241],[0.148692037924609,51.4081307270094],[0.162384150043184,51.3924903029428],[0.147741030714359,51.3928010027283],[0.151619790687987,51.368378896254],[0.136958108456318,51.3441746058011],[0.118456303441167,51.3441477832474],[0.117900333226097,51.329647100945],[0.085029299988601,51.3160232052895],[0.085693083414603,51.2930842274768],[0.042396497430127,51.2926730476417],[0.0329094179322316,51.3075209115003],[0.0150093784679093,51.2917860700628],[0.00229471949257023,51.3291388504504],[-0.0379200854497904,51.3387247442131],[-0.0513072247610965,51.3224522774765],[-0.0789130093966977,51.3197697605027],[-0.0912237418672902,51.3014752299775],[-0.124302262796713,51.2867903756192],[-0.137245888383678,51.3007638430592],[-0.155317700345265,51.3012743946668],[-0.163076717058335,51.3302642201145],[-0.197319340394251,51.3435951607866],[-0.216085272317037,51.3297994488628],[-0.229205323437193,51.3358884695892],[-0.21777747301199,51.3456313944137],[-0.22687296235618,51.3625937580756],[-0.245404841047607,51.3668454406997],[-0.245027867027011,51.3800591447044],[-0.260996427671818,51.3795939518848],[-0.284081425810156,51.3651438821681],[-0.305948699803526,51.3351807345992],[-0.328365994853841,51.3265247300131],[-0.330510146371957,51.3484194360646],[-0.307365443633207,51.3783835460082],[-0.317272246353722,51.3933543125968],[-0.327817849624804,51.3918371426333],[-0.359043730240249,51.4118811454518],[-0.389176859552194,51.4103199386253],[-0.391363227757735,51.422335392849],[-0.45646755928571,51.438106680605],[-0.459240677586656,51.4565931406654],[-0.510241120496709,51.467500348706],[-0.483266374938188,51.5066408013912],[-0.495487343928382,51.538545230935],[-0.476595819817008,51.5580311861359],[-0.500595886737316,51.5996898995638],[-0.497225960274379,51.63165698913],[-0.457130755473738,51.6122938899877],[-0.440575301279442,51.6200732393013],[-0.39946517299048,51.6134074682185],[-0.316672244970353,51.6405355675681],[-0.296127205630224,51.6354469653632],[-0.257332658018192,51.6418318488053],[-0.250582589477333,51.6560573522745],[-0.212135030723747,51.6613535283696],[-0.203352928676407,51.6701264989751],[-0.191066699360921,51.6638967053238],[-0.163477125868523,51.6881208420383],[-0.105763336971677,51.6918755699079],[-0.0110655316635855,51.6808696803679],[-0.0122596870547121,51.6462286971895],[0.0227195416969588,51.6411154938026],[0.021819035344359,51.6288327870281],[0.0409024119461752,51.6156755843329],[0.0536727737913095,51.6182790986979],[0.0479561835430442,51.6133026355006],[0.0626225817304307,51.6070398176063],[0.0871420167244084,51.6044152926275],[0.0922848679306965,51.6135742646308],[0.135810576180092,51.6235471357146],[0.16890129781848,51.6214201704836],[0.224087730411796,51.6317377623678],[0.264104230272526,51.6088770949816],[0.254008700235285,51.6015982016854],[0.269866485133475,51.5995544507301],[0.290289733913774,51.5642993932384],[0.313035079940716,51.5658181328032],[0.334024218329939,51.5405038046851],[0.265347272043956,51.5321502659796],[0.263682923643184,51.517869793022],[0.253834318187163,51.5178858725017],[0.248964774122808,51.5286740297463],[0.23717600954358,51.5193344344092],[0.241919319161816,51.507960127814],[0.213074626967269,51.4950222533318],[0.211576815311689,51.4900222752128]]]},"properties":{"ITL125CD":"TLI","ITL125NM":"Greater London"}},{"type":"Feature","geometry":{"type":"MultiPolygon","coordinates":[[[[-1.40115565054014,50.7272153610471],[-1.40405227662706,50.7265966002109],[-1.40253902458583,50.727853420714],[-1.38925176623936,50.7317151621478],[-1.35332978714586,50.7390865613447],[-1.34611908785927,50.7464638764172],[-1.34596264747159,50.7466238995409],[-1.34253342798235,50.7526405286357],[-1.32807907917599,50.7579520296461],[-1.32475677608658,50.7610499065896],[-1.31213278614048,50.7665913349327],[-1.31151908373632,50.766688115731],[-1.30946692325857,50.7670054761092],[-1.29673954356443,50.7620277350121],[-1.29543530883191,50.7600150519044],[-1.29537672870629,50.7599787410179],[-1.29218869371711,50.7580025496329],[-1.29253971576834,50.7564445780253],[-1.29383038663976,50.7507151461264],[-1.29385961796168,50.7505853649245],[-1.28776132678747,50.7341389729532],[-1.28745856317761,50.7338625513171],[-1.28292173108355,50.7297199510499],[-1.29097776317691,50.7087599860024],[-1.29221801179883,50.7055315445595],[-1.2915935863307,50.7018907975117],[-1.29147837979288,50.7015863641082],[-1.2904035127196,50.6987458883526],[-1.290022592163,50.6977381292367],[-1.28970932023614,50.6991447170988],[-1.28927615933681,50.7010362291951],[-1.2910865053432,50.7067779269885],[-1.28927552572651,50.7097396276464],[-1.27606852402623,50.7313555560956],[-1.27563520980144,50.7317242871908],[-1.2758753922053,50.7319370719099],[-1.28638294741161,50.7405506765125],[-1.28658256713662,50.7412257542883],[-1.29042653829969,50.7542205749295],[-1.2904659050356,50.754353616646],[-1.28833993342054,50.7629644126646],[-1.28734701392077,50.7632666032222],[-1.2748242095926,50.7653979238149],[-1.26799231038251,50.7629364706014],[-1.25715005390764,50.7557008244353],[-1.25683091761488,50.7553232575209],[-1.25661120327659,50.7550633124324],[-1.25514129269615,50.7545589684574],[-1.24546624161763,50.7496559345861],[-1.24477182077856,50.749010454223],[-1.23922967723529,50.7438581087843],[-1.23864368947809,50.7437242247154],[-1.23860144693855,50.7437145729222],[-1.22709418850762,50.7410846772985],[-1.21728801357303,50.735673017242],[-1.22354249407228,50.7313598003205],[-1.22440400769646,50.7283381547411],[-1.22509348453052,50.7259196181589],[-1.22546148760161,50.7246286552369],[-1.22493994489551,50.7253106994155],[-1.21988791310435,50.7319163859465],[-1.2198040458423,50.7320260274291],[-1.21755528485512,50.7349656497475],[-1.21612333137367,50.7349054317795],[-1.21587878413269,50.7348951464123],[-1.21453483766021,50.73415327071],[-1.20966209178187,50.7346334989929],[-1.18266124964742,50.7334932035326],[-1.17463046205845,50.7333838543725],[-1.161825348704,50.7332095323061],[-1.16017581176672,50.7331869893758],[-1.15592767320727,50.7321153124095],[-1.15570871879172,50.7320600713175],[-1.15120799647691,50.7309244357163],[-1.15049642135387,50.7307448522697],[-1.15037252439377,50.7307135831761],[-1.14489925791069,50.7293320706307],[-1.14375395859592,50.7290429421512],[-1.13766277655994,50.7272797358151],[-1.13759844237131,50.7272611106012],[-1.13684937604013,50.7270442482198],[-1.10970780844137,50.7215633046281],[-1.10156348915349,50.7076694698711],[-1.10139366644967,50.7073796902709],[-1.09779900643064,50.7061351920626],[-1.09614291250082,50.6942314098287],[-1.1038876421946,50.6962619792192],[-1.10283024136577,50.6997835944806],[-1.10797011947732,50.6938516673249],[-1.10826190426559,50.6935148679808],[-1.09830798399017,50.6905120251693],[-1.09551329097405,50.6936652074074],[-1.09484664526988,50.6944172923385],[-1.09362054763937,50.6958004583218],[-1.08775644977831,50.6950971877674],[-1.07062301583901,50.6876878227402],[-1.06983492669321,50.6838808691082],[-1.09470570418184,50.6719836608902],[-1.09763838860091,50.6658298790273],[-1.09805247534114,50.665226816547],[-1.10894638097618,50.6655092162356],[-1.10903167302575,50.6654969424065],[-1.10931640283207,50.6654559685738],[-1.13259640027527,50.6621032860936],[-1.15190026551263,50.6543604651408],[-1.15223137860683,50.6541660433193],[-1.15226244720119,50.6541478012719],[-1.15259660267148,50.6539515893431],[-1.1600838413646,50.6495545011025],[-1.16045416271274,50.6493369865208],[-1.16600493090572,50.644002265374],[-1.16901541739167,50.6368427268357],[-1.17069478022835,50.6313329963888],[-1.17070370281314,50.6312843259033],[-1.17327910099072,50.6172296539057],[-1.18127475980241,50.5999161003767],[-1.18260622067861,50.5983951860798],[-1.19621872408103,50.595115376748],[-1.20034104342049,50.594120591985],[-1.28552165138244,50.57759928666],[-1.29964623292,50.5759040283086],[-1.30258710943599,50.5763503528118],[-1.30478096826243,50.5776245417361],[-1.31816381545215,50.5894543087182],[-1.33946516395556,50.6017897890684],[-1.35060890195436,50.6056684571143],[-1.36672636994685,50.6138411946327],[-1.37393834078341,50.618015124518],[-1.38985166317769,50.6272209557666],[-1.40569922483409,50.6315245980221],[-1.43568422703762,50.6401561875022],[-1.44726963068313,50.6434882940071],[-1.45337069749281,50.6467111013738],[-1.47843189144333,50.6622905278334],[-1.47847154940514,50.6623178901768],[-1.48449901538063,50.6667487033753],[-1.48497825227426,50.6668065762034],[-1.48518299364819,50.6669477975234],[-1.5110357638081,50.670003265925],[-1.53242507134907,50.6667927029805],[-1.54894329761731,50.6644335300202],[-1.5865021453462,50.6631266861769],[-1.56987050145873,50.6653650964655],[-1.56987017026566,50.6654233150001],[-1.56982476836565,50.6655562356646],[-1.56933009307736,50.6656281268371],[-1.56946311032158,50.669983792471],[-1.55075644870669,50.6774905673414],[-1.54897819354726,50.6778656674941],[-1.5484899258252,50.6783997304132],[-1.54843746308858,50.6784207740406],[-1.54821201104999,50.6786765423094],[-1.5480029272957,50.6787296370459],[-1.54786730124115,50.6790675985145],[-1.54754456637582,50.6794337188869],[-1.53825131911865,50.6895953961463],[-1.53820388613848,50.6897371049525],[-1.53804738217164,50.6902046701323],[-1.5366630227744,50.6917742242012],[-1.53560018679495,50.6920417189164],[-1.53502351614102,50.6936329019507],[-1.52395351417195,50.706178001255],[-1.52379131514764,50.7062618251926],[-1.50298577036132,50.7067351429787],[-1.50967039709627,50.7058149557404],[-1.50457226778353,50.7046764162654],[-1.50493588646663,50.7013321955096],[-1.50279396415519,50.7030208223632],[-1.50338109431954,50.6971215645013],[-1.50226385442806,50.699536019344],[-1.4998352834462,50.6979536873634],[-1.50340420336797,50.6968893369574],[-1.50802907347937,50.6960305703027],[-1.50388346545576,50.6951402071557],[-1.50509146036756,50.6936671926722],[-1.49905982817654,50.6942186615811],[-1.50194540847583,50.695244204187],[-1.4980086136445,50.6980098460831],[-1.4978537377953,50.6981186382259],[-1.50134966395385,50.7009673583392],[-1.50004609967704,50.70071411793],[-1.49743812617385,50.7002074211838],[-1.4967568814384,50.7027044841103],[-1.50100840509995,50.7017271709242],[-1.50391018583695,50.7056730436543],[-1.49345417894791,50.7069017435858],[-1.48953817489038,50.7068490631363],[-1.48706989053732,50.706815282097],[-1.47620868416264,50.7089261238465],[-1.47011842537386,50.7096403871386],[-1.43468636472833,50.7232910607636],[-1.42796816812406,50.7258771442498],[-1.41581087333747,50.7251659466238],[-1.41205712689479,50.7245604163488],[-1.42116745370044,50.7246726926167],[-1.41196104310128,50.7208009350232],[-1.41307316502437,50.7204624436772],[-1.41826181648191,50.7188829935472],[-1.41246284709713,50.7189608438146],[-1.41552195679449,50.7152387676947],[-1.41674834731595,50.7137464038895],[-1.41604749603221,50.7141175425123],[-1.41352937171056,50.7154509414464],[-1.41303627021256,50.7035437494286],[-1.41290007072832,50.7115098063723],[-1.4070236541655,50.7085558846956],[-1.41219349002374,50.7143415845175],[-1.40244361442605,50.7092928265931],[-1.39972328970796,50.7107770640176],[-1.40929456323759,50.715908221103],[-1.4099015090023,50.7164919362739],[-1.40783576374849,50.7212575131702],[-1.40347938499462,50.7244571201787],[-1.4087447148476,50.717924620916],[-1.40918399744268,50.7160891424876],[-1.40394236051302,50.7208491409568],[-1.39989415065201,50.7165918040343],[-1.39742936720994,50.7191743866822],[-1.39226301873653,50.7155323902502],[-1.37952121530057,50.7163383097055],[-1.37667300499211,50.7106468067122],[-1.37932903706301,50.7174628261406],[-1.36992457213877,50.7198235952855],[-1.38924155968313,50.7166342788172],[-1.39521034127393,50.7197447034251],[-1.38971857547376,50.7200076082731],[-1.39277235648464,50.7227095164006],[-1.38614325931585,50.7226360458322],[-1.40008250348922,50.724146739731],[-1.3959829009903,50.7263224595595],[-1.40115565054014,50.7272153610471]]],[[[-1.09259884047015,50.8150475326365],[-1.10164342831192,50.8136706110751],[-1.09803663842497,50.8203004382918],[-1.09259884047015,50.8150475326365]]],[[[-1.00531638074112,50.8337934122432],[-1.00237994162694,50.8293239699222],[-1.00897035920441,50.8333163609455],[-1.00531638074112,50.8337934122432]]],[[[-0.969103197460111,50.8345330498029],[-0.970280425601462,50.8307259126571],[-0.963643218391542,50.8334334172966],[-0.957278996215084,50.8313092657234],[-0.951026190824231,50.8239788890231],[-0.957602769372298,50.8157984528746],[-0.957057022449932,50.807342934349],[-0.961209020723093,50.8113512209727],[-0.97105240512043,50.8106424419141],[-0.961723438876531,50.8092721194666],[-0.965169303953304,50.8065211665283],[-0.970987782049813,50.8079683490043],[-0.971313739605224,50.8080494100466],[-0.973387965922701,50.8087969563636],[-0.971467190102528,50.806394359442],[-0.970882114188852,50.8056624645681],[-0.968970797226884,50.8027409182075],[-0.958607335379369,50.8047011733194],[-0.958131770921413,50.8044064623831],[-0.957138376719739,50.8037908295221],[-0.952966420738481,50.8010332495003],[-0.95305930858341,50.8009262937002],[-0.95706379383582,50.7991243579621],[-0.956449949588187,50.7970217436855],[-0.956150200039041,50.7959949387856],[-0.955824634932635,50.7948796480343],[-0.955484265733958,50.7937135853391],[-0.96273510069016,50.7894579886951],[-0.967861396435989,50.7901490915629],[-0.967338515464135,50.787152564945],[-0.957552236915261,50.7897877487623],[-0.95130748967383,50.7869062514998],[-0.951194460507159,50.784217261454],[-0.961422624532384,50.7822249949044],[-0.949271372155985,50.783120800487],[-0.943205639509743,50.7867127104961],[-0.937011508039178,50.7825323359548],[-0.936808134788176,50.7868111155514],[-0.936483431987685,50.7785115837559],[-0.975484612317379,50.7820774758326],[-0.978701192689505,50.7826255286348],[-0.98309389607669,50.7829449884273],[-0.991125074537772,50.7835286233204],[-1.00705723302044,50.7849879880239],[-1.0072110495264,50.7849682383882],[-1.00751850290953,50.7849962085483],[-1.00879673902076,50.7848108549487],[-1.02018584338791,50.7856357780189],[-1.02533099192435,50.7953983382423],[-1.02422897372883,50.795471457451],[-1.01988901418045,50.795759312131],[-1.02022574538205,50.7954379461259],[-1.0219476832304,50.7937944969798],[-1.01759437014897,50.7924512774691],[-1.01731594851385,50.7951774022604],[-1.00586428314064,50.7932872755317],[-1.00136170080273,50.7952779746194],[-0.994896275669133,50.7981358981835],[-0.983331962594237,50.8207591572325],[-0.986794980331782,50.8269018336644],[-0.977800813628966,50.8329991938471],[-0.969103197460111,50.8345330498029]]],[[[-1.04423118218365,50.8316944135723],[-1.04235340140659,50.8156419079275],[-1.04229269839533,50.8151067636803],[-1.03924330210301,50.7983779746883],[-1.03887485682086,50.7969144795391],[-1.03854143725673,50.7955900296098],[-1.03830522643681,50.7946516775343],[-1.04400290835515,50.790164287327],[-1.03808270131539,50.7910718432663],[-1.03199334450838,50.7920050024736],[-1.03065982897167,50.7955249613363],[-1.03209702078451,50.7867846234214],[-1.0701177249805,50.7801880914649],[-1.08452669873928,50.7779901453586],[-1.08863268658145,50.7777370735639],[-1.09965811706284,50.78427245343],[-1.10090378193628,50.7850567227235],[-1.10967244295408,50.7915422214686],[-1.1056710619861,50.7911123010459],[-1.10862644907642,50.7961466918985],[-1.10875613260052,50.7963677703812],[-1.10883211974156,50.7964973093879],[-1.10584452200622,50.7970434852455],[-1.11124937487272,50.7985380775774],[-1.11151248696923,50.806964591219],[-1.10373774415546,50.8057018441298],[-1.10399281701702,50.8104700604989],[-1.09250445039372,50.8091761819874],[-1.09133832534436,50.8090447817588],[-1.09049054528629,50.8116272405999],[-1.09685880773377,50.8112927639188],[-1.09120966830241,50.8148019515534],[-1.09065466822102,50.8168462587402],[-1.10021521689139,50.8269101114699],[-1.0960895515273,50.8281253235986],[-1.09297900994103,50.8290537441272],[-1.08775794158093,50.826104908242],[-1.08561071785047,50.8249312592569],[-1.07660783193164,50.8367971232421],[-1.05475204494628,50.8334048772301],[-1.05471109353064,50.8333981539859],[-1.04950585573593,50.8325435165406],[-1.04423118218365,50.8316944135723]]],[[[0.676507130024316,51.3925512219366],[0.672607382371696,51.3897719679495],[0.670533435232856,51.3943702567602],[0.682059664687934,51.3963213322738],[0.676507130024316,51.3925512219366]]],[[[0.614643851364023,51.4004466715072],[0.615324178551404,51.3953841238209],[0.61156097058342,51.3997365420102],[0.603388365956422,51.3938329625549],[0.597014785817756,51.3960797906858],[0.595128335286905,51.4002164424391],[0.608113907189036,51.4015436391241],[0.614643851364023,51.4004466715072]]],[[[0.564435834328907,51.4079545427279],[0.574611573011941,51.405013616686],[0.579464870558879,51.406882908175],[0.582572584376833,51.4031341862917],[0.561520430470314,51.402233422324],[0.564435834328907,51.4079545427279]]],[[[0.691199231999407,51.4116741212751],[0.694536882817616,51.396626894954],[0.680355249781893,51.399947111008],[0.672639129239268,51.3984055087336],[0.671378445792679,51.4070684342188],[0.665928519130537,51.4062823352872],[0.672103097763797,51.4101737471406],[0.677909185210685,51.406388791814],[0.675070837748216,51.40871019328],[0.68249432838637,51.4089803030849],[0.682969207446559,51.4126452820515],[0.691199231999407,51.4116741212751]]],[[[0.638913923900006,51.4212668840977],[0.638491997773013,51.4164889543009],[0.636958804927212,51.4196632255504],[0.629883738779221,51.4210516464234],[0.633850979082726,51.4238271137366],[0.638913923900006,51.4212668840977]]],[[[0.686969928801202,51.42227521929],[0.687828097002103,51.4143462390186],[0.680518944825991,51.4192408719547],[0.676310720169763,51.4192767662889],[0.672311526334751,51.4134760842359],[0.668088464927327,51.4204841336645],[0.660113688435495,51.4175876623432],[0.66700183993546,51.4239086016461],[0.686969928801202,51.42227521929]]],[[[0.638316450414561,51.4275994272266],[0.633151989594985,51.42695650501],[0.636621967698649,51.4294291587472],[0.638316450414561,51.4275994272266]]],[[[0.658144775252846,51.4396251369046],[0.650279889439622,51.4390468543769],[0.654086491433999,51.4423279817532],[0.657287521284768,51.4416160076623],[0.652955609325572,51.4402490729146],[0.658144775252846,51.4396251369046]]],[[[0.658562665695052,51.4479350148519],[0.661211601884388,51.4437376932141],[0.655529088820357,51.4454395770702],[0.658562665695052,51.4479350148519]]],[[[0.902019423826626,51.4164905093793],[0.911493190502033,51.4064274352396],[0.938176834545083,51.3898286039604],[0.951024989787225,51.3734796277168],[0.943659186307582,51.3674849741283],[0.943561580214593,51.3703332339775],[0.937273275175206,51.3705549525083],[0.921363488901706,51.3598412179893],[0.897167768282596,51.3543359759935],[0.881073414545735,51.3577847438164],[0.874548976977892,51.3637976554064],[0.871589864149841,51.3638988113534],[0.858344452992977,51.3643506808306],[0.857587703227935,51.3703332226494],[0.856853160609674,51.3649743964663],[0.849415664276802,51.3706510559799],[0.83935407614591,51.3705985827586],[0.850705210920254,51.3670993398872],[0.850392452322052,51.3639607821014],[0.843784912196368,51.3635637591335],[0.806285518209497,51.3721779165912],[0.805958846059795,51.3697969651267],[0.796340708793607,51.3685572969589],[0.796975443080189,51.3706944325845],[0.791983651520665,51.3700597986571],[0.788106767537405,51.3733917881737],[0.780629516837981,51.3706608093682],[0.782684917465582,51.3690119290294],[0.773588792479123,51.3677453853125],[0.765014595193675,51.3707918869999],[0.765507837120967,51.3774979012367],[0.77029844199816,51.3792411575503],[0.76426482338305,51.3882320562226],[0.751409948692771,51.3911257047219],[0.751374813125351,51.3913540761014],[0.750858710068596,51.394708472297],[0.731033222347362,51.4013736091197],[0.721502840029973,51.4144703168298],[0.732135030122885,51.4090261656546],[0.740595074530389,51.4112300845691],[0.742854868543226,51.4151961723049],[0.741219182244334,51.4151224813575],[0.736304499389471,51.4211185515525],[0.736594700272609,51.4297925109132],[0.736635367848672,51.4298411654009],[0.745484642526073,51.4404254754469],[0.744691897713629,51.446938796652],[0.748666896230299,51.4462367174154],[0.769415508324849,51.4407788132644],[0.785847234155747,51.4396619649344],[0.793709744303193,51.4382698903194],[0.815472781213597,51.4279341794596],[0.836357977767097,51.4253967043965],[0.837342430132024,51.425277001131],[0.875235301636961,51.4220599160945],[0.883970868849043,51.4213164246204],[0.902019423826626,51.4164905093793]]],[[[-0.627446652788111,52.1815454683205],[-0.630687617590423,52.1550241219381],[-0.64076532109467,52.1528171137803],[-0.635451654776416,52.1392536208873],[-0.607249381411581,52.1338687517842],[-0.591810331121503,52.1106918880999],[-0.66897597717708,52.0487168407765],[-0.643047384421451,52.03724943846],[-0.640329250663556,52.0236607949338],[-0.650960161931678,52.0185469839789],[-0.643460193916601,52.0109005925551],[-0.661689665376442,51.9997363853462],[-0.645680806107934,51.9722283113145],[-0.662123638245832,51.9555476987174],[-0.672076196587977,51.9559102673428],[-0.670493797974004,51.9436203494238],[-0.682288535826066,51.9427627103595],[-0.702156753865155,51.909119113469],[-0.693308161397624,51.9003480469886],[-0.672969117918549,51.9017527155225],[-0.651985919199778,51.8868522847296],[-0.6200891563295,51.8854855177811],[-0.583563578497735,51.8703238406752],[-0.537619262375032,51.8314728030516],[-0.543730170171154,51.8245761858016],[-0.560611753444012,51.8301117501207],[-0.581825667306615,51.8069054436194],[-0.632939595714382,51.8199461874726],[-0.667245098413582,51.8158052624771],[-0.695449593789592,51.8411106768875],[-0.686770330064733,51.8492206309632],[-0.696426502919578,51.8581573404529],[-0.720316256522121,51.8561672482531],[-0.745207853866937,51.8382231239284],[-0.723653476773253,51.8177730671437],[-0.709295276544129,51.8205395961038],[-0.685394264649477,51.8001859212165],[-0.690190999010661,51.7923392108272],[-0.669160530446024,51.7659344422225],[-0.612935985356938,51.7474272560625],[-0.586379726976092,51.752115950395],[-0.575012470807294,51.7370447581435],[-0.563699987436117,51.7396173413188],[-0.550082820807204,51.7305750653227],[-0.563209678177221,51.7118798635673],[-0.544017145197112,51.6968174726995],[-0.54868869522748,51.6826545448642],[-0.511144949153701,51.6798958700476],[-0.505107856324304,51.6730768935581],[-0.520994790005152,51.6680453786674],[-0.522777811384923,51.6583975690829],[-0.536891506831177,51.6606244728575],[-0.539260817248429,51.6380393912766],[-0.520534550264269,51.6019076657205],[-0.500595886737316,51.5996898995638],[-0.476595819817008,51.5580311861359],[-0.495487343928382,51.538545230935],[-0.483266374938188,51.5066408013912],[-0.510241120496709,51.467500348706],[-0.459240677586656,51.4565931406654],[-0.45646755928571,51.438106680605],[-0.391363227757735,51.422335392849],[-0.389176859552194,51.4103199386253],[-0.359043730240249,51.4118811454518],[-0.327817849624804,51.3918371426333],[-0.317272246353722,51.3933543125968],[-0.307365443633207,51.3783835460082],[-0.330510146371957,51.3484194360646],[-0.328365994853841,51.3265247300131],[-0.305948699803526,51.3351807345992],[-0.284081425810156,51.3651438821681],[-0.260996427671818,51.3795939518848],[-0.245027867027011,51.3800591447044],[-0.245404841047607,51.3668454406997],[-0.22687296235618,51.3625937580756],[-0.21777747301199,51.3456313944137],[-0.229205323437193,51.3358884695892],[-0.216085272317037,51.3297994488628],[-0.197319340394251,51.3435951607866],[-0.163076717058335,51.3302642201145],[-0.155317700345265,51.3012743946668],[-0.137245888383678,51.3007638430592],[-0.124302262796713,51.2867903756192],[-0.0912237418672902,51.3014752299775],[-0.0789130093966977,51.3197697605027],[-0.0513072247610965,51.3224522774765],[-0.0379200854497904,51.3387247442131],[0.00229471949257023,51.3291388504504],[0.0150093784679093,51.2917860700628],[0.0329094179322316,51.3075209115003],[0.042396497430127,51.2926730476417],[0.085693083414603,51.2930842274768],[0.085029299988601,51.3160232052895],[0.117900333226097,51.329647100945],[0.118456303441167,51.3441477832474],[0.136958108456318,51.3441746058011],[0.151619790687987,51.368378896254],[0.147741030714359,51.3928010027283],[0.162384150043184,51.3924903029428],[0.148692037924609,51.4081307270094],[0.155875040956964,51.430876583241],[0.164328170821928,51.4285849613143],[0.172844869107023,51.4432871518183],[0.203374621646498,51.4543154589105],[0.221044799984653,51.478617503161],[0.239670421075237,51.4685840701248],[0.254992205884017,51.4627880912549],[0.255652843346682,51.4625381008387],[0.276519122502966,51.4535685006829],[0.278485527771372,51.4538244719296],[0.294264791702122,51.4558772419607],[0.30179608298225,51.4610266852423],[0.307304466032726,51.4647918641937],[0.311043895074942,51.4637415598848],[0.309946490854417,51.4669594215312],[0.315278529325663,51.464994380634],[0.315318057908445,51.4649798127595],[0.328482980589554,51.4508441999577],[0.325163825661595,51.4503353650758],[0.348033769156636,51.4468119238508],[0.353729766497946,51.4459335489036],[0.355894693107856,51.4455996145498],[0.356374694036826,51.4455868173767],[0.369693379841237,51.4452308455835],[0.393177829248725,51.4440001893104],[0.405479531479915,51.4433536028137],[0.406564619600801,51.4432964970138],[0.427029372087716,51.4465403249095],[0.428428830496027,51.4467620030162],[0.443243411080802,51.4494986222581],[0.45850983378548,51.4552422521225],[0.459301472726115,51.4555405474753],[0.457863575310778,51.4578206672968],[0.455930347959668,51.4608858701028],[0.454310834253017,51.4634533384398],[0.458349962306228,51.4660091920931],[0.46761843428857,51.4642019115969],[0.457874861059614,51.4669472887806],[0.468743597230634,51.4827715531711],[0.481491396074262,51.4871629927932],[0.529312810286617,51.4851959076828],[0.530583072748773,51.4851433893403],[0.547005324745015,51.4870463285653],[0.553635220224846,51.4849423707767],[0.554562045035346,51.4813714760158],[0.559953741354911,51.4846957200815],[0.574545954216846,51.4842656888831],[0.581329728756614,51.4803225955359],[0.582489838599842,51.4796481723643],[0.585781233209322,51.4844404073505],[0.59099918162024,51.4833795497198],[0.610500456006954,51.4794122063353],[0.615237628800612,51.4750832092082],[0.642301431602885,51.4790678592085],[0.659983867168387,51.4776769839281],[0.669693547793596,51.4750028044054],[0.671328618731534,51.4690952631806],[0.674753977963859,51.4680504718476],[0.671236258818385,51.4721975579801],[0.686039395389155,51.4750953912868],[0.703174915090527,51.4712712929666],[0.720386019001547,51.4597369960201],[0.722708359545191,51.4537641562761],[0.723245914245339,51.4434967117863],[0.710285623311776,51.4348165241746],[0.675501873781444,51.4335515216374],[0.676654119631884,51.4387884651899],[0.668998433876607,51.4437262052132],[0.672095123587682,51.4479322161554],[0.663514946631934,51.4436251431492],[0.662221518108075,51.4477134751417],[0.656010750846126,51.449224079296],[0.645112477977836,51.4433843461086],[0.635814795441336,51.4462226459689],[0.633434631384088,51.4412539470778],[0.629564702628732,51.4417006431707],[0.633136336482891,51.4449481594566],[0.62869585516671,51.4423595521407],[0.628902159511501,51.4376826157799],[0.619544666982939,51.4368830112876],[0.619130831836547,51.4353035528928],[0.618532799276835,51.4330208748815],[0.61764162784895,51.4309929416719],[0.612448943455794,51.4296429522431],[0.610137919148001,51.4226171097085],[0.605211185230282,51.4204962187133],[0.613591817471719,51.422895519065],[0.618297224993446,51.4286832656525],[0.625179599482746,51.4235809262445],[0.610866385052462,51.417404290701],[0.587201216227894,51.4162586722572],[0.576660088460682,51.4157468152173],[0.563533826149856,51.4095409883075],[0.546972649596005,51.4120765255212],[0.537995771812742,51.4124313106335],[0.532385454358505,51.4126526901283],[0.522912218953276,51.3997966755662],[0.516320201019939,51.4010329232468],[0.522986227182469,51.3980089954207],[0.518957858840061,51.3869750861029],[0.507116743377568,51.396855940328],[0.506678019409273,51.3966245697909],[0.499629562104465,51.3929295349048],[0.49285478693765,51.3918401980214],[0.491953531526442,51.3916952567837],[0.493357404825218,51.3916869625044],[0.497022122101514,51.3905695786102],[0.499249764409765,51.3916520142175],[0.500123410258311,51.3916468494319],[0.501366086665237,51.3916394913878],[0.50171107099614,51.3916374465681],[0.501982424999534,51.3917431971749],[0.508643685189527,51.394338534187],[0.509083354028894,51.3927650146981],[0.511020337651678,51.3858323915135],[0.513837485391827,51.3856464112857],[0.520894677336303,51.3851801205192],[0.52254435937189,51.3850710596562],[0.532106932273381,51.4015678434321],[0.537174124721616,51.4103051537717],[0.548219439352305,51.4075975507924],[0.554600887071531,51.3998522710451],[0.555225754533474,51.3990936728545],[0.558686583839698,51.3962614985791],[0.561931696477051,51.3979119420575],[0.560969209700235,51.3948140335176],[0.578108512784405,51.3912001218191],[0.581993738559095,51.390380478283],[0.582379868943709,51.3902990106859],[0.585736634895553,51.3903027563261],[0.592670131145006,51.3903101874192],[0.59463797427138,51.3864487837071],[0.596994994121357,51.3881944499507],[0.602144396925179,51.3906345124003],[0.597169363775774,51.3878604699084],[0.598807699613964,51.38472223305],[0.616297375930775,51.3779268560425],[0.621935826320594,51.3827646433874],[0.619231580898711,51.3884876236854],[0.634639670068849,51.3890893926],[0.63479221578825,51.3856161672201],[0.624810784741108,51.3810643053914],[0.622530903469881,51.3760301807412],[0.625078644058274,51.3752773211928],[0.626927098579493,51.3747310499933],[0.640903954263681,51.3875381505152],[0.639939999193336,51.395086825519],[0.648018280128286,51.3976009897706],[0.659647215083668,51.3918350949478],[0.660316718734981,51.3838998455741],[0.66320599485889,51.3853658798602],[0.662591741294943,51.3827328934877],[0.666856528342941,51.3830595502427],[0.666671808413093,51.3795872369918],[0.666641485246801,51.3790171752606],[0.666871178503406,51.3788639840773],[0.6716996732238,51.3773532049329],[0.670065397523827,51.3733009994225],[0.682529407119001,51.3803435410724],[0.686488701397093,51.3915519783661],[0.698161822243421,51.3941429779649],[0.70314566629449,51.3917688134731],[0.69474483818232,51.3849514577188],[0.695285660677322,51.3798223146989],[0.713540880278358,51.3839501508272],[0.719187552877468,51.3881822783682],[0.705602106443239,51.3945650261085],[0.706478837631449,51.3980191732997],[0.705145361743755,51.3950108469102],[0.701780352159101,51.3957279944537],[0.704584477940573,51.398516218833],[0.700348420638372,51.3987784938291],[0.695894033644864,51.4072832752166],[0.698584478441736,51.4096002763136],[0.700315830446945,51.409306539997],[0.697952968820435,51.4146416123778],[0.697726389981625,51.4151531335592],[0.698937274215735,51.421400367161],[0.708003495789632,51.4197576022239],[0.727977427880636,51.4235899561932],[0.729682171383601,51.4209581970658],[0.714703442480433,51.4197753022265],[0.728720267910784,51.4202421665134],[0.73226780037907,51.4150140145778],[0.723723202381617,51.417366986378],[0.716859003235301,51.4140887857396],[0.716940133060131,51.4139647848728],[0.720491370911279,51.4085362675518],[0.726436540736452,51.3990184313265],[0.726931078874957,51.3988437050481],[0.735899413635428,51.3942743629716],[0.736601799779736,51.3961179472463],[0.742793384439681,51.3943749453609],[0.746015194341353,51.3920985321964],[0.758510700924964,51.3832670708781],[0.762826106628123,51.3843940149763],[0.759672840981839,51.3713833636299],[0.75950672886319,51.3706977525944],[0.764794268508334,51.3630820755324],[0.762741565470629,51.3625164821363],[0.757030918941361,51.3609427207113],[0.754221797984762,51.3528701436556],[0.75410387149945,51.3525311896207],[0.743775934087206,51.3469465699098],[0.741333243365005,51.3457487550893],[0.741322741845125,51.3456153529777],[0.754362156854587,51.3503719666464],[0.756799208411742,51.3547136181591],[0.760169306254271,51.360715952401],[0.779249425136983,51.3615936054577],[0.77934939240083,51.3615842260837],[0.814325878592542,51.3582969339901],[0.809184211661689,51.3515380375608],[0.813485739713228,51.3495519310312],[0.811167113296509,51.3521362439221],[0.817172007554753,51.3563846997259],[0.837533149209902,51.3538380126579],[0.862759338185724,51.3563100051026],[0.87101841620203,51.3547588494728],[0.875815422427481,51.3538575948904],[0.897630039101061,51.3444082927545],[0.896922432215572,51.3431180587619],[0.895316838643884,51.3401901676448],[0.893122915189831,51.3361887581014],[0.892700081540242,51.3354174805011],[0.894522204308626,51.3363857676195],[0.898902658413543,51.3339667510724],[0.908438250349256,51.3352730527406],[0.909937937655363,51.3354784199732],[0.907185050666276,51.3356117976609],[0.90385907641411,51.3365107339269],[0.90204403830648,51.3358607057911],[0.896401681792267,51.3361716056603],[0.896732044021021,51.3414633206239],[0.919042979012452,51.3457176631857],[0.950270190440821,51.3457639010734],[0.997763933217489,51.3475622355384],[1.01148347274443,51.3517395073565],[1.02449903614871,51.3636305280666],[1.02511714929672,51.3638391640615],[1.02770251674596,51.3629446060019],[1.02603501177793,51.3639208251013],[1.02579175232243,51.3640632327872],[1.02853666621903,51.3649625570845],[1.03318205477243,51.365594638121],[1.05335867698933,51.3656250591126],[1.05424391853995,51.365626315847],[1.06939832238278,51.3693441170465],[1.08173912654582,51.3681955079796],[1.08228197404652,51.3681449513625],[1.09510586786096,51.3686260382395],[1.1021519589929,51.3724648279207],[1.10249064285805,51.3724701200925],[1.13669587893635,51.3729995691132],[1.15965109832819,51.3741713668266],[1.16550346588554,51.374469816664],[1.16607667059378,51.3744990327768],[1.18840548880203,51.3780956952269],[1.22364586256775,51.3793472338278],[1.2241829236227,51.3793359484069],[1.22484215135573,51.3793080459328],[1.26320940220487,51.3776813804567],[1.28015673354218,51.3781952983324],[1.28756140682775,51.3815898970764],[1.30753301939606,51.3822834390777],[1.31977608828218,51.3819306821297],[1.32070316588372,51.3819746116144],[1.33115366385493,51.3824692905019],[1.33380498945224,51.3852182539108],[1.33869374561732,51.3859089090963],[1.34490357561157,51.3851739728359],[1.34520972127283,51.3851377311679],[1.3743196053089,51.3874202618878],[1.3746523575714,51.3874473149387],[1.37888554679016,51.3877913863423],[1.37859317122014,51.3912557946304],[1.38768962339284,51.3926767569572],[1.38868186332305,51.3928317077387],[1.40298471852165,51.3922892936276],[1.40390806089305,51.3923524870925],[1.42492483282119,51.3937887726707],[1.43473915054955,51.3892959782292],[1.43509146461748,51.3891946501988],[1.43520024275902,51.3891633645671],[1.44205295433473,51.387192179168],[1.44299683436132,51.3859774574667],[1.44271396639035,51.3847980428534],[1.44505415410662,51.383329561146],[1.44753399513297,51.3801374346298],[1.44958517398544,51.3774967286615],[1.44678475921496,51.370169062765],[1.44601263969038,51.3681481981463],[1.44581716052751,51.3676365429375],[1.44414961267808,51.3609163217806],[1.43976993449617,51.3500992792856],[1.43633136690188,51.3426241933446],[1.42994528638211,51.3361736575716],[1.42524436772318,51.330316343508],[1.42490831057723,51.3298975512416],[1.42468182646303,51.3259930972634],[1.42320345571096,51.3313764668312],[1.4181076040947,51.329175283817],[1.4216776259355,51.327660533432],[1.41458339233029,51.3274845292774],[1.41530795167121,51.3242294316303],[1.41330482483197,51.3238921448622],[1.41160577966693,51.3239089953023],[1.41143755903544,51.3239106625447],[1.40926222811419,51.3268787051316],[1.37689618483466,51.3296017045986],[1.36584660196252,51.3249817954639],[1.36166989784211,51.3196184101537],[1.36315385558438,51.3135714442128],[1.36025474360448,51.3161463744382],[1.36245925542875,51.3133764267816],[1.35820153581783,51.3144486186611],[1.35791820184315,51.3114818890592],[1.35618843638307,51.3093269343411],[1.36434207197722,51.3124241274334],[1.36655156762372,51.3132632478006],[1.36760031676848,51.3133931462204],[1.37827836604297,51.2903554900829],[1.39396046784013,51.2564825318194],[1.39679327258881,51.2506452035966],[1.40303442729352,51.2349840575312],[1.40471030569606,51.2214914995249],[1.40495811034887,51.2154531423909],[1.40495953098473,51.2154185065707],[1.40537508048024,51.2041711749457],[1.40566858030088,51.1894067200683],[1.40106443053318,51.1651813893069],[1.38832822367456,51.1515494482115],[1.38646388196176,51.1505019378138],[1.38626653759927,51.150241975366],[1.38237503349181,51.1451742340535],[1.37957862132471,51.1421788484779],[1.34360357913591,51.1313756622146],[1.34358811415756,51.1306565464501],[1.34358753696884,51.1306297142584],[1.34358358812554,51.1304460808741],[1.3427376403994,51.1302120244471],[1.34327284217846,51.122639560868],[1.34315672044726,51.1234465768343],[1.34271928514151,51.1268897396705],[1.34266500235859,51.1268969380238],[1.34245676419281,51.1269235211995],[1.33848830563469,51.127428689649],[1.32718572650011,51.1250997330556],[1.32670399196937,51.1255965246441],[1.32602646248942,51.1254002997567],[1.31730740621685,51.1232094887099],[1.31663433193994,51.1224027891688],[1.31573125196407,51.1221102719692],[1.31360202643253,51.1198501525873],[1.31346573736431,51.1196998532972],[1.31300210963241,51.1191885589663],[1.32006110127932,51.1176300790835],[1.3229883860895,51.1141302259098],[1.32200878161011,51.1145637234243],[1.31852001177595,51.1164108615017],[1.31818831079287,51.1162615299509],[1.31124965510622,51.1193444065054],[1.31011119336943,51.1167959129632],[1.31562884442344,51.1151091950244],[1.31473093948468,51.1147049078539],[1.31365510371341,51.1147847953585],[1.31447217971198,51.114588397391],[1.31413683804699,51.1144374025105],[1.3248199348157,51.1120061495873],[1.31270435892213,51.1144105309868],[1.30167980548908,51.1133192510921],[1.29984274753177,51.1126912936053],[1.27860572006368,51.105428488988],[1.2639604687574,51.10226587603],[1.26140051744224,51.1026372258749],[1.22932268324611,51.0990237921735],[1.22647239839704,51.0988211607712],[1.22618360528818,51.0986696913229],[1.22108286534227,51.0980916783936],[1.20581199960096,51.0927795717602],[1.20071287082517,51.0853039262769],[1.19407673505437,51.0818191501012],[1.18571957692849,51.0795714793352],[1.18592724423007,51.0794901530854],[1.18550583066265,51.0794221404809],[1.1942885530002,51.0761885258139],[1.19476094579944,51.07596869458],[1.19422128090761,51.0759551218928],[1.17849005149343,51.075952930845],[1.1784238874036,51.0759529166009],[1.17759203636918,51.0759527354388],[1.16546522259503,51.0733668649868],[1.15503859971431,51.0724517425377],[1.13899366166974,51.071661415371],[1.12477946305334,51.0709594610259],[1.1246910662867,51.0709550903665],[1.1063414744985,51.0681651761047],[1.09576434902244,51.0672313884699],[1.09224633299675,51.0660199218838],[1.07580139502044,51.0635145970022],[1.07559834449459,51.0634836081353],[1.03486986014185,51.0472027383536],[1.0346318358262,51.0471075133505],[0.997348035727354,51.0250792561785],[0.978315533189132,51.0040581180579],[0.978174746956862,51.0039025372923],[0.977006369378348,51.0026113332229],[0.964140643478175,50.9680805161416],[0.964167365644777,50.9678773872857],[0.966286252995623,50.9517658754122],[0.970738697774562,50.9416216596597],[0.980153104686421,50.9201578502506],[0.976982825590351,50.9128535213515],[0.959860592482384,50.9126188584193],[0.894587931514281,50.9182163382513],[0.854706082003919,50.9237291423057],[0.854453343103378,50.9237654814307],[0.844483485731208,50.9251984655805],[0.788087914509276,50.9332862809526],[0.772016625616782,50.9312619619133],[0.774608367748936,50.9275991031584],[0.74977468964116,50.922180038679],[0.709802939988421,50.9019886902767],[0.709553214061611,50.9018410783062],[0.709439908066,50.9017741026899],[0.682527557459008,50.8858574818326],[0.673766635380318,50.8775229411884],[0.664605427050527,50.8718913220793],[0.658637808389318,50.8699506781983],[0.608871902283465,50.8597625715218],[0.605983753328252,50.8585051086079],[0.589436125802483,50.8542160976979],[0.587146038179396,50.8540620397091],[0.586781938884104,50.854037541765],[0.571683314339693,50.853051090547],[0.555812629002094,50.8514239530449],[0.543733670564703,50.8501840016545],[0.543455329921353,50.8501357317317],[0.535723470576642,50.8487945617811],[0.51946440318591,50.8469036100409],[0.519118315226333,50.8468614474081],[0.513143449135548,50.8448744726327],[0.503068878004571,50.8431219861997],[0.483883894545735,50.8388521435316],[0.45693671552816,50.8353004868254],[0.427619505593781,50.832160447589],[0.42729989655128,50.8321261730249],[0.420261982880182,50.8304559521529],[0.412819312091084,50.8294712783362],[0.40033817563367,50.8257247102276],[0.37819128075866,50.820460413893],[0.37783527510766,50.8203757473243],[0.377512425932031,50.8202989644588],[0.359552351184159,50.8134701377338],[0.358345364431831,50.8131050382979],[0.358106621293425,50.8129202301956],[0.349963764592404,50.8098223697895],[0.339196064989785,50.7991565093081],[0.337704399077006,50.7971198227641],[0.317724488288196,50.7816324524417],[0.315757204681181,50.7810511708186],[0.315578129016469,50.7809386002943],[0.308847686260925,50.7767071636084],[0.29170922950291,50.7659269961854],[0.291561002774301,50.7658285560694],[0.291531680871911,50.7658090827429],[0.271557566118727,50.7525379343344],[0.266592666916154,50.7469964783037],[0.258222661568121,50.737650970381],[0.240908388187749,50.7349441845873],[0.209928430616958,50.738406427424],[0.18876855097626,50.7478356531504],[0.150151991754406,50.7587428832559],[0.1489427307005,50.75908414954],[0.143723732905463,50.7575229393427],[0.127384391410966,50.7575329607064],[0.123948852211865,50.7581148441573],[0.104374514098296,50.7660855561966],[0.104016221012269,50.7662781898707],[0.0917298839636095,50.7728698589384],[0.0701346160701455,50.7811891723776],[0.0669967692240594,50.7823974143931],[0.0667733107989352,50.7824834522624],[0.0582396232570472,50.7823088633254],[0.0573153180865004,50.7817041669806],[0.0558055595737416,50.7816368038097],[0.0555888517937852,50.7814464915245],[0.0554168748555909,50.7812954599814],[0.0523842626913872,50.7807059636213],[0.0536164954234246,50.7797142780151],[0.0533731259813269,50.7794796705163],[0.0561469764635921,50.7774153597328],[0.0527240116917695,50.7797835202322],[0.0385578511559139,50.7817453311897],[0.0296788174666348,50.7829739899949],[0.0292848924128239,50.7830497157045],[0.0155926976014359,50.7856808344531],[-0.0157778225105602,50.7929803860237],[-0.0379937023440269,50.7994588570464],[-0.0382291560903875,50.7994865700922],[-0.0384591599137172,50.799196794125],[-0.0417891981011275,50.7995347391925],[-0.0759894864357226,50.807126243968],[-0.0768267801802015,50.8073674823233],[-0.0918783287492784,50.8117026378898],[-0.0964162168336907,50.8085198199613],[-0.0969801785307016,50.8083680767905],[-0.106161150905902,50.8095552703332],[-0.0967016239295908,50.8085501583464],[-0.0955761824888017,50.8092857972248],[-0.0940620705341734,50.8106663469338],[-0.10720837465994,50.8115799279195],[-0.106386422603212,50.808265653362],[-0.107744154735857,50.8116171292691],[-0.107512914156387,50.8128077709586],[-0.108088630899957,50.8129678784436],[-0.113036375470302,50.8143436889818],[-0.123916328630621,50.8163584730475],[-0.136919237385358,50.8185711848507],[-0.13702749035309,50.8185884690538],[-0.156951778211792,50.8217677463659],[-0.16693236130415,50.8230919741862],[-0.167948955059791,50.8231816935871],[-0.181287352203268,50.824358110048],[-0.188929806150467,50.8252406844337],[-0.191675210816595,50.8255576028213],[-0.208372481546306,50.8266789858286],[-0.208414583792303,50.8266838922851],[-0.216037848219507,50.8275720613816],[-0.216618489205312,50.827595214863],[-0.238016901011962,50.8284409980662],[-0.244998350418523,50.8282071506627],[-0.245788995865103,50.827034971522],[-0.246414267317815,50.8269775017193],[-0.246005774812351,50.8285307602391],[-0.240145271967531,50.8302194906433],[-0.24802971521177,50.8290863346652],[-0.252095410912602,50.831095306792],[-0.252299516704684,50.8310967017973],[-0.275306381490799,50.8312516899082],[-0.281328144721502,50.8338788322445],[-0.281700732834149,50.8340413604998],[-0.287500322188381,50.8405307765405],[-0.285601504202168,50.8333814185508],[-0.280241046400709,50.8313316876789],[-0.284245460821656,50.8293265757468],[-0.251545402023221,50.8302643049547],[-0.251499108238562,50.8302244009601],[-0.249203430580967,50.8265214229058],[-0.256272069077888,50.8255090293594],[-0.272917302021477,50.8269606192727],[-0.290227976348295,50.8252219423603],[-0.290541136688821,50.825190463484],[-0.297636569599865,50.823979972511],[-0.323324775633451,50.8195933560655],[-0.323544640435031,50.8195557831511],[-0.323878299594848,50.8194987621173],[-0.332299681598633,50.8175375400124],[-0.332510024616,50.8174885442216],[-0.332696992966186,50.8174449925402],[-0.360097154056747,50.8112766289154],[-0.360147582218566,50.8112675516222],[-0.378303288805367,50.8079977138819],[-0.378475859877316,50.8079753299027],[-0.388391469458141,50.8066887279008],[-0.388717578310044,50.8066691770409],[-0.389056567632346,50.8066488299458],[-0.405757176145418,50.8056451777143],[-0.405844120022708,50.8056379742662],[-0.43594348532793,50.8031400990361],[-0.436020660176655,50.8031369160492],[-0.452890726721973,50.8024399029519],[-0.453275929223936,50.8024407042415],[-0.495213051062272,50.8025201462892],[-0.507447141903187,50.8024701643129],[-0.522422858912583,50.8021019589482],[-0.522759216279927,50.8020936662505],[-0.537085269859291,50.8021894314059],[-0.538128372787456,50.8021963388375],[-0.541917426466518,50.8014244419558],[-0.544987226111581,50.8050006629518],[-0.541986677686025,50.80024899927],[-0.559454260549821,50.7997524691289],[-0.560309184657109,50.7997280972403],[-0.573902375237298,50.7968732848104],[-0.62700121184985,50.788513773569],[-0.627385597818432,50.7884672598986],[-0.642368509846778,50.7873467209973],[-0.642638239439758,50.7872914937134],[-0.658266129183487,50.7840903853519],[-0.658798424936868,50.7839813109795],[-0.659507387057873,50.7838360325007],[-0.671820652030134,50.7818302660385],[-0.672731596887987,50.7816944507524],[-0.688178223768619,50.7793902106811],[-0.716331098958073,50.7742655143396],[-0.716416006237349,50.7742500454352],[-0.728414236525602,50.7711471324046],[-0.732559731073215,50.7689055581199],[-0.738579374449917,50.7663566383339],[-0.739727163767191,50.7650177495528],[-0.740580281044397,50.764554927024],[-0.744890328908418,50.7631474862942],[-0.744677056267876,50.7629903375198],[-0.745286604998405,50.7628896794709],[-0.744494580763617,50.7628558798468],[-0.744162683877207,50.7626113171163],[-0.752568798798031,50.7580504547208],[-0.753731339796589,50.7594582998422],[-0.752411057129193,50.7606584974475],[-0.749733709597395,50.7615031998653],[-0.750632861188643,50.7622748308789],[-0.75032925122506,50.7625507899617],[-0.751691033382283,50.7631828898277],[-0.756888712544955,50.7676426201104],[-0.755373047599032,50.7719161532811],[-0.761526292769063,50.7727158524187],[-0.76309159880609,50.7729192300593],[-0.767056433843205,50.7719411312704],[-0.767485478686677,50.7718352774991],[-0.766801314434689,50.7718690089912],[-0.763324645266172,50.7720403543534],[-0.762997534093699,50.7707935845159],[-0.762330937203273,50.7682526908719],[-0.781634377917352,50.7684713649084],[-0.777172550526254,50.7670171672155],[-0.785695615068233,50.7601375079386],[-0.786854383500342,50.7599013482629],[-0.772799075997144,50.7616409855897],[-0.761800601668765,50.7511394894991],[-0.761485524554337,50.7538961422355],[-0.750994762841008,50.7571697412638],[-0.750923322141184,50.7571920295253],[-0.750081971913928,50.7574545092742],[-0.750543247252681,50.7569937345229],[-0.750587256543339,50.7569497720088],[-0.753592872027918,50.7539471402825],[-0.757055100614437,50.7519596451272],[-0.756354471330308,50.7511878600735],[-0.757635459289044,50.7499078206641],[-0.759089931070316,50.7500792478138],[-0.759106909692664,50.75004163525],[-0.759396059295001,50.7481484137418],[-0.773224650150476,50.7343323002232],[-0.789194243134213,50.722375479603],[-0.804538668857002,50.7307539374072],[-0.817884745559142,50.7395151605254],[-0.818843748870153,50.7401445311466],[-0.821536944170706,50.741539575495],[-0.830582586631305,50.7466401316397],[-0.834148003158628,50.7488169705062],[-0.835266255688616,50.7492804611981],[-0.842858878939924,50.7535596400717],[-0.867052207301382,50.7625166848477],[-0.868686932293021,50.7631226430847],[-0.87581374956699,50.7657582383],[-0.902039961498244,50.7727948555733],[-0.916824395101302,50.7803818274808],[-0.912485427384017,50.7888884673355],[-0.908413000068607,50.7865383513328],[-0.915622966341174,50.7804426429571],[-0.905274955942435,50.7820385597081],[-0.901269345690038,50.7899030808369],[-0.894474877624861,50.7902076671143],[-0.89289369460465,50.7942998464162],[-0.890755749532505,50.7998317613785],[-0.877796685245669,50.8077127327912],[-0.868706976958658,50.8081314102075],[-0.865990501936546,50.8064179586387],[-0.860329485447776,50.8028465665339],[-0.844726907625558,50.7992937128858],[-0.834983005620394,50.8047463982851],[-0.82518078524483,50.804853016393],[-0.825119481703083,50.8056891340784],[-0.824798932052619,50.8100606504043],[-0.814494508573961,50.8143728059208],[-0.8168611416816,50.8194149600698],[-0.809723993295285,50.8271995367994],[-0.807788772497802,50.8305422613441],[-0.811478222445033,50.8304728922922],[-0.810746291349619,50.8332937210079],[-0.812926745612841,50.8305253830417],[-0.812012552638792,50.8339262430974],[-0.817585798321848,50.8285529113145],[-0.819744738402361,50.8168694793686],[-0.844574177105394,50.8048543833511],[-0.856969243466316,50.8075476205171],[-0.85585171175828,50.8102957328734],[-0.848777830475894,50.8107467944864],[-0.864755379687986,50.8117109337142],[-0.865838276924668,50.8127046848027],[-0.869938002517346,50.8164663579958],[-0.865638474568407,50.8209571125751],[-0.86313171792558,50.8235749064155],[-0.851153603666065,50.8278281733966],[-0.86124487345675,50.8280655561645],[-0.858062414524451,50.8394887577841],[-0.861898408580845,50.8379201086401],[-0.865205063505604,50.8388591671535],[-0.870893526400638,50.8404742636961],[-0.868942403918591,50.8342880172933],[-0.874067291002464,50.8325371060929],[-0.865761480984303,50.8269584470832],[-0.871386126511016,50.8239975969407],[-0.87687742861178,50.811481841834],[-0.892312330433291,50.8185132809955],[-0.897034417453063,50.8288719322948],[-0.892545021997736,50.8347363011515],[-0.89503310792791,50.8385762459338],[-0.908714041068306,50.837746106021],[-0.913204586293997,50.8400785177244],[-0.917302582165629,50.8366182881799],[-0.912399553053592,50.827711993437],[-0.908304140639035,50.822673745958],[-0.906891389780626,50.8010055087215],[-0.908003092665566,50.7986040023368],[-0.911025906663843,50.8001187986127],[-0.931661147356764,50.8136683586847],[-0.942576239196575,50.8153971829418],[-0.938608045101952,50.8178054861611],[-0.942389967037205,50.8243434689619],[-0.938074198236308,50.831593966396],[-0.932962836382906,50.8429090310432],[-0.930052183194257,50.8417465889387],[-0.932120686788482,50.8454158309078],[-0.932217173077177,50.8455869706799],[-0.932477907919786,50.8460494381527],[-0.932198851215166,50.8434301506148],[-0.937570439115519,50.8444106104662],[-0.940011964415762,50.8419075718714],[-0.951230558650446,50.8440161332762],[-0.956186029832178,50.8396935408519],[-0.956820417797168,50.8397842065305],[-0.957890657690773,50.8399371544554],[-0.974458244173659,50.8423034851977],[-0.981420804407408,50.8349280858458],[-0.983378082881504,50.8382384444931],[-0.987563130070159,50.8399529335558],[-0.985976018285814,50.8378230545658],[-0.989645058966675,50.8376588808453],[-0.994739534989422,50.8403113341559],[-1.0011889802698,50.8436684848576],[-0.996649738802726,50.8466394941817],[-1.00090882606922,50.8448818988356],[-1.0007982093221,50.8505832758272],[-1.00078254751953,50.8513917374194],[-1.00100733444943,50.8504338528565],[-1.00274831335135,50.84301450065],[-1.00318819948421,50.8430192278154],[-1.01990951706716,50.843197713222],[-1.02062526974649,50.8390588187925],[-1.02116045045486,50.8383058517623],[-1.02186613625835,50.8373129428561],[-1.02171418115208,50.8373512633132],[-1.02158781102454,50.8373831317362],[-1.0184837675862,50.8381658501231],[-1.010246324836,50.8349576647136],[-1.01695548979847,50.8368867308466],[-1.02397328421119,50.8329913916498],[-1.02407161171292,50.8329368061376],[-1.02412894889485,50.826322559802],[-1.03489519311751,50.829307865958],[-1.03628568799817,50.8353744544335],[-1.04411850438351,50.8321365893872],[-1.05427700367731,50.8338899285823],[-1.07879231501581,50.8372172236424],[-1.08916845299701,50.8285950936307],[-1.08844354729689,50.8302599290508],[-1.08791713819815,50.8313508511479],[-1.09497544927682,50.8313345610278],[-1.1062757985556,50.8378619581668],[-1.10327975271944,50.8464001756778],[-1.11384209901434,50.8467994434778],[-1.11181792283721,50.8435013891899],[-1.11604956800975,50.8438497078166],[-1.11608577739555,50.8412684994098],[-1.11813226042695,50.8442062802893],[-1.11434371972155,50.8383959862164],[-1.11300670668217,50.836191118905],[-1.12220953104078,50.8356771121237],[-1.1309030024229,50.8372299781247],[-1.14921987099564,50.8405628661061],[-1.15233380516287,50.8411291352156],[-1.15378329778755,50.8447728518936],[-1.15382212728443,50.84476437935],[-1.15383668408532,50.8448072346808],[-1.16769541378484,50.8417363784845],[-1.17267102974854,50.8406498685091],[-1.17572208867964,50.8461584159225],[-1.17672068235319,50.8479610211841],[-1.17613930599273,50.8479845890265],[-1.16925900270228,50.848263274508],[-1.16825966567349,50.8503225508594],[-1.16741464254733,50.8520637742369],[-1.16698654697926,50.8529458475958],[-1.16935951262614,50.8495652527457],[-1.17637859969686,50.8490319198624],[-1.17896540896825,50.8488352552155],[-1.17899497774783,50.8487007992913],[-1.17574846865719,50.8421113901099],[-1.17934678604644,50.8374759798867],[-1.17937389899321,50.8374410484203],[-1.1783921243022,50.8380006360594],[-1.17609982788125,50.8392603352179],[-1.16645190474856,50.8376882234666],[-1.16650488200634,50.8347173405139],[-1.15895270004383,50.8384824858437],[-1.15851898559863,50.8386986802974],[-1.15167107062104,50.8341516096625],[-1.150051169683,50.8330929644285],[-1.15025735291431,50.8267689367158],[-1.15479339943076,50.824539884571],[-1.15503754523539,50.8244198978455],[-1.15712788560855,50.8233925426081],[-1.14950048779999,50.8251268967979],[-1.14577959503564,50.8259727340819],[-1.14094385341218,50.816306624894],[-1.14019058573636,50.8158610633173],[-1.13967510648339,50.8155561473154],[-1.1238152813139,50.8061718824557],[-1.13120685541112,50.805179430933],[-1.13606524840628,50.8045268276702],[-1.13444774522871,50.8021170498981],[-1.13382177040983,50.8022549029643],[-1.12373864023064,50.8041263743817],[-1.12231569044576,50.8000049837793],[-1.12182887383154,50.7996419320893],[-1.12139100115174,50.7993153740812],[-1.11723046077293,50.7962122111361],[-1.11657262913995,50.7957215127746],[-1.11868510858975,50.7912132408793],[-1.12828138745148,50.791770070329],[-1.12694717361466,50.7892852592242],[-1.13068465392429,50.7887969989317],[-1.13622325447839,50.7903408388978],[-1.13399718157132,50.7887882784145],[-1.13180409650373,50.7872586006589],[-1.13863061979218,50.7851876827558],[-1.13712029039087,50.785168145294],[-1.13297310336003,50.7851144007857],[-1.12686948545871,50.7882900658388],[-1.12492200373915,50.7893031650107],[-1.1243592829644,50.7895958840065],[-1.12328547005588,50.7893812757599],[-1.11641588726261,50.7880080667879],[-1.11309827756289,50.7913443978271],[-1.11224743795336,50.7892725701108],[-1.12476487087076,50.7821551010111],[-1.13625801592775,50.7750348214876],[-1.13900610010287,50.7742185563768],[-1.14986063190469,50.778321701774],[-1.14996645651038,50.778377365129],[-1.1503454677461,50.7785767215908],[-1.1613737338442,50.7843760457234],[-1.17595392746296,50.7864525661278],[-1.18100073112445,50.7878676670492],[-1.1838992851201,50.7888189512175],[-1.19297851506746,50.7918048583427],[-1.19902465365587,50.7968024237672],[-1.21414762202561,50.8092966368528],[-1.21439389889259,50.8093739029982],[-1.24289509871073,50.8183104935792],[-1.24315217466034,50.8182303741301],[-1.24497373946193,50.8176626458024],[-1.24949878462984,50.8188788991381],[-1.26690582375664,50.8272249577673],[-1.26720873178314,50.8273701428606],[-1.30640856372924,50.8406796708424],[-1.30800554206901,50.8452503016884],[-1.3033356212654,50.8485751033996],[-1.30772465610308,50.8631092550721],[-1.30782006296877,50.8634251580184],[-1.30576294376608,50.8743875406006],[-1.30541250312894,50.8746211890061],[-1.29634545988452,50.8792565571318],[-1.30204106567659,50.8836423264744],[-1.30009648579789,50.8854381759574],[-1.29798132835706,50.8870123446328],[-1.28774012504024,50.8917374999351],[-1.28711886167591,50.8953631020187],[-1.26551163849173,50.8977478632364],[-1.26524777971993,50.8979082606283],[-1.25600813620225,50.9035239015859],[-1.26204442214102,50.9037367767865],[-1.26117552232237,50.902964973883],[-1.26102997247959,50.9028329781444],[-1.26282741094703,50.8997822513147],[-1.27907956849998,50.8972650493302],[-1.28081894997402,50.8993710303412],[-1.28023436203594,50.897164244534],[-1.28905479997748,50.896159063692],[-1.28981303548167,50.8937948641539],[-1.29028931432828,50.8923096801258],[-1.29352108337152,50.8927707781228],[-1.29469326596182,50.8929379968995],[-1.30511161554836,50.8830733569051],[-1.30021014706779,50.8794641381479],[-1.31290116596401,50.8764449406054],[-1.31436532792582,50.8733554154317],[-1.31341119148967,50.8723719735145],[-1.31259122045942,50.8715267753319],[-1.30967770112268,50.8689983280402],[-1.30940185501165,50.8687589208417],[-1.31313262762703,50.865075949294],[-1.31243633005116,50.8547736409743],[-1.31773824923346,50.8541867933704],[-1.31021533093694,50.8506652537236],[-1.31264952843521,50.8488674999159],[-1.33190855064143,50.8571056600931],[-1.36400845122415,50.8792775953154],[-1.36511119785051,50.8800387520251],[-1.38312553935544,50.8893844760153],[-1.38275514180771,50.8972535792612],[-1.38272715993989,50.8978479440365],[-1.38245311047603,50.8979649591747],[-1.38252070466166,50.8981359635044],[-1.38483538441716,50.9039910640686],[-1.37178764435642,50.9119608005773],[-1.37216544078783,50.912293006647],[-1.37233258322541,50.9124399767267],[-1.3767477171279,50.9163218493119],[-1.38553512385367,50.9146851353023],[-1.38765250195773,50.9170200527453],[-1.37690718286638,50.9218469001457],[-1.38013320294887,50.9305303426551],[-1.38076652066406,50.9322294683881],[-1.38083238690649,50.9324061722506],[-1.38081673669763,50.9321911274203],[-1.38002211476626,50.9212709063018],[-1.38919343269586,50.9191656515461],[-1.38927097963852,50.9185332962777],[-1.38927415395492,50.9185074167746],[-1.38968402309308,50.9151647847644],[-1.37751590942638,50.9113063328652],[-1.388281272141,50.9050292962058],[-1.38827677235282,50.904879286798],[-1.38799378075025,50.89544327099],[-1.39286115422394,50.8948878831504],[-1.38839278651565,50.8941828139925],[-1.39266401002129,50.8884031553505],[-1.39639054987442,50.8925600909443],[-1.39327084197526,50.8830557248193],[-1.39948910086346,50.8883325040948],[-1.39902240076432,50.8945485166087],[-1.4008217835614,50.8902853822908],[-1.40354168653182,50.8956283728085],[-1.41672703874445,50.9005645163791],[-1.41780819432377,50.9009000495433],[-1.41823157215843,50.9010314394252],[-1.43248580173196,50.9054537053758],[-1.44044254559556,50.9079211628379],[-1.44096436395827,50.9080829554904],[-1.44102960918324,50.9080567566337],[-1.45098061575981,50.904060285794],[-1.46460616294742,50.9100003572529],[-1.46475794248893,50.9101586776455],[-1.4734557353797,50.9195481005687],[-1.47357447694535,50.9196762517694],[-1.47527296569346,50.9215092482718],[-1.47872454973045,50.9252336298834],[-1.47879054718314,50.9254015376351],[-1.4792628151023,50.9266028350296],[-1.48273081237447,50.9248774433102],[-1.47684595895595,50.9207208196813],[-1.47672932351917,50.9203421725066],[-1.47661240442159,50.9199625974951],[-1.47406984111189,50.9117064813208],[-1.47903921926408,50.9164474300405],[-1.47840958924323,50.9125903205462],[-1.47824152537295,50.9119762492115],[-1.46179951649547,50.9035723573881],[-1.46154165754307,50.903440520188],[-1.45232700190617,50.9003481584442],[-1.44196390713837,50.9020536072574],[-1.43256703213584,50.8987538603752],[-1.42677738010354,50.896720264736],[-1.42570284415117,50.8947901930878],[-1.42184978337485,50.8950260979151],[-1.42040419499883,50.8916749605385],[-1.42007243382078,50.89090580931],[-1.40061852827747,50.8769979955802],[-1.39750161645737,50.8747685938606],[-1.4007682788813,50.8719465753686],[-1.3956900217931,50.8691012517355],[-1.39524622015575,50.8688157467358],[-1.38831643780869,50.8643570278787],[-1.38797912177433,50.8642422314486],[-1.3879035729799,50.8642165195576],[-1.38415504227134,50.862925689],[-1.37916017822496,50.8601378327342],[-1.38156765730142,50.859014025189],[-1.37337131815439,50.8569765438078],[-1.37678378257521,50.8538906735324],[-1.37236873614104,50.8552490505212],[-1.35270689897512,50.8481432511722],[-1.36051272275992,50.8429123528413],[-1.35169828700469,50.8465064090512],[-1.35407557728012,50.8419109539427],[-1.3505506411226,50.8463003421103],[-1.34214108608634,50.8443376473194],[-1.33456761751743,50.8374574906828],[-1.34033661393387,50.8344032194508],[-1.33924686541595,50.8264962263846],[-1.32849394241211,50.8273553525344],[-1.32737774155321,50.8254899642256],[-1.32838982133581,50.8239124880594],[-1.32704593093386,50.8249354180687],[-1.32621749634198,50.8235508120205],[-1.32751373597159,50.823920911953],[-1.32606692297775,50.8232991406113],[-1.32341241709337,50.8188943503274],[-1.3251065322057,50.8173108352663],[-1.32547125488191,50.8170136568012],[-1.32603319309803,50.8165546136453],[-1.32586574234531,50.8165811517326],[-1.32597952615599,50.8164859462641],[-1.32558542667853,50.8166255756355],[-1.31736600027667,50.8179278741149],[-1.31818317440812,50.8186661444105],[-1.31721540015295,50.8195745330607],[-1.31671432612658,50.8196295329725],[-1.312615566251,50.8189078177325],[-1.31049501224103,50.8172577762705],[-1.31063822658254,50.8169223247879],[-1.31398277932326,50.8158466843534],[-1.31193842321916,50.8138766526735],[-1.31205977918257,50.8135923603348],[-1.31191188530398,50.8138510785605],[-1.31150683479449,50.8134607278278],[-1.30744086373158,50.8192376742758],[-1.3071982719865,50.8191105372358],[-1.30858369298341,50.8148454687624],[-1.32779612288927,50.802956315094],[-1.33225326620477,50.797641329632],[-1.33749756074788,50.7913858886016],[-1.34237081129794,50.7859307486969],[-1.35254465899792,50.7840052177377],[-1.35431476465195,50.7840996531048],[-1.35469489630763,50.7841199297243],[-1.38834171852129,50.7859099089119],[-1.4035166649674,50.7834293808507],[-1.40738695376147,50.7852926580587],[-1.40052052768325,50.7843366310507],[-1.40872171757671,50.7866564247692],[-1.4050585181123,50.7913787252325],[-1.40788228442429,50.7980496288616],[-1.4090043976988,50.800699977997],[-1.41407717775816,50.8026563543329],[-1.41213932597076,50.8048695654099],[-1.42007071676618,50.8002997322039],[-1.41913978064879,50.8070647711927],[-1.42648516842019,50.8075715048457],[-1.42914271203759,50.8111258856981],[-1.43363730180274,50.8103478973444],[-1.43598402182996,50.8099415999353],[-1.43815496729156,50.8154393698844],[-1.44865489667803,50.8201377519307],[-1.45123020157255,50.8191570839153],[-1.44708843203064,50.8186267653662],[-1.44560904951305,50.8136018584517],[-1.43944344720225,50.8140436277423],[-1.43994200870571,50.8103356558678],[-1.43365539178803,50.8088485925795],[-1.42036434639748,50.8057031184129],[-1.42284487221729,50.7999565055479],[-1.41233384624114,50.8001026411669],[-1.41177698687587,50.7980694807873],[-1.40968829984566,50.7904418619442],[-1.41297158725193,50.7839505205592],[-1.39801800104047,50.7762815201104],[-1.39361492792369,50.7767879208895],[-1.39493382903092,50.7762056333715],[-1.39783131204136,50.7755375874129],[-1.39787740465151,50.7755262990921],[-1.4015669424895,50.7739176681971],[-1.40149076399889,50.7739287924075],[-1.40165335699422,50.7738573065433],[-1.40116211075196,50.7739767833253],[-1.39939846672525,50.7742343012658],[-1.40014355233656,50.7739052803764],[-1.41881596496017,50.7666238055737],[-1.42108571142339,50.7662355260506],[-1.42135046453464,50.7661912293026],[-1.43419033402159,50.7644992119618],[-1.46210060719231,50.7608155975677],[-1.46494423854685,50.7648439213509],[-1.46749147281216,50.7597978691176],[-1.51378626707686,50.753230457766],[-1.53007461624294,50.7579377154799],[-1.53534576800788,50.759460363554],[-1.53351362030499,50.7624925737084],[-1.53682655032701,50.7630918321936],[-1.53677524898031,50.7629206766146],[-1.53674926616428,50.7619881888604],[-1.53666492514991,50.7589611103645],[-1.52756969797322,50.7532079737655],[-1.53166011739315,50.7487317218238],[-1.52586660501304,50.7494726882124],[-1.52592502725889,50.7445214998125],[-1.53065136131695,50.7424408485588],[-1.53732713542051,50.7451257472685],[-1.53523684296084,50.7418045682017],[-1.54076767008564,50.7400850096237],[-1.5343736420822,50.7412173145961],[-1.53341830024103,50.7414006630254],[-1.53107393692561,50.7370180962378],[-1.54553614551933,50.7270107299245],[-1.55251560470508,50.727724818231],[-1.55438335719048,50.7238068808318],[-1.55458712677326,50.7233793932902],[-1.56037866497127,50.7210982704359],[-1.56743309672146,50.7224795818398],[-1.56496841526405,50.7209689431526],[-1.57109798768622,50.718185882686],[-1.57604818098248,50.7166516769893],[-1.56377150921513,50.7094581524189],[-1.55423717401678,50.7070299883876],[-1.55465092633221,50.7132299965825],[-1.55414905422726,50.7128753264251],[-1.54793437186478,50.7083257240003],[-1.55115673133856,50.7060995471531],[-1.55533481812343,50.7061693721022],[-1.56490586025937,50.7088000233037],[-1.5820395989047,50.7182448122937],[-1.58291818539775,50.7186379318654],[-1.58369825434768,50.7189688563999],[-1.62817378530234,50.7288709375231],[-1.63024991367073,50.7293398544913],[-1.63498369311138,50.7304402807301],[-1.64043725099167,50.7320185405278],[-1.6427037058247,50.7322343753755],[-1.64714019568721,50.733265101047],[-1.65647758532321,50.7340271663666],[-1.65818794554133,50.734333047768],[-1.69174813705308,50.737282664961],[-1.69187957994834,50.7372941957472],[-1.68181880176013,50.751850045709],[-1.74416871755885,50.7474553887605],[-1.73895962345847,50.7632705334556],[-1.74884631724303,50.7794943875112],[-1.78794920841908,50.7665658737608],[-1.81214229625864,50.8067566681678],[-1.8036350079783,50.8300239598254],[-1.79061492044422,50.8363141194303],[-1.80247295729644,50.8429625299587],[-1.80711024689597,50.8633153672182],[-1.82951847980606,50.8553189315709],[-1.85094373356272,50.8587249577509],[-1.84855553218411,50.8898873570296],[-1.8165419268142,50.9039481458121],[-1.8106580896691,50.9272033833848],[-1.84184002606343,50.931680374307],[-1.87364432144964,50.9172258897865],[-1.92084101012651,50.9614073112474],[-1.95546558071481,50.9782663327052],[-1.95724058236751,50.9874373215946],[-1.94993597428249,50.982310587126],[-1.92787590068259,50.9976972353567],[-1.88674132171074,50.9995277362902],[-1.87448162937032,51.0063305730385],[-1.87391116606953,50.9845006397084],[-1.85338113087344,51.0046795408065],[-1.83581730052681,51.0094733419781],[-1.81542176154033,50.9859226506618],[-1.80031396441254,50.9913948004776],[-1.75440191299908,50.9778920957637],[-1.71957103083064,50.9767862625426],[-1.66165999760679,50.9452778925552],[-1.63496498191182,50.959242203305],[-1.6233992105681,50.9546372721636],[-1.60292975190204,50.9785041796413],[-1.61973084457042,50.9830349746602],[-1.62888498210167,50.9990317656901],[-1.60607793189018,51.0018978059504],[-1.60910357724982,51.0098542897162],[-1.59757614725212,51.0080271237065],[-1.59939671455144,51.0237293759632],[-1.63237574994688,51.0327797089411],[-1.62781309289031,51.0782665286353],[-1.63731080993168,51.092165472254],[-1.6263412733448,51.1173368735328],[-1.66297542061049,51.1271919942692],[-1.65404004725731,51.1562528482212],[-1.67227119754693,51.1785463714458],[-1.66882042147437,51.1907592194979],[-1.69409695143106,51.204043239813],[-1.68969464697899,51.2148276707553],[-1.63362097701599,51.2175905587049],[-1.60759078945477,51.2527924070843],[-1.57757201593558,51.2555795590364],[-1.54584181725981,51.245251361758],[-1.53603185288199,51.2485479818718],[-1.5298179468057,51.2608018465514],[-1.54059897066636,51.2608311904227],[-1.54262001501247,51.2812415026738],[-1.5227771840447,51.28706332452],[-1.51940862318842,51.2959528007858],[-1.53356185391502,51.3162235803486],[-1.52753694611479,51.3383874958611],[-1.49822987932554,51.3293659541047],[-1.48561782031052,51.3476506895843],[-1.50063304963128,51.3563211275534],[-1.49537262165059,51.3696578986654],[-1.55559663765941,51.3955386540797],[-1.55292234102159,51.4100374220283],[-1.57096980348612,51.4152945965752],[-1.56511865145832,51.4220434340803],[-1.52653517029054,51.4239718916141],[-1.52402343880987,51.4474724287348],[-1.58240025292512,51.4942544255071],[-1.58469504578326,51.5249220610758],[-1.60281908100538,51.5182939240412],[-1.64768626504516,51.5719347094789],[-1.65504259728401,51.5764933609045],[-1.67654765821201,51.5693909375595],[-1.69110586307939,51.583505684584],[-1.69059536080077,51.6054112343858],[-1.66698974337017,51.6162194516661],[-1.67372908103647,51.6228363434038],[-1.65992403003547,51.6350375044348],[-1.69189582218115,51.6521716683337],[-1.69686181128133,51.6815514544959],[-1.68154617291909,51.690414691565],[-1.66845860139018,51.6804375698815],[-1.64825374342062,51.6840870667632],[-1.68800012551327,51.7120447484807],[-1.69587065656067,51.7235374534648],[-1.6870208353919,51.7398840237491],[-1.70070464063817,51.7705842309133],[-1.71948863302901,51.783211828608],[-1.68193160633868,51.8039930873526],[-1.68646159226861,51.834455791808],[-1.67638499897572,51.8503096863382],[-1.68686790516724,51.865499769979],[-1.66711188278055,51.8770000586035],[-1.6586519744456,51.8965511935467],[-1.63305061648252,51.8992254674722],[-1.64552984349675,51.9222942568441],[-1.61518947797644,51.9376820884175],[-1.63249065036283,51.9556514588347],[-1.66252911046192,51.96400494758],[-1.66575430454863,51.9874888219864],[-1.61234247849955,51.9554034171782],[-1.5916338243768,51.9704499714443],[-1.60030155963125,51.9769415562367],[-1.58057305586184,51.9729959917575],[-1.5496712341503,51.9808596590458],[-1.55722360987893,51.9916576656612],[-1.52530903761447,51.9928568262056],[-1.48780444309778,52.0939574330421],[-1.47730164801721,52.1013509449693],[-1.44718785165916,52.0976250329561],[-1.45345845225059,52.1130088171451],[-1.42585527139589,52.1182494968197],[-1.38539981246728,52.0941455730689],[-1.35776965526573,52.101310424564],[-1.37084214071868,52.1175341834914],[-1.39330253064253,52.1189629049398],[-1.36614709694777,52.136075238415],[-1.34870798028103,52.135132199429],[-1.3318971346503,52.168485056197],[-1.2480850615427,52.0971607919138],[-1.32116486414435,52.0870189284444],[-1.31815993117564,52.0799212576787],[-1.29750881413832,52.0780566948102],[-1.31292004347286,52.0514526634399],[-1.27816401885651,52.0142726693672],[-1.28353449972237,51.9795993829644],[-1.24161223468245,51.9862933638439],[-1.19763689128177,51.9772816472427],[-1.16382348465592,51.993412226747],[-1.13432869833779,51.997296387881],[-1.11799360505387,52.0157208996022],[-1.13666519177378,52.0222431393199],[-1.12198746604179,52.0451472428701],[-1.06206502018462,52.0627354079628],[-1.02667161201386,52.0642321812514],[-1.04206410377149,52.0739350801836],[-0.967805300661276,52.0709109281604],[-0.951872932630787,52.0815336222521],[-0.908376568151801,52.0222399672463],[-0.890044039692073,52.0315535909875],[-0.880463434729443,52.0286823939567],[-0.869704164410375,52.044829978262],[-0.852469890699322,52.0506630710318],[-0.862733821709605,52.0608877408411],[-0.839594622604854,52.0637959332893],[-0.831313005313099,52.0720063385771],[-0.846712543491745,52.0915087034718],[-0.869530890831007,52.1000376603272],[-0.871472753510848,52.1117797319681],[-0.887033141552335,52.1142149340775],[-0.880758452631504,52.1262921523493],[-0.832040075305798,52.1312603534096],[-0.831966629471785,52.1436835087174],[-0.814018926401135,52.1424745144121],[-0.80195676837323,52.1586788068858],[-0.792091270533438,52.1513294604513],[-0.777879017517109,52.1687720329033],[-0.76533176234871,52.171099132693],[-0.761890153254857,52.1634807264853],[-0.701671512157467,52.1933084347047],[-0.668135637658982,52.1950341117758],[-0.627446652788111,52.1815454683205]]]]},"properties":{"ITL125CD":"TLJ","ITL125NM":"South East"}},{"type":"Feature","geometry":{"type":"MultiPolygon","coordinates":[[[[-6.34667271332341,49.897555736731],[-6.33698773489135,49.8941257059642],[-6.33718082570715,49.894532011602],[-6.33681188317142,49.8943902779027],[-6.33720699667396,49.8949113426144],[-6.32843194925867,49.8924589335795],[-6.32852607422768,49.8920533500217],[-6.33325627245989,49.8926023571492],[-6.33442200294925,49.8937376502709],[-6.33833748048622,49.8934128600728],[-6.33805049279199,49.8926388328393],[-6.34125310969322,49.8823464937813],[-6.34611175982197,49.8900581669342],[-6.35183076238424,49.8886562379862],[-6.35263912214101,49.8891479862497],[-6.34956527436827,49.8945671459319],[-6.3524077751758,49.8957990418282],[-6.35225905748685,49.896150594895],[-6.35031389831221,49.8955018419025],[-6.34910316392713,49.8982345465813],[-6.34667271332341,49.897555736731]]],[[[-6.37416306935363,49.8989681434094],[-6.3720177324986,49.8957622231774],[-6.37792233891165,49.8958995646142],[-6.37494768664929,49.8996070490905],[-6.37416306935363,49.8989681434094]]],[[[-6.277268415256,49.9184673301487],[-6.28080278224047,49.9154512478732],[-6.28645392278758,49.9167560971134],[-6.2842405376636,49.9132929076022],[-6.28716651362069,49.9102651879419],[-6.28782901967606,49.9100221556417],[-6.30300385700417,49.9115332643619],[-6.30266347928918,49.9108807833823],[-6.30358368576015,49.9033192759564],[-6.30475260571377,49.9040412067146],[-6.30608771920915,49.9054255115167],[-6.31287819443449,49.9132390686908],[-6.31742344554242,49.9132513835754],[-6.31754540246868,49.9123649701717],[-6.31761110244577,49.9123522439748],[-6.3175016724563,49.912036522816],[-6.31772144468412,49.9086232822378],[-6.31925588500032,49.9083462180537],[-6.32663715009822,49.9116226124932],[-6.32764388449862,49.9125747441382],[-6.32743247879778,49.9126885208016],[-6.31669086845471,49.915573763881],[-6.31669960031791,49.9152544543968],[-6.30909422933638,49.9166184612377],[-6.30841736076335,49.9200729085111],[-6.3105461318211,49.9204774354531],[-6.31077007367777,49.9216209676768],[-6.30917775411116,49.9218537220595],[-6.30993408271686,49.9220795287305],[-6.30842328528119,49.922699294302],[-6.31152183236488,49.9254592486422],[-6.31229044280552,49.9293829090052],[-6.30913396825261,49.9330988497574],[-6.30428515096677,49.9351622934927],[-6.29777467012225,49.9367940554527],[-6.296277540829,49.9366828646835],[-6.28946568842687,49.9340018943657],[-6.28820252847201,49.9308843212589],[-6.2766229078191,49.9287187047372],[-6.27661359299823,49.9286299076194],[-6.27675160269922,49.9285819045762],[-6.28137154995494,49.9277690297362],[-6.2808414808124,49.9271592428516],[-6.2808883853484,49.927142926057],[-6.28081619788515,49.9271310484551],[-6.27628466526316,49.9222289191724],[-6.27593968083456,49.9208304288164],[-6.277268415256,49.9184673301487]]],[[[-6.35226022929904,49.9376345541951],[-6.35061279136246,49.9281331075833],[-6.35765502848755,49.9303274726108],[-6.35695331430993,49.9312780567442],[-6.35441343666724,49.933085298892],[-6.35500874302266,49.9339120776844],[-6.35226022929904,49.9376345541951]]],[[[-6.34807363717608,49.9556526340887],[-6.34949394036593,49.9519209957535],[-6.35730415486619,49.9450758205603],[-6.35857927246639,49.9452104403169],[-6.35843444673263,49.9454293982554],[-6.36055965627262,49.9459729352774],[-6.36047114523961,49.9469856952944],[-6.35632374213882,49.9490814340677],[-6.35733957392718,49.9494291360781],[-6.35725946344414,49.9494593357679],[-6.35800673644341,49.9495690042194],[-6.36019008361859,49.9502014764549],[-6.35987579383191,49.9537971443332],[-6.35842316716996,49.9536545778778],[-6.35975199677419,49.955213369968],[-6.35935830340575,49.9597168134612],[-6.35650596362801,49.9613591733831],[-6.35907441212146,49.9629640104501],[-6.3590101382085,49.9636991376273],[-6.34807363717608,49.9556526340887]]],[[[-6.34170081359362,49.9662387224839],[-6.3396363812914,49.9626784106163],[-6.33591940535534,49.9637010182908],[-6.33427214035353,49.9629778597563],[-6.33242088039238,49.9589119745818],[-6.32875909233306,49.9591131230883],[-6.32635306703298,49.9585899761704],[-6.32167680330005,49.9551593038744],[-6.32066559990264,49.9506491550042],[-6.32275967138037,49.9468770410337],[-6.31973872664684,49.9447222121969],[-6.32825696400721,49.9435096671704],[-6.33190554325246,49.9395923288408],[-6.3325733563402,49.9394904346519],[-6.33518606475761,49.9424529646276],[-6.33481637387274,49.9432027272091],[-6.33638203152256,49.9438089532749],[-6.33921912771072,49.9470252638228],[-6.33909608311325,49.9558554131206],[-6.34387354058518,49.9592541806513],[-6.34679251719158,49.9678987761988],[-6.34545663028613,49.9678870045714],[-6.34170081359362,49.9662387224839]]],[[[-6.30914385392836,49.9695931995989],[-6.30937400612415,49.9650384280897],[-6.31417848753188,49.9664730326662],[-6.3142502921424,49.9664426754656],[-6.31584086941172,49.9670227940194],[-6.31261060324809,49.9698201193827],[-6.30914385392836,49.9695931995989]]],[[[-6.29121811059689,49.9704385934812],[-6.28874852639423,49.9661723705051],[-6.27816922863996,49.9638507079541],[-6.27599433041871,49.9650177740946],[-6.27122151329862,49.9644429440686],[-6.27065942257613,49.9639973916619],[-6.27023807337985,49.9643244735411],[-6.26998661081911,49.9642941800236],[-6.26990444836104,49.9642334290691],[-6.26985178664998,49.9642779375869],[-6.26203551888244,49.9633360115581],[-6.2616273661866,49.9628979507763],[-6.26337230237548,49.962310091593],[-6.27558573086802,49.9586793498583],[-6.27704463684569,49.9590119504989],[-6.27709017613044,49.9589850789872],[-6.27714655909969,49.9589973883829],[-6.27973906615304,49.9574442619381],[-6.28363332104675,49.9562860293912],[-6.28479762136165,49.9565562878461],[-6.29015664955357,49.9617749614799],[-6.30274859881539,49.9636786748102],[-6.304100431531,49.9651187257228],[-6.30364035412536,49.9677933723248],[-6.30082773906641,49.9696474601719],[-6.29864124317027,49.9694184113026],[-6.29799595890305,49.9734924905321],[-6.29228047106668,49.9743700730675],[-6.29216696804455,49.9743895712104],[-6.29179189804786,49.9744578688482],[-6.29167622511993,49.9742053598623],[-6.29285538607438,49.9732665224432],[-6.2917192469313,49.9713042052654],[-6.29180428111439,49.971031704296],[-6.29121811059689,49.9704385934812]]],[[[-6.32326207486117,49.97189383222],[-6.32652828396371,49.9703787864913],[-6.32707139464666,49.9704502592228],[-6.3266414260489,49.9747825225662],[-6.32622473164961,49.9746816484688],[-6.32326207486117,49.97189383222]]],[[[-6.29421879294787,49.9797549472127],[-6.29236020973543,49.9756984198579],[-6.29290419495003,49.9762651452022],[-6.2943041391816,49.9797448100687],[-6.29421879294787,49.9797549472127]]],[[[-5.47652550825272,50.116910721752],[-5.47881287602497,50.1158899394374],[-5.47853893098564,50.1177900024742],[-5.47823566327807,50.1184159624933],[-5.47613684862769,50.1175226657824],[-5.47652550825272,50.116910721752]]],[[[-3.89832469389064,50.2784471078136],[-3.90105077819791,50.2780768766987],[-3.89953610068782,50.2809968851167],[-3.89690128430186,50.2788047535961],[-3.89832469389064,50.2784471078136]]],[[[-4.44592805435602,50.336166289502],[-4.44915603285878,50.335905194438],[-4.45099129001341,50.3360648142935],[-4.45168744200008,50.3361318729344],[-4.45024144025148,50.3382771244654],[-4.44592805435602,50.336166289502]]],[[[-1.98710789633152,50.6792704429845],[-1.99062962587833,50.6770585024923],[-1.99670385300853,50.679970741884],[-1.99385719258704,50.6828744386649],[-1.99534499823341,50.680628077071],[-1.98710789633152,50.6792704429845]]],[[[-1.98004646465949,50.6835230151124],[-1.98898983403101,50.681673504599],[-1.99114078983005,50.6841503550099],[-1.98615957148271,50.6846588873569],[-1.98004646465949,50.6835230151124]]],[[[-2.01223417679183,50.6879656408003],[-2.01738002416466,50.6844262750225],[-2.02200499976065,50.6939488478743],[-2.01867644562559,50.6940691371215],[-2.01460775667783,50.690894370518],[-2.0178461803559,50.6892823725466],[-2.01223417679183,50.6879656408003]]],[[[-1.95676426465836,50.6882194335875],[-1.96664723483653,50.6859154215999],[-1.98354573892022,50.6870749205126],[-1.98808847416946,50.6924532823786],[-1.97416887426422,50.6972277238716],[-1.95815544518318,50.6949304226325],[-1.95676426465836,50.6882194335875]]],[[[-3.01577328883599,51.2284862468126],[-3.01482106954771,51.2230920050698],[-3.0186832058029,51.2284187619394],[-3.01577328883599,51.2284862468126]]],[[[-4.6640828632435,51.1617757121492],[-4.67092482315619,51.1584635557391],[-4.68057246853434,51.1724248313757],[-4.67339528224932,51.1800864125533],[-4.67309408026351,51.1801627471642],[-4.67613531377768,51.1836545194499],[-4.6775191182745,51.1853340023826],[-4.674084255895,51.1855052049363],[-4.67464658339744,51.1861487516764],[-4.67407090811325,51.186289619537],[-4.67480521259503,51.1901672808812],[-4.67452422601396,51.1902864073362],[-4.67845759465235,51.1931947974972],[-4.67735481800582,51.2024393349351],[-4.66175304639424,51.1793363750007],[-4.66167263459142,51.1670922015114],[-4.65956032895791,51.1658672387843],[-4.65652688474457,51.163110237105],[-4.65472166810614,51.1630608197272],[-4.65345609829841,51.1623266996495],[-4.65450458674659,51.162089465867],[-4.6640828632435,51.1617757121492]]],[[[-3.10515061960547,51.3401880660548],[-3.11482786782436,51.3396628037871],[-3.10602211780306,51.3414268437781],[-3.10515061960547,51.3401880660548]]],[[[-1.7676920738422,52.1125783283983],[-1.74590621082171,52.0928298210472],[-1.72856052811281,52.1001203055535],[-1.73065604717972,52.0732913546681],[-1.71311213593006,52.0665529402911],[-1.70169911871025,52.072834404],[-1.70505254003613,52.0596336086745],[-1.6886364810542,52.0518332046415],[-1.69398075504565,52.0395278989016],[-1.66382433788403,52.0312666555567],[-1.62446030247049,52.0389532644713],[-1.61751874276147,52.0333959384001],[-1.66575091348295,51.9974047842482],[-1.66575430454863,51.9874888219864],[-1.66252911046192,51.96400494758],[-1.63249065036283,51.9556514588347],[-1.61518947797644,51.9376820884175],[-1.64552984349675,51.9222942568441],[-1.63305061648252,51.8992254674722],[-1.6586519744456,51.8965511935467],[-1.66711188278055,51.8770000586035],[-1.68686790516724,51.865499769979],[-1.67638499897572,51.8503096863382],[-1.68646159226861,51.834455791808],[-1.68193160633868,51.8039930873526],[-1.71948863302901,51.783211828608],[-1.70070464063817,51.7705842309133],[-1.6870208353919,51.7398840237491],[-1.69587065656067,51.7235374534648],[-1.68800012551327,51.7120447484807],[-1.64825374342062,51.6840870667632],[-1.66845860139018,51.6804375698815],[-1.68154617291909,51.690414691565],[-1.69686181128133,51.6815514544959],[-1.69189582218115,51.6521716683337],[-1.65992403003547,51.6350375044348],[-1.67372908103647,51.6228363434038],[-1.66698974337017,51.6162194516661],[-1.69059536080077,51.6054112343858],[-1.69110586307939,51.583505684584],[-1.67654765821201,51.5693909375595],[-1.65504259728401,51.5764933609045],[-1.64768626504516,51.5719347094789],[-1.60281908100538,51.5182939240412],[-1.58469504578326,51.5249220610758],[-1.58240025292512,51.4942544255071],[-1.52402343880987,51.4474724287348],[-1.52653517029054,51.4239718916141],[-1.56511865145832,51.4220434340803],[-1.57096980348612,51.4152945965752],[-1.55292234102159,51.4100374220283],[-1.55559663765941,51.3955386540797],[-1.49537262165059,51.3696578986654],[-1.50063304963128,51.3563211275534],[-1.48561782031052,51.3476506895843],[-1.49822987932554,51.3293659541047],[-1.52753694611479,51.3383874958611],[-1.53356185391502,51.3162235803486],[-1.51940862318842,51.2959528007858],[-1.5227771840447,51.28706332452],[-1.54262001501247,51.2812415026738],[-1.54059897066636,51.2608311904227],[-1.5298179468057,51.2608018465514],[-1.53603185288199,51.2485479818718],[-1.54584181725981,51.245251361758],[-1.57757201593558,51.2555795590364],[-1.60759078945477,51.2527924070843],[-1.63362097701599,51.2175905587049],[-1.68969464697899,51.2148276707553],[-1.69409695143106,51.204043239813],[-1.66882042147437,51.1907592194979],[-1.67227119754693,51.1785463714458],[-1.65404004725731,51.1562528482212],[-1.66297542061049,51.1271919942692],[-1.6263412733448,51.1173368735328],[-1.63731080993168,51.092165472254],[-1.62781309289031,51.0782665286353],[-1.63237574994688,51.0327797089411],[-1.59939671455144,51.0237293759632],[-1.59757614725212,51.0080271237065],[-1.60910357724982,51.0098542897162],[-1.60607793189018,51.0018978059504],[-1.62888498210167,50.9990317656901],[-1.61973084457042,50.9830349746602],[-1.60292975190204,50.9785041796413],[-1.6233992105681,50.9546372721636],[-1.63496498191182,50.959242203305],[-1.66165999760679,50.9452778925552],[-1.71957103083064,50.9767862625426],[-1.75440191299908,50.9778920957637],[-1.80031396441254,50.9913948004776],[-1.81542176154033,50.9859226506618],[-1.83581730052681,51.0094733419781],[-1.85338113087344,51.0046795408065],[-1.87391116606953,50.9845006397084],[-1.87448162937032,51.0063305730385],[-1.88674132171074,50.9995277362902],[-1.92787590068259,50.9976972353567],[-1.94993597428249,50.982310587126],[-1.95724058236751,50.9874373215946],[-1.95546558071481,50.9782663327052],[-1.92084101012651,50.9614073112474],[-1.87364432144964,50.9172258897865],[-1.84184002606343,50.931680374307],[-1.8106580896691,50.9272033833848],[-1.8165419268142,50.9039481458121],[-1.84855553218411,50.8898873570296],[-1.85094373356272,50.8587249577509],[-1.82951847980606,50.8553189315709],[-1.80711024689597,50.8633153672182],[-1.80247295729644,50.8429625299587],[-1.79061492044422,50.8363141194303],[-1.8036350079783,50.8300239598254],[-1.81214229625864,50.8067566681678],[-1.78794920841908,50.7665658737608],[-1.74884631724303,50.7794943875112],[-1.73895962345847,50.7632705334556],[-1.74416871755885,50.7474553887605],[-1.68181880176013,50.751850045709],[-1.69187957994834,50.7372941957472],[-1.692547967083,50.7373528300586],[-1.71795343948768,50.735043455011],[-1.72215573854994,50.7346609029254],[-1.72582810237035,50.7326159563107],[-1.72899034207095,50.7322105758093],[-1.73167209504833,50.7293522177755],[-1.74112706155002,50.7240702681616],[-1.7415042066345,50.7238992085587],[-1.74235694252529,50.7237191501439],[-1.74342764381778,50.7282605755048],[-1.75416738664181,50.7274077470094],[-1.75708723392253,50.7301799906368],[-1.7575237039338,50.7235676680737],[-1.76199597926117,50.7252881764461],[-1.76029137322098,50.7228341662516],[-1.76433348122147,50.7233288941872],[-1.76568960267667,50.7288953580264],[-1.77056819447297,50.7302989622187],[-1.76948369906457,50.7277073359992],[-1.76947331680195,50.7276825225772],[-1.76699749372796,50.721765025659],[-1.76087326995483,50.7201159551507],[-1.76570925352408,50.7198622345655],[-1.76342930490591,50.7186050088198],[-1.747051486984,50.7180347162232],[-1.75011579864097,50.7174324954599],[-1.74631197626783,50.7156160097703],[-1.74269078748914,50.721531470461],[-1.74110091120498,50.7232608938983],[-1.74602993583266,50.7154813130678],[-1.74884156008202,50.7110424145048],[-1.76682686149852,50.7161068873797],[-1.76862271729031,50.7162967187631],[-1.76927729366597,50.7164718903875],[-1.80256454272012,50.7199904279812],[-1.80918698243759,50.7206892233835],[-1.81635900086924,50.7207850419833],[-1.83103784492116,50.7203164139475],[-1.83787868115578,50.720097383473],[-1.84380058576083,50.7194561203253],[-1.84418563568598,50.7194200914188],[-1.8648799878008,50.7174817879622],[-1.86518879585138,50.7174528351238],[-1.87619586403308,50.7154370961419],[-1.87925439854258,50.7146931626445],[-1.90089939925553,50.709425432926],[-1.90236807493104,50.7087733481132],[-1.92054203681289,50.7007012745634],[-1.9478094101184,50.6826768814321],[-1.9512774575054,50.6866155090368],[-1.9400074216236,50.6890973377109],[-1.93212740370537,50.6961467452552],[-1.94736876466497,50.7067061974975],[-1.95080281494809,50.7044870901714],[-1.95146331653753,50.7040679163712],[-1.95124010076533,50.7043073809214],[-1.94813836540867,50.7074250601863],[-1.95009202293337,50.7058632032422],[-1.95231123573963,50.7040888815555],[-1.95319527899825,50.7079030992653],[-1.94965270213855,50.7071451821233],[-1.94896250538668,50.7075487013503],[-1.9487329120289,50.7101504376594],[-1.94875157952421,50.7101845558201],[-1.94931345454125,50.7112114650896],[-1.94950050736421,50.7112905957841],[-1.95024424407263,50.7114934535047],[-1.95381654479714,50.7083232954261],[-1.96038207758796,50.7119320268731],[-1.95759451413208,50.7152483348695],[-1.96308106303666,50.7157321315817],[-1.97268419341131,50.710422400648],[-1.99190921550623,50.7124649136403],[-1.98958624706885,50.7188337429493],[-1.98455268530886,50.7203060896271],[-1.99225439454616,50.7234067423673],[-1.99232919933465,50.7295307432909],[-1.9989100688029,50.7299087339386],[-2.00135848863344,50.7298050109974],[-2.0050654877711,50.7296478055308],[-2.00135849512244,50.7299577243647],[-1.99924301869114,50.7301344926416],[-1.99195304237092,50.7297869820642],[-1.99596095998786,50.7374884889874],[-2.00135874650887,50.7358933379046],[-2.01033104432467,50.7332409066495],[-2.01051490901331,50.7326946526474],[-2.0118135138978,50.7288361825255],[-2.00552557647054,50.7296010759853],[-2.01140062300153,50.7265844536439],[-2.0072961515772,50.7268509897505],[-2.00316120592022,50.7177461741543],[-2.00135796307638,50.717746411385],[-1.99378935857664,50.7177468837055],[-1.99456467876081,50.7131714212488],[-1.99319330063883,50.7122305975782],[-1.98785303591065,50.7102149532232],[-1.98684386519538,50.7098340012836],[-1.98650393151947,50.708197661727],[-1.9965833991353,50.7072929403562],[-2.00024580232654,50.7107822383761],[-2.00135761900601,50.7107401776708],[-2.01056077280389,50.710391326187],[-2.04022710741169,50.7190633101417],[-2.03504398861547,50.7228132333791],[-2.03635861400797,50.7252755683156],[-2.03676641316315,50.7260393351921],[-2.02686934975375,50.7293263032649],[-2.03518816931244,50.727879682681],[-2.0347874318929,50.7301307661038],[-2.04257054885649,50.7319005608324],[-2.0499634100888,50.7262745991765],[-2.04999464817064,50.7262508237985],[-2.04946527822753,50.725690864609],[-2.04675787642402,50.7234806654313],[-2.04593145931004,50.7261276862145],[-2.04214009681879,50.7244727160141],[-2.04242122520714,50.7238022103945],[-2.04414728140624,50.719685042697],[-2.0407378382664,50.719997449677],[-2.04078425573575,50.7199788529276],[-2.0469427551451,50.7175112266815],[-2.04162630761674,50.7140313041348],[-2.05560360229709,50.7178023112317],[-2.06290249092498,50.7165404633263],[-2.07085857509563,50.7099135685321],[-2.07134514224695,50.7076470793974],[-2.05763246363065,50.7056197147032],[-2.07216256498224,50.7050440622023],[-2.07105417883749,50.6979179036958],[-2.08321695539036,50.6933009080347],[-2.07938921330364,50.6943791967789],[-2.07841551537164,50.6887170610898],[-2.08423845320731,50.6905771907129],[-2.08119723467529,50.6862807542561],[-2.06572311975732,50.6867204684559],[-2.05452015138048,50.6998028344903],[-2.0430183313153,50.7030236278712],[-2.0398754054458,50.7071578745642],[-2.02624887114515,50.7074353394204],[-2.01808342163337,50.7015746464393],[-2.03320283190619,50.7021141736408],[-2.02917923490779,50.7011818968951],[-2.03028242951334,50.6970557062359],[-2.02605662255407,50.6982168722174],[-2.02399668090646,50.6906732652503],[-2.02786329779625,50.6888719784218],[-2.02445650976953,50.6876362437575],[-2.0368983521882,50.6805023826704],[-2.04638811694223,50.6814368011772],[-2.05267156124091,50.6779789837128],[-2.04646638667178,50.6789960995107],[-2.05111742503945,50.6778753633577],[-2.04731336228987,50.6740487794479],[-2.04651929459752,50.6780797221553],[-2.03510252849509,50.6790919878079],[-2.02515846425187,50.6843742601581],[-2.02472109046026,50.6846065458902],[-2.02518930262437,50.6842390624894],[-2.02980720060183,50.6806142259104],[-2.02690618820669,50.6815052646347],[-2.02659802536249,50.6780594285586],[-2.03269818322415,50.6734224311854],[-2.03015486607401,50.6740273074122],[-2.02945816509605,50.6741929910694],[-2.02881674209937,50.674345525004],[-2.02487719419422,50.6726053909983],[-2.02725902776199,50.6679636517458],[-2.02279401118179,50.6724377116587],[-2.02600208799139,50.6747158241564],[-2.02320707157072,50.6775995667096],[-2.02102967907273,50.6762312757507],[-2.02206573400334,50.6820953925876],[-2.01144856812292,50.6827705578291],[-2.00399558679415,50.6777997953774],[-2.01296626572092,50.6742001470765],[-2.00941841700842,50.6747040711054],[-2.00957605365196,50.670909126663],[-2.00716549497617,50.6754056998673],[-2.00135592981925,50.67623535954],[-1.99857355043308,50.6766325913386],[-1.99578429352828,50.6733806843916],[-2.0013556749288,50.6709698070393],[-2.00189198901538,50.670737705808],[-2.00135564866512,50.6704257779054],[-1.99573233029697,50.6671548511085],[-1.99191676934153,50.6727051194604],[-1.97836639693774,50.6769452913954],[-1.98524947183026,50.6699013766464],[-1.98077598558238,50.6638565656467],[-1.97470842811473,50.6651458541137],[-1.97820587676979,50.6592633640044],[-1.97276774428805,50.6642532824897],[-1.96811958846347,50.6604966308414],[-1.9711021926418,50.6694130112638],[-1.96348419121847,50.6704755358726],[-1.96134087344713,50.674898354022],[-1.95805415916443,50.6723360086336],[-1.94982786014496,50.6801175409493],[-1.94201167401933,50.6732944713082],[-1.94177233292476,50.6729903834119],[-1.95229801001409,50.6564190259747],[-1.95131677494268,50.6528469119423],[-1.95184316555674,50.6500707309003],[-1.950170748594,50.6486742898435],[-1.94939373939346,50.6458448192514],[-1.94082790755989,50.6406895896358],[-1.92375945775831,50.6420339900831],[-1.92406673669662,50.6416640688079],[-1.9397863550532,50.6297981582894],[-1.94379360835675,50.6291697394383],[-1.95372453235678,50.6196861854158],[-1.95579735385994,50.6177039104874],[-1.95672646623215,50.6170018303123],[-1.9567044084763,50.6168364137873],[-1.9569925773645,50.6165608037172],[-1.95687422161285,50.6162934686426],[-1.95719095749694,50.6159872574422],[-1.95556577276682,50.6082958766225],[-1.95327604312428,50.608164801603],[-1.95300998424176,50.6075636333879],[-1.94409002078993,50.6074581467245],[-1.94591083577559,50.6060775335617],[-1.95089028735692,50.6036961208706],[-1.95091958991871,50.6022791282464],[-1.95259119415066,50.601011272405],[-1.95133668915064,50.5945562590197],[-2.02634590356957,50.5890017812645],[-2.05384657261128,50.5769005282038],[-2.05494114104686,50.5766519897568],[-2.06314908433103,50.591467547765],[-2.06336423178075,50.5931833756176],[-2.06401831366094,50.5931225374574],[-2.06412503853541,50.5937346195942],[-2.06450804505175,50.5936577685436],[-2.07552375401481,50.594289093734],[-2.07578427243577,50.5944874937835],[-2.07678109809482,50.5954676147742],[-2.0929960543008,50.5965369016194],[-2.09838489581647,50.5981245848814],[-2.10217691418308,50.5971413571554],[-2.10301950083739,50.5971967898783],[-2.10271212143003,50.6003475070175],[-2.10349625132467,50.5973207425532],[-2.11325580756517,50.6001760253762],[-2.13345659528205,50.6122810075348],[-2.13398155500058,50.6121098526051],[-2.13441579481619,50.6126153644633],[-2.14603487208705,50.6084933362381],[-2.14743780917319,50.6093202103137],[-2.1473571487792,50.6105241281153],[-2.14950466035989,50.6105383120877],[-2.15777257274533,50.6154100076307],[-2.17236036435491,50.6151343323569],[-2.19013083055407,50.6204641920505],[-2.19306800106179,50.6217118159927],[-2.19310295647943,50.6217266625669],[-2.19455557086512,50.6217906865005],[-2.19751592820478,50.6226780367146],[-2.20160592194529,50.6221011683947],[-2.20720616949285,50.6223474822662],[-2.22040504508313,50.6201550609276],[-2.22068933994694,50.619953663082],[-2.22076538353235,50.6199407184751],[-2.22078513172991,50.6198111062467],[-2.22114512823358,50.6194853257206],[-2.22133136075269,50.6193167921626],[-2.24218349868671,50.6163693241423],[-2.24421778354089,50.616519708921],[-2.24601838438494,50.6186040975539],[-2.24604332648209,50.6193448130927],[-2.24636165379988,50.6191331864904],[-2.24639251348996,50.6193795191363],[-2.24655887421718,50.6192297394053],[-2.24672516632833,50.6194222261264],[-2.24817078677504,50.6179304058068],[-2.24953244497575,50.6170250512796],[-2.25894572928625,50.6190244139215],[-2.26065361088392,50.6194038311548],[-2.27307138505907,50.6221615854623],[-2.28408795295836,50.6228275518167],[-2.32422076710507,50.6252509678461],[-2.3387413069399,50.6319847627798],[-2.34003844108426,50.631936324122],[-2.37844417084644,50.6335863688269],[-2.39361565997597,50.6366773673338],[-2.39447813505477,50.6365502313198],[-2.39473639292615,50.6366025369697],[-2.39852319907529,50.6359538607875],[-2.40655072294053,50.6347858255535],[-2.41953987190311,50.6353378289837],[-2.42336640411731,50.6358967211322],[-2.42406409093885,50.6355297547302],[-2.42426391607881,50.6355382275503],[-2.42471363994512,50.6351880987928],[-2.44092799443321,50.6266567388079],[-2.44386857348169,50.6241968695367],[-2.44405107510572,50.6239608094693],[-2.4480141451832,50.6188340504127],[-2.45257047745202,50.6129382351839],[-2.45046285487011,50.6086306542223],[-2.44384345160686,50.6090231635861],[-2.44380006928247,50.6090149392713],[-2.45074656273898,50.6044630082957],[-2.45073137325095,50.6042348898509],[-2.45081476180996,50.604207156848],[-2.44958088925018,50.602093361492],[-2.44947270466472,50.6019054756286],[-2.44943919736782,50.6018506092882],[-2.44885157708084,50.6016573106957],[-2.44904679006509,50.6014501304889],[-2.43508548622471,50.5970835283906],[-2.43343615910021,50.5965255779093],[-2.43631576866582,50.5973123216773],[-2.44986935612726,50.6012432533054],[-2.4501944250104,50.6011027497896],[-2.4522018663959,50.5999887041015],[-2.46479899393446,50.5932113356419],[-2.46622619671967,50.5918161357314],[-2.47134348957411,50.5846514538554],[-2.47240168316337,50.584523901688],[-2.48780137968115,50.5911044626941],[-2.498853708766,50.5974229938456],[-2.49569810090449,50.6028558574527],[-2.50139023881387,50.6068577106473],[-2.5067918842434,50.6061165825433],[-2.5083818440201,50.611222315625],[-2.51153418936816,50.6106074877387],[-2.51363667229913,50.610197364467],[-2.51749165634176,50.617857798126],[-2.53168607861517,50.6174654648644],[-2.53334650822574,50.6184738624273],[-2.5455685179787,50.6258943428111],[-2.54884797415127,50.6248851491825],[-2.55186643539135,50.6274294206888],[-2.54676526038894,50.6276684803512],[-2.5452841781843,50.6308877330586],[-2.55805549075413,50.6308343416373],[-2.56049586822828,50.6391465607202],[-2.56700387285589,50.6380904796167],[-2.57025846980974,50.637562189828],[-2.59844616891511,50.649123295712],[-2.59822095003597,50.6539986731512],[-2.61145256570102,50.6540468051122],[-2.56691819973587,50.6309777067183],[-2.54272780372315,50.6184302036586],[-2.51676475231603,50.6049501311026],[-2.5025818714916,50.5975806230674],[-2.4699438170759,50.5781327202503],[-2.46952607904143,50.5824275904707],[-2.46160362760313,50.5724644357866],[-2.46059593843725,50.5710611778047],[-2.46053034550992,50.5710467842728],[-2.44594463552729,50.5682971435882],[-2.44374030297137,50.5687825847141],[-2.441894603885,50.5685329160527],[-2.44102485148575,50.5693805144272],[-2.43894316980154,50.5698388376256],[-2.43919518936263,50.5693668760452],[-2.43701807434889,50.5699593241703],[-2.43679365032846,50.5699488127712],[-2.43869958825597,50.5693704988674],[-2.43663794118654,50.5687110845623],[-2.4374044069385,50.568296811103],[-2.43568451759691,50.5684061152328],[-2.43333926949784,50.5676558939734],[-2.42243385201977,50.569218936467],[-2.42863588225113,50.5670393041776],[-2.42791412884526,50.5662985621921],[-2.4283771063158,50.5660591324224],[-2.41985228721061,50.5557960445535],[-2.41590655507911,50.5495513220306],[-2.45510687239974,50.5144298819399],[-2.45672371868623,50.513646295891],[-2.44852202530322,50.5588074079196],[-2.44858358785654,50.5588500740126],[-2.44856514729884,50.5588886274069],[-2.44876210505181,50.5590218138901],[-2.44870660319066,50.5591416817168],[-2.4510669552886,50.5607310045085],[-2.45149861175843,50.5622729963031],[-2.48719797637529,50.5855899127529],[-2.4971056074259,50.592443723613],[-2.49986433799495,50.5938546225065],[-2.50400145774758,50.5965531540412],[-2.50854204588974,50.5989780484137],[-2.51749288201308,50.6041624677915],[-2.53188923453721,50.6114398301749],[-2.5449752890461,50.6184196869655],[-2.56690774271143,50.6301100793722],[-2.59087244179783,50.642872276055],[-2.6170260438203,50.6543938748997],[-2.62549444869254,50.6586587124849],[-2.63068931167437,50.6605899291163],[-2.63426987011804,50.6624116680395],[-2.63900333087448,50.6640667223886],[-2.65255110326318,50.6700254269659],[-2.76024908907227,50.7088621047335],[-2.76307061327601,50.7097519069039],[-2.76171464070388,50.7112665543378],[-2.7632813807675,50.7098183514992],[-2.77680226264135,50.7140796020615],[-2.77917780784563,50.7144579538204],[-2.77970224546285,50.7146673158996],[-2.78731674959259,50.7157674498549],[-2.79363775591863,50.7179641237133],[-2.83142691967453,50.7227955053326],[-2.83385072828841,50.7234826735483],[-2.83495854752569,50.7233266733722],[-2.85142186961313,50.7259385700746],[-2.89445578432033,50.7327538274422],[-2.89478578847851,50.7327422493372],[-2.90634932225896,50.7323359673935],[-2.91243122101587,50.7331081574057],[-2.91404777032879,50.7320648442466],[-2.92089930437522,50.7318231188605],[-2.92486895326067,50.7295608096838],[-2.92741933452239,50.7286777893804],[-2.92749843450687,50.7280620694001],[-2.93710253200577,50.7225866761083],[-2.93826289023484,50.7192588286538],[-2.93420530173804,50.7191113122517],[-2.94739275942927,50.7182876289928],[-2.94776118613026,50.7182646705533],[-2.97265040248067,50.7088239037151],[-2.9874423783062,50.7048812713643],[-2.99514738560341,50.705465629328],[-2.99909598514356,50.7037435266204],[-3.01094133233363,50.7000238085488],[-3.04165130824591,50.701453644016],[-3.05777848414489,50.7040556311576],[-3.05485361776791,50.7025213716117],[-3.06087317752656,50.7030365067395],[-3.06676583170489,50.702803100559],[-3.07120437503356,50.7028220836187],[-3.07240457237907,50.7028774993033],[-3.07247156489058,50.7028274720551],[-3.07272353761814,50.7028285423215],[-3.07505045138695,50.7024685618488],[-3.07987491497486,50.7022734732013],[-3.08083938339124,50.7015727705627],[-3.08243889256569,50.7013252025049],[-3.0890114966555,50.6969735365125],[-3.09235393295658,50.6955823041147],[-3.0959389769216,50.6852941447615],[-3.09603403295296,50.6852230894165],[-3.13380143337927,50.6851160720577],[-3.18476687391533,50.684945504526],[-3.23068512946014,50.6790809458372],[-3.2321465718527,50.6790144857671],[-3.23292319667605,50.6787946068193],[-3.23380486223201,50.6786817934179],[-3.23404043670757,50.6786516492488],[-3.26164378014492,50.6719159076387],[-3.26183126617225,50.6718701175488],[-3.26423278332596,50.6699241902008],[-3.2652223646018,50.6696436380325],[-3.26759094696879,50.6672027510074],[-3.27033583543943,50.6649780051281],[-3.279807902862,50.6582519112379],[-3.28062461210111,50.6566364665344],[-3.2846876570971,50.6533413254132],[-3.2866006320502,50.6476019454787],[-3.30069921343398,50.6330525380438],[-3.30609307434285,50.6294830066613],[-3.3062849393809,50.629876585139],[-3.3074206733532,50.6314691432509],[-3.30871606246466,50.6334583498767],[-3.30934059518567,50.634356026237],[-3.30979355425881,50.6350404689952],[-3.30820694727134,50.6310628312947],[-3.31198629427716,50.630901626782],[-3.30698493649884,50.6295728338463],[-3.32240508584952,50.6284023956594],[-3.34683255123514,50.6208218818324],[-3.34799247053395,50.6206252707716],[-3.34821377495307,50.6203936297469],[-3.3492127403347,50.6200945658073],[-3.35861904998313,50.615367707765],[-3.35858180936661,50.6151241237765],[-3.35922218228781,50.614785308891],[-3.35912700396444,50.6117634657148],[-3.35904176136924,50.6090566421346],[-3.36050358363461,50.6075256133208],[-3.36597508969369,50.6098804222006],[-3.37475605108107,50.6084573309202],[-3.41700208062846,50.6152483312775],[-3.42384565532666,50.6177121751092],[-3.42317050662033,50.6191745284903],[-3.41661505707977,50.6215385348031],[-3.41592274149271,50.6291137358315],[-3.41551654708744,50.6291914317812],[-3.41569183600111,50.6293079578734],[-3.4155166084088,50.6293404197296],[-3.4157304442375,50.6293336233766],[-3.41582820436731,50.629398611567],[-3.41586870910025,50.629423344717],[-3.41588096837471,50.6295707382188],[-3.42259591051976,50.6381777126442],[-3.42311926586393,50.6388483759837],[-3.43279393149388,50.6461007157112],[-3.45150047954659,50.6790203036554],[-3.45150962937501,50.6792437921713],[-3.45164405197376,50.6825267693049],[-3.45182805717153,50.6822269548652],[-3.454923123492,50.6771832952199],[-3.45728483496252,50.6755385029441],[-3.479888890768,50.6907770985377],[-3.48387999881274,50.6905104847117],[-3.48102961375026,50.689549404865],[-3.47762666989849,50.6850136852434],[-3.47700749172681,50.6841882869097],[-3.4698515445237,50.6822328629874],[-3.46809483539148,50.663951761894],[-3.46449716795771,50.6615379886679],[-3.46443567286653,50.6614967269989],[-3.46280977756326,50.6604057478712],[-3.45641499096321,50.6561141152401],[-3.45248081474467,50.642467561115],[-3.45243062819601,50.6422934268542],[-3.44691286774567,50.6170833304907],[-3.44690016543489,50.6170226047527],[-3.44558260937034,50.6107231402385],[-3.44455833201218,50.6058245790701],[-3.44515112812978,50.605580365102],[-3.44454741091473,50.6057648072352],[-3.44367293738485,50.6015892906849],[-3.42906098430759,50.6075892309684],[-3.42892290186136,50.6077135953846],[-3.4280378460826,50.6109395491069],[-3.42802305844022,50.6110534138753],[-3.42583935652947,50.6117509146404],[-3.42468149664484,50.6110261010968],[-3.42473968827302,50.6109798407911],[-3.42894382643086,50.6076373243671],[-3.4394037767651,50.5993184466602],[-3.43948248890829,50.599123639893],[-3.45576741525996,50.5860387395723],[-3.45816660920688,50.584882241603],[-3.46336038999664,50.5800205328441],[-3.46435949645609,50.5794409665451],[-3.4650432493821,50.5785814268153],[-3.46681124539003,50.5771596972538],[-3.4668557566677,50.5767479602702],[-3.46740458251235,50.5762340651804],[-3.46746678266749,50.5755345463954],[-3.4687141103481,50.5739662315943],[-3.46841285941008,50.5648926133336],[-3.46857549108614,50.5630627678019],[-3.46936525290081,50.5626297499956],[-3.47703050678037,50.560291233608],[-3.48048305761033,50.5565325527606],[-3.48276010452122,50.5552834604956],[-3.48252048319454,50.5552056085653],[-3.48232297087803,50.5551182012052],[-3.49270501369768,50.5452456611905],[-3.49444319167426,50.543982253882],[-3.49486090700615,50.5431949399993],[-3.49643993506539,50.5416928019391],[-3.50028082098597,50.5408690670124],[-3.50088312583543,50.5460037263292],[-3.50092906755731,50.5463953304415],[-3.50685544626598,50.5462073098523],[-3.51914659307001,50.5459901747936],[-3.51955372088399,50.5459854318708],[-3.55900731431162,50.5455188889926],[-3.56671665061977,50.542926347104],[-3.5771105520933,50.5421747412567],[-3.58025642885859,50.5393835786978],[-3.58057837265816,50.5393026902092],[-3.59080033929384,50.5388478052951],[-3.58369662168093,50.5385246194041],[-3.58305547928636,50.5383617397436],[-3.57920206382664,50.5373826981633],[-3.55102231028188,50.5411143202006],[-3.54042068875447,50.5381315825344],[-3.53992092680045,50.5391848239347],[-3.53987944558861,50.5392722443389],[-3.53932985497901,50.5404304404307],[-3.50978323969302,50.5428634201367],[-3.49745375480285,50.5383072811641],[-3.50776452837936,50.5188604672749],[-3.50916229832816,50.5166165055292],[-3.51522401716697,50.4961196530773],[-3.51344509845125,50.4885483713801],[-3.51282479463084,50.4860287254996],[-3.51428803757818,50.4835452600653],[-3.51480198381588,50.4816900252691],[-3.50848105539332,50.4798456618709],[-3.50529122420483,50.4789075492492],[-3.5011042298952,50.477008121796],[-3.49729526351796,50.4758374744649],[-3.50110563458394,50.4718608139201],[-3.49198651976071,50.4704742562402],[-3.48901218662456,50.4638037534492],[-3.480824533607,50.4640287134337],[-3.48343223797436,50.4603700693795],[-3.49126631689865,50.4581941833128],[-3.50414157625236,50.4596151120629],[-3.51597622984316,50.4538008824018],[-3.52323573477641,50.4574088922272],[-3.5238074628748,50.4573863874015],[-3.52517137117297,50.4573326879782],[-3.52886495208303,50.4572825281089],[-3.52355562757013,50.4613629825616],[-3.5303959653621,50.4611346954285],[-3.52903332427297,50.4576980830332],[-3.53104333582506,50.4589713223729],[-3.53062719066154,50.4610663108869],[-3.53402548813658,50.463093487874],[-3.54014670200344,50.4605262945094],[-3.54039773120766,50.4601285375685],[-3.54451476089022,50.4530317684562],[-3.54483112683196,50.4528555867588],[-3.55262152138612,50.4495354906016],[-3.55316895765202,50.449302878172],[-3.55777308728358,50.440082158491],[-3.55780050993805,50.4400272285459],[-3.55908423051769,50.4331155262878],[-3.55761764352602,50.4328339016676],[-3.55559882815209,50.4325488214474],[-3.55550280261279,50.4312941900994],[-3.55536044073853,50.4294339957397],[-3.55526474613385,50.4281834977384],[-3.55703266159009,50.428153160351],[-3.55908828021355,50.4276642310975],[-3.55687349864717,50.416240941673],[-3.55679766978584,50.4158273461065],[-3.55512034340095,50.4066767224584],[-3.5508670995767,50.4057094821685],[-3.54692507577471,50.4048127942889],[-3.54505714233096,50.4024960744218],[-3.54470197690165,50.4020991491434],[-3.5393518245681,50.4034828932358],[-3.53555456736002,50.404484736195],[-3.53313340527848,50.4048092236912],[-3.531841840573,50.4047813453733],[-3.52820356570097,50.4047384517308],[-3.52688087972667,50.4042393780767],[-3.52394174230421,50.4028321094547],[-3.52286060702565,50.4023144183292],[-3.52282580905156,50.4022977546032],[-3.52247464922303,50.4023433802761],[-3.51952206080181,50.403175498603],[-3.51314754466184,50.3985181383549],[-3.51065263471538,50.3977321642595],[-3.5063495476377,50.399487147761],[-3.5051445671327,50.3999761294053],[-3.50591731058736,50.4005338356354],[-3.5072572952697,50.401511461466],[-3.5116585127531,50.4047285616666],[-3.50447913393557,50.3999802685166],[-3.49345909668318,50.4012509586043],[-3.49323036089794,50.4012701007382],[-3.49033381858062,50.4008917446457],[-3.48969182484912,50.4007056615581],[-3.48765576368725,50.4007219063963],[-3.48757485912574,50.4007547704974],[-3.48329833519841,50.400201953844],[-3.48308991030852,50.4001623588361],[-3.48264270018069,50.3998889210104],[-3.48240718495997,50.4000404664294],[-3.48243295049384,50.3989680063099],[-3.48263044593443,50.398751661402],[-3.48492927523052,50.3979794434776],[-3.48608631249486,50.398032101634],[-3.48672429818614,50.397953654073],[-3.48776229370966,50.3979079203864],[-3.48801675032231,50.3978985605972],[-3.4892903658854,50.3966401311157],[-3.48948870183178,50.3962437519502],[-3.4895279403851,50.3956982826467],[-3.48927478021713,50.3956142366234],[-3.48894122112387,50.3946429064426],[-3.48885939893292,50.3944359737041],[-3.48858406928767,50.394359441263],[-3.48938271451427,50.3942746271596],[-3.4898939470437,50.3942248782868],[-3.490088434593,50.394258351443],[-3.4902094050804,50.3941410711211],[-3.49153280163046,50.393493261566],[-3.49217601628575,50.3935619157116],[-3.49232561673907,50.3937026056839],[-3.49213337016474,50.3925843706573],[-3.49289632150418,50.392298093866],[-3.49267615123677,50.3921513896558],[-3.49265308658063,50.3920114636067],[-3.49281418782548,50.3919014688061],[-3.49384194675309,50.3915709209129],[-3.49481830645372,50.3915435444083],[-3.49482099692949,50.3916734854799],[-3.50136391710843,50.3897000257986],[-3.50157032823514,50.3891410595007],[-3.50289820237352,50.3887858021359],[-3.50259338257727,50.3863704098766],[-3.50320916729598,50.3847025798372],[-3.49798176113463,50.3840168280007],[-3.49731258297266,50.3831143292966],[-3.50633890996802,50.3794095659015],[-3.5076303087972,50.3791555956929],[-3.50774610197523,50.3790589095744],[-3.50786703034252,50.3789579368565],[-3.51544784207585,50.372626963133],[-3.5151121923952,50.3721234195078],[-3.51567731066755,50.3716049783686],[-3.51539542439435,50.3713467318886],[-3.51609282761012,50.3706776997777],[-3.5130731825449,50.3690642302703],[-3.51285022044553,50.3687296867703],[-3.52106461901206,50.3587651091279],[-3.52038814630071,50.3581849664889],[-3.52052677157133,50.357978149143],[-3.52054122481492,50.3579427334484],[-3.51870775445852,50.3567437826438],[-3.51542891469663,50.3539313555198],[-3.51753442534778,50.3472574020485],[-3.51792808597184,50.3465052485505],[-3.53109317322232,50.3443428140342],[-3.53334724525166,50.3393117016804],[-3.54042527289516,50.3360923355062],[-3.54219476808288,50.3357847121179],[-3.54848884624038,50.3381554783888],[-3.55647557118788,50.3431193103609],[-3.5590943688377,50.342149031049],[-3.56838009650958,50.345644378487],[-3.5709478853186,50.3467420789678],[-3.57291055333522,50.3476342679379],[-3.56545639860046,50.3520862235204],[-3.56410362640629,50.3527692073417],[-3.56508899432802,50.3525564059627],[-3.57586678703981,50.3622755135441],[-3.57629016582025,50.3630963307239],[-3.57632184817671,50.3632332987959],[-3.57064064582282,50.3684032346777],[-3.5707271005347,50.3684524214052],[-3.57036728946413,50.3685297522774],[-3.57080306920973,50.3684956418063],[-3.57731726804258,50.3722012117135],[-3.57983299109723,50.3774774569745],[-3.59165278310164,50.3823394131716],[-3.57518675433579,50.3931944174606],[-3.60283330512455,50.3953224259738],[-3.6096831212868,50.392305674305],[-3.62304010432989,50.4008899596585],[-3.62365277032046,50.3979439668307],[-3.63244385663471,50.3999731214071],[-3.63019180896617,50.4033585997941],[-3.63424494604583,50.4088051254734],[-3.64702119475594,50.4063629467291],[-3.64767125236599,50.4062386446101],[-3.64772336948872,50.4057870500768],[-3.64785516632675,50.4046450169386],[-3.63395379667505,50.4049660834877],[-3.6439701249301,50.39689133669],[-3.66678781380359,50.3945473871521],[-3.67236104481876,50.3969515771782],[-3.66321114893822,50.3924148500245],[-3.63536759653825,50.3980028536896],[-3.62603781335215,50.3919504146617],[-3.60758333327355,50.38875424257],[-3.61433916854718,50.383755397362],[-3.60609947881458,50.385270713996],[-3.60023710398793,50.3913486782854],[-3.59407145683346,50.3897370971267],[-3.59744872415508,50.3846595487387],[-3.59458886943005,50.3805930538732],[-3.58058815507125,50.3720600126927],[-3.58609950966034,50.3626131311558],[-3.58943212008756,50.3638439170525],[-3.6002919829795,50.3569723518192],[-3.60110794054911,50.3564559361288],[-3.60133143152292,50.3563144871365],[-3.5838233502709,50.3595850318082],[-3.57775763462952,50.3523389515346],[-3.57746317383136,50.3508963606831],[-3.5767386185064,50.3460775179171],[-3.57642403223787,50.345804769652],[-3.57636130239074,50.3454973657079],[-3.57342000918679,50.3424909157191],[-3.56922436007414,50.3421408012045],[-3.56357742766477,50.3353894755737],[-3.57240679702674,50.3301862110006],[-3.57092459587095,50.3282796302009],[-3.57051083709415,50.3275337243415],[-3.57093757457268,50.327062783821],[-3.57910264609198,50.3257871576198],[-3.5890187979524,50.3256313810341],[-3.59448956008385,50.3214546641336],[-3.60423460114827,50.3194820506179],[-3.61038144806727,50.319242056441],[-3.61096146333483,50.3187864163352],[-3.63377687358432,50.3008542778167],[-3.63940853034491,50.2927532436568],[-3.64210001896705,50.29033428939],[-3.64300099497016,50.2875839785697],[-3.64617244970509,50.2830158351637],[-3.64733431112451,50.2788021063826],[-3.65621209569072,50.2481569559505],[-3.65857635499239,50.2399893347005],[-3.65919542366196,50.2380956747086],[-3.65913945594789,50.238043626423],[-3.659183848086,50.237890230059],[-3.65878871876851,50.2371415990056],[-3.65900436911631,50.2363563826297],[-3.65428578804862,50.2276093958198],[-3.64262076050261,50.2226756325609],[-3.64166651464386,50.2217874903275],[-3.64979112656959,50.2218064585564],[-3.65089002776711,50.2211450537353],[-3.6709717106651,50.2214715765368],[-3.68130677565896,50.2223977607552],[-3.68348307093206,50.220618582482],[-3.68367030053418,50.22046550986],[-3.70228497856279,50.2116299916328],[-3.70340860000784,50.211241534841],[-3.70360517864806,50.2110031213575],[-3.71504233582496,50.2055711153315],[-3.71693246191254,50.2056171724556],[-3.7175339560742,50.2049504903391],[-3.72080052130276,50.2030947861861],[-3.72120836451095,50.2028975838067],[-3.72607935125928,50.2081764639148],[-3.73003110713372,50.2074758927615],[-3.73639105939955,50.2133648439171],[-3.73739423347548,50.2147914506242],[-3.77331730784705,50.2240619358548],[-3.77222323188163,50.2253074972174],[-3.76161033027237,50.2362005269323],[-3.74094626095545,50.2396473535609],[-3.72609027411823,50.2368521276932],[-3.73913425209881,50.2410713010872],[-3.7351053240972,50.2425810286511],[-3.75239574491788,50.2397613381003],[-3.75482202757336,50.2417481874963],[-3.75356583429645,50.2449130936114],[-3.75257679981409,50.2453477002004],[-3.75300319697163,50.2463304803137],[-3.75086118465377,50.2517258248354],[-3.74719352717312,50.25159798553],[-3.74755425178189,50.2564738031498],[-3.73692977599647,50.2576683045585],[-3.74505929453167,50.2601450019656],[-3.72957906915343,50.2633481045945],[-3.72946803895497,50.2637637281162],[-3.72944840724877,50.2638372152073],[-3.72864735993916,50.2668355684018],[-3.71997728731297,50.2705501408619],[-3.728789173136,50.2688931184555],[-3.7323237099468,50.2644332961315],[-3.74523466998312,50.2620644205248],[-3.75689197772265,50.2548641787042],[-3.75445824432452,50.2605251420952],[-3.76200031010762,50.2615308032851],[-3.75934778440977,50.2763054057353],[-3.75926593554777,50.276761168997],[-3.75803226126553,50.2836296952207],[-3.76518516434843,50.2717368431851],[-3.77257494893447,50.2752013577508],[-3.77591532642585,50.2825589445523],[-3.77803109626507,50.2792167191824],[-3.77652959800938,50.2787443420257],[-3.77399061549833,50.2779455039811],[-3.77407248081717,50.2773888071004],[-3.77513992060397,50.2701289723138],[-3.76996486312662,50.2696484783543],[-3.76746990921529,50.2628678610718],[-3.77181016736895,50.2600800193345],[-3.78581741772685,50.2657253717304],[-3.78485724406011,50.2622620253405],[-3.77680823507233,50.2608455840678],[-3.7741006698787,50.2570409974039],[-3.78793557780747,50.2549913561746],[-3.76759374859229,50.2540879633699],[-3.7646793639888,50.2535028196374],[-3.76155061815981,50.2466088116663],[-3.75883068588003,50.240613892751],[-3.75932022001268,50.2404904707936],[-3.76555322474244,50.2422370187885],[-3.76807067599769,50.2443420664657],[-3.77525010176725,50.2437289067732],[-3.76814031678222,50.2425862556569],[-3.76783673148972,50.2416135538058],[-3.77953310514954,50.2294926547102],[-3.7819010787845,50.2295987000757],[-3.78169688755565,50.2272495079084],[-3.78243941792939,50.2264796865541],[-3.78244431305122,50.226443012069],[-3.78259238804328,50.2263552069063],[-3.78251877906272,50.2258851509531],[-3.78392342103597,50.215360098057],[-3.78669603542611,50.215126156415],[-3.78477376074014,50.2111335978038],[-3.78471034388144,50.2108814565223],[-3.78561027533788,50.210718846718],[-3.79446833389255,50.2122340955105],[-3.79935334295551,50.2147427543648],[-3.80997339288199,50.2158021900872],[-3.82309488792993,50.2172593989121],[-3.82316324298319,50.2173107573983],[-3.82718012568892,50.223573388078],[-3.83533802472369,50.2270011960808],[-3.83571896094165,50.2273153044732],[-3.83715022063201,50.2278167280462],[-3.83819835989606,50.2286037665093],[-3.84316435299006,50.2302887716965],[-3.85275656829906,50.2343168644701],[-3.85498200616509,50.2342973490109],[-3.86233023246902,50.2367889898625],[-3.86926610134688,50.2402820880726],[-3.86984457819142,50.2411999426895],[-3.85902740345629,50.2426409810426],[-3.86035959440871,50.244024684023],[-3.86082181052101,50.2492719711789],[-3.85808770705541,50.2607796926889],[-3.86222057634005,50.2642906147289],[-3.86293418784178,50.2642057472406],[-3.88111737566513,50.2761632872259],[-3.87996379560704,50.2817906512249],[-3.87389136711189,50.280525488319],[-3.87056070865956,50.2798313958793],[-3.87051029539388,50.2798208889685],[-3.86810416175888,50.2793193892455],[-3.86416662878968,50.2872121889117],[-3.85232918994261,50.291036010563],[-3.85452118478697,50.291220786327],[-3.85482364644984,50.2912462796795],[-3.85838603575967,50.2915464724212],[-3.85824744451618,50.2986191534696],[-3.85717213039292,50.2993107956882],[-3.85225677452157,50.30247197693],[-3.84213742623019,50.3089780184131],[-3.83846077599895,50.3072732806439],[-3.8258280012143,50.3106492068441],[-3.83888066991521,50.3085105576493],[-3.83416584618991,50.3109559348881],[-3.83806580478392,50.3102161837809],[-3.8372609143393,50.3124001663335],[-3.83966793101807,50.3098409683926],[-3.83998946761509,50.3126052731911],[-3.84924853494983,50.3065589155567],[-3.85435637273674,50.3090080335966],[-3.85472005646313,50.3092160840977],[-3.85460079376808,50.3090808656644],[-3.85104807466668,50.3050524806428],[-3.86291678329396,50.2983078787138],[-3.86051577959433,50.2914728352866],[-3.86419496944912,50.2878876408211],[-3.86424309410069,50.2878407415415],[-3.86671138695225,50.286664073093],[-3.86824823760826,50.283937183847],[-3.8709958498769,50.2812588672677],[-3.87980843864313,50.284616487243],[-3.89518338183747,50.2817757409518],[-3.89826143837354,50.2881897796393],[-3.90444107205828,50.2904405878178],[-3.91026318970458,50.2940807265348],[-3.91969014653107,50.2959924199516],[-3.92245853527117,50.2969999685511],[-3.94371408638679,50.2959236223333],[-3.94414566931833,50.2973478426182],[-3.94442203063486,50.3007166031508],[-3.94526467593045,50.301040124882],[-3.94692546557739,50.3065189500173],[-3.94673526104673,50.3069222649658],[-3.94312110445005,50.311879461155],[-3.93892104922051,50.3176208656852],[-3.93693152384521,50.3203399741549],[-3.93535437388452,50.3224952448297],[-3.93485770023661,50.3231739347897],[-3.92796658378943,50.3244234064621],[-3.91997530535248,50.3316771998708],[-3.92850536132937,50.3257599899333],[-3.93606521640478,50.32495538104],[-3.92685884455364,50.3367054123081],[-3.9263713601454,50.3397670535394],[-3.92670427919956,50.3390976930239],[-3.92693184606503,50.3386419057588],[-3.9289830276901,50.3345585609831],[-3.93089541371722,50.3340855838415],[-3.93449616568174,50.3331608644307],[-3.93752356158383,50.329493801455],[-3.93864600868219,50.328716079517],[-3.93855052963771,50.3282496986978],[-3.9395755366504,50.3270078990865],[-3.94015039442985,50.3161790717675],[-3.94069341758889,50.3158687659168],[-3.95515312114155,50.3076034989094],[-3.96094365184613,50.3045284154889],[-3.9673394934238,50.3051420275765],[-3.97024317622784,50.3054204826515],[-3.97429463216935,50.3066480665532],[-3.98742231222673,50.3070663561462],[-3.99188256253344,50.3074932426902],[-3.99320867773481,50.3068326535854],[-4.00792864457944,50.3021059549972],[-4.01400287182827,50.3026412166883],[-4.01511548724949,50.3012445336965],[-4.01619669241734,50.3011187338952],[-4.01726297468535,50.2991071837179],[-4.02595446257306,50.2963139203504],[-4.03867012135073,50.2929256642254],[-4.03999551224351,50.2930811611278],[-4.04049314358371,50.2943857545244],[-4.04136044884167,50.2942487745236],[-4.0479686884257,50.2942937780674],[-4.04841324836002,50.2944234899209],[-4.05199911741462,50.2968252956444],[-4.05257619192189,50.2979275667173],[-4.05651832420481,50.2968990690449],[-4.06016058031583,50.3005358140655],[-4.06543667463481,50.3017503984092],[-4.06659394879323,50.3024819176003],[-4.06669368545496,50.3024893078732],[-4.06687358916405,50.30249546061],[-4.06915352441281,50.3026058487925],[-4.07402432764768,50.3037266447029],[-4.05675203821852,50.310329457482],[-4.05334455239888,50.3095752611736],[-4.04867484259562,50.3129162120514],[-4.04043071406725,50.3103484986394],[-4.03192787108066,50.3142767904501],[-4.04459550940595,50.3124501262607],[-4.05320990376473,50.3150568786519],[-4.04304282179024,50.3239711435755],[-4.04634141470951,50.3248152456721],[-4.04262146091432,50.3300417953857],[-4.04228256927202,50.330400970643],[-4.01573074793729,50.3410430192301],[-4.03642229936793,50.3391674469309],[-4.03839310889918,50.3373384572737],[-4.04152809616668,50.3344287164317],[-4.04548780285369,50.3307528970038],[-4.05105483266591,50.3348918935843],[-4.05144430061952,50.3386481618856],[-4.05828199678584,50.3380766280329],[-4.05259280513147,50.3367328117036],[-4.04712175515696,50.3279026649116],[-4.04859763333981,50.3253000407464],[-4.05084455639327,50.3213371630302],[-4.0540271664762,50.3157228263054],[-4.05404273516962,50.3156953581797],[-4.05644069392112,50.3114642866743],[-4.07082579987757,50.3128563962298],[-4.07654317454629,50.315935457132],[-4.07716047732549,50.3158226276947],[-4.07725030550895,50.3158657480982],[-4.07819588788519,50.3156333681644],[-4.07871270860013,50.3155388962793],[-4.08436489446682,50.3175699813258],[-4.08437233942307,50.3176081590209],[-4.08445478829677,50.317601871899],[-4.08510602139707,50.3178144354539],[-4.09073349664556,50.3171228801141],[-4.1007193007866,50.3163603558814],[-4.10086329461194,50.3161889445082],[-4.10161070692502,50.3161239018723],[-4.10184353552355,50.3158516856289],[-4.10937830748129,50.3165779592509],[-4.11293145601687,50.3193248054865],[-4.11899825525202,50.3193411675659],[-4.12219543096347,50.3255213872505],[-4.12142506628383,50.328472909877],[-4.1195179958976,50.3294844405217],[-4.1197177523872,50.33019563092],[-4.11947842035943,50.3303667954516],[-4.11987699762093,50.3307625769893],[-4.12036959136891,50.3325162151543],[-4.11953405358888,50.3357165536057],[-4.12406126068275,50.3365326669321],[-4.12472689773321,50.3451504461127],[-4.12378663758614,50.3461887463646],[-4.12302378390178,50.3467251392903],[-4.1258705200411,50.3569892527957],[-4.1277031092448,50.3574618052001],[-4.12780302661111,50.3577007350513],[-4.12802214542019,50.3577466467852],[-4.13058596823207,50.3602950745209],[-4.12827575541082,50.3607228732739],[-4.12045984002592,50.3578551547128],[-4.11614757486108,50.3603773580852],[-4.11352920054849,50.3542010251932],[-4.10533168090595,50.3565319569855],[-4.11244555794992,50.3594301092176],[-4.10883372242589,50.3665705288375],[-4.09804046572165,50.3668476197799],[-4.10815423313619,50.3678960109731],[-4.09930929764046,50.3797354915351],[-4.08610427661462,50.3857637992307],[-4.0839811291844,50.3867327669151],[-4.08871025100849,50.3881922605443],[-4.10434292855537,50.379844958374],[-4.11394702689305,50.3625256447373],[-4.12127481832648,50.3614379663632],[-4.13317010270242,50.3663958009985],[-4.13347905385787,50.3632844490996],[-4.13360388345946,50.3632944082817],[-4.13364966579308,50.363339905095],[-4.13383545056764,50.3633128833748],[-4.14563496582127,50.3642535547471],[-4.14603772974416,50.364009081523],[-4.14611562358196,50.3640135718895],[-4.15203211795594,50.362285036436],[-4.15280127516363,50.3623087620119],[-4.15321278582862,50.3660275291398],[-4.16419355363583,50.3589393062257],[-4.16444005761312,50.3590236472136],[-4.16512825703311,50.3617094209185],[-4.16259789319489,50.3635849526706],[-4.16618591244375,50.36666289384],[-4.1663599994601,50.366464459662],[-4.16651997221447,50.3664706846285],[-4.166612183029,50.3665440706581],[-4.16666396586782,50.366476287022],[-4.18540318729608,50.3672038412284],[-4.18537973811431,50.3672633593809],[-4.18215218060955,50.3692669506273],[-4.18469785118023,50.3689940552706],[-4.18148154490139,50.3771557214475],[-4.18229876068679,50.3777580036312],[-4.18223418000107,50.3779727494614],[-4.18596736902117,50.3823370284933],[-4.18428358601909,50.3843288735429],[-4.18731729996325,50.3839149296163],[-4.19267718179342,50.3901785607287],[-4.18182664280975,50.3956255933266],[-4.17970267338224,50.3966915852231],[-4.18295691351949,50.3962276097626],[-4.19454319582552,50.3920860096383],[-4.20280745104393,50.396364213667],[-4.20486661456972,50.3988095758875],[-4.20437937775732,50.4001017025515],[-4.19958869018324,50.4028992468866],[-4.20055075929358,50.4079559075443],[-4.19507119428091,50.419120756066],[-4.19234041838316,50.4246825662695],[-4.186235256848,50.423728938652],[-4.18579383654608,50.4236212070589],[-4.17586853058981,50.4219760299941],[-4.1697131656479,50.4222205631946],[-4.16947293726425,50.4223695013479],[-4.17660675530472,50.4225693118695],[-4.17797661299792,50.4234527455001],[-4.17804190550368,50.4234948523653],[-4.18101203441385,50.4254101398862],[-4.18658921916665,50.4245065999812],[-4.1898603488086,50.428453067138],[-4.17557401868624,50.4338004281014],[-4.16272974547275,50.4493801855552],[-4.15648898434074,50.4464936797472],[-4.16210147762183,50.4504316176461],[-4.15861425101386,50.4532734331388],[-4.15854659584806,50.4533285619851],[-4.15716357975531,50.4544554864302],[-4.15459339044715,50.4565495720454],[-4.15693407360384,50.4618866784896],[-4.15734480350339,50.4602896900279],[-4.15738450648872,50.4601353132203],[-4.15828444448082,50.4566358489109],[-4.16411222371059,50.4564628215392],[-4.16959383246094,50.4519560934738],[-4.18509978859368,50.4342703510055],[-4.19075896891368,50.4353242104805],[-4.19132220860737,50.4408434747441],[-4.19897052201529,50.4455930667107],[-4.20046151860447,50.4535322175171],[-4.19586365921527,50.4537576340722],[-4.19492685684647,50.4501981898387],[-4.19373829824105,50.4550182977477],[-4.20146515534417,50.4544243620865],[-4.21570385781984,50.4682753728845],[-4.22461117634354,50.4670908102354],[-4.22950864814129,50.4571228425509],[-4.23641170400937,50.4594062617112],[-4.23789521556027,50.4623611245032],[-4.23810176016463,50.4627724895646],[-4.23825143267594,50.464882895923],[-4.23931112495463,50.4651809646529],[-4.24068657983219,50.4655017611205],[-4.2429609815601,50.465991777573],[-4.24261809861444,50.4654505348465],[-4.23864683682781,50.4591808849652],[-4.23754932795149,50.4574478581625],[-4.22971598659029,50.4550303504778],[-4.21765124326894,50.4644479829791],[-4.21159882448348,50.4562001428951],[-4.21131859196411,50.4456602758832],[-4.20306007980928,50.4425385224665],[-4.20585635101586,50.4406685873624],[-4.19938034762615,50.4364153571014],[-4.20375037622745,50.4299851310234],[-4.21716307127644,50.4297194178489],[-4.22120105924835,50.4260382533727],[-4.22122499126539,50.4260164339926],[-4.22635483634145,50.4355936116792],[-4.23676175065945,50.4387227954575],[-4.22690314506645,50.4351252549073],[-4.22822099848355,50.4297531861896],[-4.22825192186622,50.4296271192016],[-4.22384555327337,50.4254110879782],[-4.22961838753884,50.4252322226561],[-4.22307375489956,50.4242955454078],[-4.22303471230566,50.424289955883],[-4.22275064185691,50.4242492897695],[-4.22249695426138,50.4253271646934],[-4.20979817033719,50.4253541752167],[-4.21105704642759,50.418818331008],[-4.21145919365172,50.4167300116221],[-4.21163700103723,50.4166304408504],[-4.20722732448479,50.4102218325586],[-4.22342119069295,50.3967212743252],[-4.22445823112898,50.3964896921467],[-4.22918012962702,50.3940322863906],[-4.22980754191154,50.393846074298],[-4.22876862044014,50.397217578918],[-4.23223282278674,50.3993963422021],[-4.23562318840052,50.4015283844342],[-4.23281054589767,50.3936384688339],[-4.24374263676354,50.3891861887103],[-4.24932939674463,50.3916794676401],[-4.24719253792639,50.3938866347593],[-4.25239786097095,50.3934762702186],[-4.25243875435797,50.3934730450181],[-4.25239647175776,50.3934469784717],[-4.24776249807469,50.3905899497798],[-4.25216447089944,50.3885572957846],[-4.25272726729467,50.3882973942241],[-4.25214760089813,50.3882017933629],[-4.24521639841766,50.3870584234093],[-4.25196009691865,50.3842499667489],[-4.25400441083305,50.383398461237],[-4.27108030348117,50.3871812130893],[-4.27063224349918,50.3795130946143],[-4.27632284428323,50.3770038178288],[-4.28416333699664,50.3840628194531],[-4.28005231689794,50.387981512415],[-4.284787301149,50.3844589148711],[-4.28874361215899,50.3875921795555],[-4.28192443588426,50.3912808458233],[-4.28718441158587,50.388899197713],[-4.28789869528652,50.391752549852],[-4.28911964517786,50.3879796286229],[-4.29031958306572,50.3904861954492],[-4.28405241633558,50.3957398782855],[-4.28383716135177,50.3959202968173],[-4.28064768479905,50.3985934011286],[-4.28228772114822,50.3979220051934],[-4.29159473853036,50.3941111104667],[-4.29351747430045,50.3890263019664],[-4.30123507723618,50.3924767762157],[-4.30127153508365,50.3924930745746],[-4.30172315818906,50.392694962088],[-4.30278366577265,50.3895619798536],[-4.30326399942619,50.3881428361192],[-4.30696691886134,50.3897114815475],[-4.30864933793293,50.3904241217337],[-4.30866673704368,50.3897721866721],[-4.30872014009699,50.3877711030769],[-4.29558831973091,50.3873646206582],[-4.29608845750421,50.3859141868342],[-4.29521229027275,50.3868035664702],[-4.27726635707144,50.3744426220192],[-4.26815564890936,50.3752494556455],[-4.2817927685269,50.3716653960338],[-4.28003428140529,50.3696896070279],[-4.2701888720007,50.3728801808068],[-4.26665176101383,50.3695177918606],[-4.2662191762709,50.3747241615143],[-4.26054321922208,50.3766308809987],[-4.25151783475265,50.3749086493408],[-4.24920110958285,50.3744664345068],[-4.24932488855627,50.3772910202588],[-4.23341518799429,50.3841106574758],[-4.23543610372465,50.3874204790776],[-4.23078276540647,50.3904285794767],[-4.2280039407677,50.3907515384894],[-4.22688127971411,50.3902392891448],[-4.22432422195329,50.391179092232],[-4.21180046396165,50.3926333279571],[-4.21139657669432,50.3924569902983],[-4.20318199008985,50.388416085586],[-4.20167673679332,50.3876121892935],[-4.20451022866896,50.386756709056],[-4.20858666012097,50.3855257898559],[-4.20753752840188,50.3852701695117],[-4.19920151267432,50.3832386651268],[-4.1990250017993,50.3828732671648],[-4.20256046333753,50.3791020312452],[-4.19614659503573,50.376913781243],[-4.19425787870411,50.3730024045822],[-4.19476740639604,50.3718694492691],[-4.20024033253515,50.3705026396005],[-4.20133668059135,50.3702287971856],[-4.21108428368162,50.3734229987836],[-4.21116494968503,50.3734494274317],[-4.21100166329661,50.3732648193769],[-4.20768597171329,50.3696757501589],[-4.21932927122788,50.3668178060237],[-4.22206492986378,50.3687921260787],[-4.22535071176782,50.3668753495608],[-4.23516793261339,50.3660224822794],[-4.23677899733842,50.365882440129],[-4.23930486592727,50.3616747948695],[-4.23518010315648,50.3638157135066],[-4.21740247154023,50.3621962946695],[-4.22389446091194,50.3586750586572],[-4.20935093487686,50.3593463419551],[-4.2059518797287,50.3618789814811],[-4.19679559021605,50.3594485036559],[-4.19624089207043,50.3540388940485],[-4.20393671047971,50.3487879508955],[-4.2095249409989,50.3508288521686],[-4.2085291776033,50.3470305172999],[-4.19238797790949,50.3505713928726],[-4.19347174324767,50.3536207744903],[-4.1862792776149,50.3569371219125],[-4.1829944218578,50.3580382833504],[-4.17619150701894,50.3601399056297],[-4.17018567661475,50.3546539498939],[-4.16709195529336,50.3503166874711],[-4.16805983775733,50.3479831828691],[-4.1818976294311,50.3415965530915],[-4.18810735707537,50.3408732670505],[-4.20122722558893,50.3329307549342],[-4.20087546619061,50.329543746984],[-4.19915095043668,50.3286501982225],[-4.19904173975314,50.3283359718229],[-4.1951981314194,50.3264786214905],[-4.18847977278994,50.3181880457999],[-4.18837136254808,50.317671346061],[-4.21059473445096,50.3183255567807],[-4.22131285573098,50.3146321644029],[-4.22273727146473,50.3113488864026],[-4.22369947470888,50.3129768042253],[-4.22472628357391,50.3156642003611],[-4.22377831509669,50.3167017837883],[-4.22545356150488,50.3175674853511],[-4.22620588300058,50.3195362804905],[-4.21971423633901,50.3224475457585],[-4.22034844245105,50.3260503744981],[-4.22848999791565,50.3313920622886],[-4.23170589511746,50.3339243855914],[-4.23345171855537,50.3346465790767],[-4.24486659533777,50.3421312266203],[-4.2500630357771,50.3441518139935],[-4.28270553294373,50.3568352199554],[-4.29524737460709,50.3583325069279],[-4.29560792926347,50.3584582927116],[-4.30161418108679,50.3590920423124],[-4.31291904557578,50.36043973613],[-4.31613701194404,50.3614885749811],[-4.3216080351963,50.36147477932],[-4.32440141172548,50.361807381968],[-4.33273863586061,50.3614459182752],[-4.3699731386973,50.3613416020138],[-4.38697130300878,50.3656935914224],[-4.40113538692973,50.3636682208504],[-4.40160155268701,50.3636015304623],[-4.41056340577622,50.3634919501077],[-4.41118004306496,50.3633993980199],[-4.41130276836688,50.3633978099811],[-4.41769301233078,50.3624246277167],[-4.43650531635264,50.3610489486092],[-4.4391791936446,50.3591931310229],[-4.43923024464896,50.3591854546841],[-4.45113076035612,50.3508993090758],[-4.45941058514264,50.3696271868752],[-4.45921052898908,50.3675208602579],[-4.45909226938806,50.3662751857858],[-4.45911160478946,50.3658078586073],[-4.45938800650217,50.359126893544],[-4.46427169657184,50.358943438522],[-4.46859455345521,50.3631390822815],[-4.46871387762136,50.3632633917302],[-4.46903499120745,50.3635665069553],[-4.47363017219692,50.363748041898],[-4.47737492438087,50.3638958457089],[-4.47851634182044,50.3639408723209],[-4.48365215356014,50.364124830883],[-4.4694089336944,50.362643795657],[-4.46393781250247,50.3577902140809],[-4.45724233399195,50.3582827476307],[-4.45132468345289,50.3504376730749],[-4.45121389233579,50.3479413611289],[-4.45193759659453,50.3461467117512],[-4.45514536262205,50.3440686902709],[-4.47306821008231,50.338559304479],[-4.47305220866399,50.3347935728736],[-4.47351157414871,50.3331534516275],[-4.49762796958191,50.3373621065635],[-4.49810282606573,50.3365893941564],[-4.5150656543902,50.3312139914307],[-4.51830880405492,50.3313478558275],[-4.51677668745728,50.3306715740173],[-4.53795562538533,50.3239545229472],[-4.5389145370371,50.323710720522],[-4.53901644433005,50.3237156781775],[-4.5735436557343,50.3310457170362],[-4.57845977155615,50.3325448058556],[-4.58746066603321,50.3320794002016],[-4.58928500395097,50.3307166120956],[-4.58967137384965,50.3306634763729],[-4.59220207728255,50.328537331447],[-4.59842465393818,50.3238876976878],[-4.60664714759507,50.3289485744391],[-4.60815058110657,50.328299866888],[-4.63069410546912,50.3246265502146],[-4.63347285665771,50.3247966260821],[-4.63734083476785,50.3286819723802],[-4.63112545494487,50.3315560540317],[-4.63112470788598,50.3316839545292],[-4.61805251573374,50.3348673059801],[-4.6187405079492,50.3350864129306],[-4.61794659654515,50.335294560375],[-4.61913069892728,50.3352106748173],[-4.61938614647891,50.3352920250827],[-4.60883219412556,50.3382841390469],[-4.62156674128722,50.3359864265902],[-4.63082994040228,50.3389355609254],[-4.63144793794222,50.3413651497433],[-4.63064421499254,50.342671829157],[-4.62742110585657,50.3479111857194],[-4.63608837067161,50.3473407564829],[-4.63595289006247,50.3581165803135],[-4.61176947173391,50.3592107509504],[-4.60766274126578,50.3593960538074],[-4.63595842766601,50.3600692780695],[-4.63363975915907,50.3792456863929],[-4.61984413307074,50.3820274339502],[-4.615847557023,50.3855310335885],[-4.63588694816803,50.3798927574248],[-4.63796658525472,50.3731063394162],[-4.64222998589473,50.3760334171825],[-4.64328826704276,50.3767599093849],[-4.66082255927144,50.3887921491743],[-4.66130725438812,50.3891045825714],[-4.66240474448619,50.3897768211666],[-4.65980054160478,50.3871354060066],[-4.651623259723,50.3789790920249],[-4.64968334426941,50.3770519292484],[-4.63873865333631,50.3703920853873],[-4.63887217683818,50.3541679553496],[-4.64176509405121,50.3545888815299],[-4.63734934532585,50.3521354018558],[-4.63762733161144,50.3466500955169],[-4.63123763301372,50.3446549324188],[-4.6334563965862,50.3375323104428],[-4.65090559688652,50.3266268223825],[-4.65179279504502,50.3264646626865],[-4.65176112121683,50.326091942568],[-4.65661747206319,50.3230553751524],[-4.66759605694247,50.3230734555232],[-4.67215307536248,50.3151059952974],[-4.67296376008599,50.3140336218688],[-4.68473333879131,50.3201080079714],[-4.68144332331004,50.3378072185742],[-4.68864650875664,50.3410436878449],[-4.6902661442066,50.3442544913743],[-4.69156562205376,50.3468302739362],[-4.7022027632811,50.3469553533352],[-4.70023526436016,50.3445098536954],[-4.70177584104735,50.3447802968041],[-4.70567888320231,50.3454653577287],[-4.70469518178136,50.3429092646792],[-4.75647245112486,50.3311868688618],[-4.75660101701313,50.3310813072878],[-4.75683595681938,50.3310338454952],[-4.76308151835775,50.3265372176635],[-4.76683495655261,50.3220672834597],[-4.76510304862942,50.3129999299929],[-4.75985935685952,50.3096654283235],[-4.75290557988936,50.2989051125728],[-4.76269443436222,50.3007256146346],[-4.76414785421156,50.299635790321],[-4.77376139024549,50.2941174774308],[-4.77398141190182,50.2938823962029],[-4.78119012187568,50.2901557057444],[-4.78437121382384,50.2845915155609],[-4.78222026570283,50.2827756462835],[-4.78253101547542,50.2817822622459],[-4.78067136343509,50.2807446410161],[-4.78342107395163,50.2754233003597],[-4.78398055765154,50.2750613085416],[-4.78385876363619,50.2745761559371],[-4.78640333119199,50.2696505735518],[-4.78639922203455,50.2696216900802],[-4.78635154827453,50.2694917869709],[-4.787007181703,50.2694692243769],[-4.78633157827145,50.2694305517331],[-4.78455834387023,50.2639923821828],[-4.78569676333519,50.2618078621337],[-4.76705792509417,50.2567347519908],[-4.77087192138271,50.2558701976724],[-4.77008928099191,50.2553300233249],[-4.76994648785788,50.2552314666355],[-4.76871927776704,50.254384412157],[-4.76870772828545,50.254347861523],[-4.77665827870864,50.2498762887264],[-4.78050785885642,50.2485556258296],[-4.78054423758411,50.2485381540655],[-4.78178873438861,50.2473668854344],[-4.7854368884441,50.2456188765076],[-4.78824418147908,50.2412517399652],[-4.78096616157119,50.2374898975204],[-4.78261814612246,50.2367450025229],[-4.798232366153,50.2301648619209],[-4.79829543260927,50.2278659303457],[-4.79840796900667,50.2262591864623],[-4.79887879571028,50.2195357712092],[-4.8105300374137,50.2261220359581],[-4.81318324544029,50.229817218721],[-4.8162004193505,50.229894514212],[-4.81795816874613,50.2304617470458],[-4.81856873393901,50.2306550321735],[-4.83142728202974,50.2318757023648],[-4.83212844816664,50.233362431481],[-4.83672184283585,50.2323785299324],[-4.8387836532417,50.2325742726629],[-4.84147586069216,50.2368789362934],[-4.84241500342219,50.2365880672816],[-4.84678379532658,50.2352348309985],[-4.8541496421819,50.2349904758496],[-4.8629347859456,50.2359660786629],[-4.87368987409113,50.2311972819143],[-4.87591750321059,50.2250642658329],[-4.87631096747632,50.2247978676943],[-4.88157172811823,50.2242254197187],[-4.88299365250362,50.2240706508958],[-4.89587741260531,50.213072685974],[-4.89634207334548,50.213016497691],[-4.90086736984199,50.213843640477],[-4.90132891491689,50.2124138657866],[-4.90286267128152,50.2122282188692],[-4.90379133860232,50.2062643607262],[-4.91070295837648,50.2052809883428],[-4.9108822316605,50.2013745910736],[-4.91754626502776,50.1968557295364],[-4.91877566639282,50.1962238719714],[-4.91909429561605,50.1961633243133],[-4.92230332289637,50.1984980070927],[-4.9229039374455,50.2018853486123],[-4.93362681155178,50.2070897005603],[-4.94173102099594,50.2054460193818],[-4.9475593343997,50.2052902935198],[-4.95218483708506,50.2035203821817],[-4.95243513684223,50.203493054586],[-4.95255605220048,50.2033783262219],[-4.95327314821628,50.2031039030305],[-4.95759464655832,50.202226636039],[-4.96865178947815,50.1921183418805],[-4.96805514286967,50.1886668247879],[-4.97113619971373,50.1857410362657],[-4.97362479580827,50.185649956356],[-4.9735017737932,50.183332041807],[-4.97911696718862,50.1606730096499],[-4.98386126803224,50.1578080654755],[-4.98193813693263,50.1518124029174],[-4.99598917399758,50.1485655395907],[-4.9989325077304,50.1464671377638],[-5.00936177850887,50.1395311772838],[-5.00989240425444,50.1396225742375],[-5.01697509330524,50.147626128485],[-5.01736173213878,50.1490056116846],[-5.00470022453394,50.150621155393],[-5.0044064603019,50.1504079252802],[-5.00427395574631,50.1506755193962],[-5.0039557722408,50.1507160973354],[-4.99591306252559,50.1619936544852],[-4.99471994075461,50.1621207871786],[-4.99714313274254,50.1630557638457],[-4.9938469936634,50.1680362712629],[-5.0015442977516,50.1675667098918],[-4.98857996181963,50.178497405726],[-4.99648183630084,50.1752485737615],[-4.99664346642556,50.173624269121],[-5.00594093982212,50.1708065814519],[-5.0006159938141,50.1652680069384],[-5.00601870135922,50.1614921221694],[-5.00572582424265,50.1604865361662],[-5.01364193573176,50.1590979815819],[-5.01378200313181,50.1591290796158],[-5.0139953089251,50.1590359818939],[-5.0262905318109,50.1568780361993],[-5.02747857333407,50.1578907537449],[-5.01833168650578,50.1821002115338],[-5.0139734921241,50.1836378275396],[-5.01438308433253,50.1904495879839],[-5.0166402452646,50.1856069167506],[-5.02491485012284,50.1823953388343],[-5.02569409864205,50.1821940068828],[-5.03490774760695,50.2033618864877],[-5.03181798182595,50.2054513976766],[-5.02674190195686,50.2040005359794],[-5.02954272158132,50.2060433271436],[-5.02647636352619,50.2086726834197],[-5.02508062902106,50.2094246479055],[-5.02504521793101,50.2098997455975],[-5.02306108348173,50.2116008090377],[-5.02435477418731,50.219161776821],[-5.02424776064399,50.2205971009793],[-5.02423417165477,50.2207793615364],[-5.01194267097894,50.2259308794856],[-5.00901602322103,50.2267553859567],[-5.00619631290569,50.2221302122656],[-4.99449526736913,50.2247436049846],[-4.99218874317727,50.2215447712256],[-4.99278880714861,50.2246328559293],[-4.98208500873079,50.2266885098295],[-4.97995585800931,50.2217424364492],[-4.97977778327153,50.2213287121673],[-4.97973347084167,50.22174815531],[-4.97916937138163,50.2270871972883],[-4.97191010799976,50.2258527841114],[-4.9708742771401,50.2282262888313],[-4.98179108842871,50.2295045346077],[-4.98271341276639,50.2323271061688],[-4.96569644223519,50.2323069154955],[-4.96709579092363,50.2347404542795],[-4.96485405817109,50.2380073891884],[-4.96731840791916,50.2402869328998],[-4.97229210121365,50.2358228807905],[-4.97870545743738,50.2379740579683],[-4.97490848300543,50.2343921451334],[-4.98417207345986,50.2328680562249],[-4.98481918207991,50.2286809865884],[-4.99182174405464,50.22636427932],[-5.00153952053676,50.2249152433787],[-5.00724628096519,50.2285638121446],[-5.01469334964796,50.2278722732018],[-5.01524628028163,50.2295871752763],[-5.01632374656295,50.2343402649621],[-5.01211179494231,50.2408284805758],[-5.01317317311854,50.2413039128965],[-5.01308955449156,50.2414481522833],[-5.01413818993437,50.2417361642494],[-5.02169818134218,50.245163685168],[-5.01025764143237,50.2490186851151],[-5.00976220664885,50.2509525285429],[-5.0097547296192,50.2509817111488],[-5.00964768552154,50.2513995117342],[-5.00585852137947,50.2661841754268],[-5.00581143181277,50.2663678505417],[-5.00520176986576,50.2669462088484],[-4.99155528801595,50.2798875213505],[-4.99638722478254,50.2771710784377],[-4.99781714974746,50.2763670988688],[-5.00293624017498,50.2734885205825],[-5.0077454860841,50.2671020025307],[-5.00945212847462,50.2648351743069],[-5.01543686077143,50.2556968170809],[-5.01151287122432,50.2513916104169],[-5.02104312088665,50.2493916773059],[-5.02801536698976,50.2429499065137],[-5.03411966536198,50.2492993609413],[-5.03445017462349,50.2496430859556],[-5.04099013166605,50.25219174396],[-5.04117776866922,50.2524161919363],[-5.04599562731637,50.26120142852],[-5.04699730120648,50.2630242214895],[-5.05015966142303,50.2641017836141],[-5.04699029794616,50.2587362639264],[-5.03922971349415,50.2491529351391],[-5.04926970109727,50.2483489451111],[-5.05048396797408,50.2482516471299],[-5.04689661434665,50.2477296444434],[-5.04663742738582,50.2476919248392],[-5.03544731190383,50.2460628141044],[-5.02989966929026,50.2416962635312],[-5.03130641213965,50.2381808972783],[-5.02259608009196,50.2430092740154],[-5.0209626976138,50.2424196120749],[-5.01595801332944,50.2403388125445],[-5.02421128865191,50.2350697710732],[-5.01841867319248,50.2258835051872],[-5.02167718263386,50.224965949608],[-5.02935409338063,50.223457035668],[-5.03282292789325,50.227915682737],[-5.03904176410815,50.2295406133914],[-5.04433107053775,50.2275327672492],[-5.03956211815815,50.2283737156217],[-5.03114494378335,50.2243008891854],[-5.04165223212393,50.2210062674391],[-5.02899199265644,50.221097433996],[-5.02890562730523,50.2204754763036],[-5.02829843238395,50.2161022054701],[-5.02830735787762,50.2156089856325],[-5.03130092476674,50.2106958591594],[-5.03890700970998,50.212652590264],[-5.0360352893046,50.2096403211862],[-5.04225747255676,50.2048532096366],[-5.04384799156439,50.2051665462877],[-5.04806795313626,50.2090219442798],[-5.04387189790318,50.2033332590647],[-5.05023742975155,50.2023152001325],[-5.05806916900541,50.1942384372728],[-5.05899798574645,50.1933704945975],[-5.05784929326849,50.1983052812142],[-5.06493600740441,50.2026722412428],[-5.06661584036735,50.2104624663484],[-5.07013428745912,50.205660079239],[-5.08297032912966,50.2097611816431],[-5.08477061381982,50.2099461908698],[-5.09669942774451,50.2111712803838],[-5.0891982519804,50.208123260617],[-5.0884612509638,50.2078237416232],[-5.08789772622502,50.207594717295],[-5.08745447792194,50.2074145720595],[-5.08457687447572,50.2069426477068],[-5.07763214738797,50.2058033590652],[-5.07631097554648,50.2055865666122],[-5.07609023661403,50.2050822367945],[-5.07380033876363,50.1998497377654],[-5.06015102571274,50.1922216960486],[-5.06056390615553,50.1919905459085],[-5.05534818039858,50.1837250928866],[-5.05652007843521,50.1805766002269],[-5.06080325380981,50.1784615171651],[-5.07733845433828,50.1842450562108],[-5.06505863990306,50.177733038524],[-5.05720414572505,50.1782191274927],[-5.05082038006906,50.1765472483435],[-5.046260744323,50.1693166236689],[-5.04639839616252,50.1687604300563],[-5.05619808147431,50.1612988539925],[-5.05970929969851,50.1614152497284],[-5.07275632844039,50.1653726882399],[-5.07474316710084,50.167469631262],[-5.08200823118006,50.1670888599908],[-5.08475546980516,50.1669447536182],[-5.09148311470645,50.1705791573998],[-5.09379849794282,50.1675469325224],[-5.09699123736148,50.1683979153101],[-5.10221132350524,50.1697890128606],[-5.09724500593252,50.1674558746532],[-5.10088218492277,50.166352074363],[-5.08684090878384,50.1641644401097],[-5.08641710069257,50.1636694164413],[-5.08602463253252,50.1632109901998],[-5.08383176855503,50.1630172838248],[-5.08331619798975,50.1629717352032],[-5.08182434741852,50.164232708834],[-5.08140113576562,50.1645904099203],[-5.08084705403599,50.1650587125068],[-5.08045923055556,50.164763327797],[-5.07079786071692,50.1574031279152],[-5.07010553753607,50.1565895052186],[-5.06941925875523,50.1560350513511],[-5.06879142777938,50.1555278027838],[-5.06705918738349,50.1536437758269],[-5.06686556433458,50.15359176605],[-5.06547244503849,50.1532175421237],[-5.06456207810484,50.1521889443854],[-5.0633708804039,50.1524650113586],[-5.06054273604774,50.1513176143321],[-5.05990164740045,50.1517208724237],[-5.05905874642057,50.1514943847819],[-5.0590375313639,50.1522644017996],[-5.0565798342973,50.1538194221655],[-5.05672245522187,50.1540055341835],[-5.05565592465703,50.1542526177305],[-5.05592693592508,50.1536369656566],[-5.05225445466745,50.1531550885987],[-5.05165710114894,50.1536753089544],[-5.04924517360592,50.1557375358874],[-5.04583734464029,50.1503659886518],[-5.04205048773657,50.1442936192285],[-5.04529950366096,50.1451174494092],[-5.05505946767663,50.148321652273],[-5.06475448982474,50.1442913747892],[-5.07635904829051,50.1401668209115],[-5.07602834077985,50.139602953564],[-5.07643741767582,50.1394327961341],[-5.07677195370431,50.1392936418076],[-5.07305446530657,50.134485487658],[-5.07294570825274,50.134324022109],[-5.0797279649369,50.1316198370618],[-5.09339101856256,50.1261700731163],[-5.09136274799903,50.1245652258092],[-5.09128366969396,50.1143797064121],[-5.08150146685756,50.1098865507702],[-5.09488046259993,50.1022738409109],[-5.10437602969436,50.1014683193105],[-5.11130787404353,50.1040028337418],[-5.11391096802889,50.1030087635751],[-5.115482514886,50.1034527141432],[-5.12115886855963,50.1002404335797],[-5.12182443869386,50.0999861829904],[-5.12887996705212,50.0993861220393],[-5.13436042811113,50.0997435712495],[-5.13957346277132,50.1050857040152],[-5.13943297192447,50.1059460215038],[-5.13020354482069,50.1102515923312],[-5.13782807556591,50.111715333728],[-5.14101550404584,50.1062568888144],[-5.14455554802862,50.1071292439588],[-5.144977018407,50.1072190453272],[-5.14202702330276,50.1039359876131],[-5.14530387905942,50.0986912822248],[-5.1605226668208,50.0970378639994],[-5.16236264324662,50.0990625395042],[-5.15927632440074,50.1080973185971],[-5.1636519700597,50.1127667069848],[-5.16288218697655,50.1039958427655],[-5.1658504791569,50.1024296232414],[-5.17016312256538,50.1057834644632],[-5.16500768086752,50.101463046344],[-5.16928107642852,50.0997765625916],[-5.16531344610558,50.0974393158397],[-5.16552028651985,50.0962874565019],[-5.16162466599011,50.0952660035953],[-5.15947773780691,50.0940009584161],[-5.16259496627121,50.093270251038],[-5.18701619663236,50.089487483278],[-5.1910125367629,50.0896766265879],[-5.1859841237632,50.0881573478816],[-5.18698264363406,50.0875234199165],[-5.19450994958511,50.0827437766153],[-5.19212540713733,50.0800394842695],[-5.19290511806983,50.0831883032097],[-5.18480853318962,50.0879306360397],[-5.18418817788309,50.0881088679785],[-5.17874627111327,50.0896721666037],[-5.17887619071339,50.0859099862729],[-5.17739344518,50.0893448512919],[-5.16148122170507,50.0920460573451],[-5.15429993901215,50.0927448127977],[-5.14752206106823,50.0853391132942],[-5.15054884624758,50.0931096146214],[-5.13467549053625,50.094651848858],[-5.1341894207284,50.0944728424808],[-5.1350138483017,50.092499510761],[-5.13564858786209,50.0913879253117],[-5.13543167712648,50.0914993417382],[-5.13560451653462,50.0910855968915],[-5.12977278948213,50.0939455140554],[-5.11966865274634,50.0958018811261],[-5.11042764487256,50.0949908621869],[-5.10045928342432,50.0921319873923],[-5.09485581356559,50.0891382175244],[-5.09489620159358,50.0891006423946],[-5.09685779117795,50.0885876667557],[-5.10178838373434,50.089155345376],[-5.11789110908286,50.0823087291007],[-5.10307701237792,50.0866683971677],[-5.09947766909036,50.0866033356839],[-5.09866353635808,50.0855953723609],[-5.09391404295943,50.0857612727815],[-5.08796175958786,50.0845158767124],[-5.08102640120414,50.0830643079379],[-5.07986573651912,50.0836466725463],[-5.07674535238457,50.0851155088934],[-5.07608527207568,50.0854280393902],[-5.07660542710287,50.0829299369772],[-5.07955440273554,50.0687619737739],[-5.07567443201191,50.0683917080439],[-5.06770120074566,50.067630393394],[-5.06748142075397,50.0674114665646],[-5.06198662441044,50.0604293863355],[-5.06419888963829,50.0555783123325],[-5.05782603466165,50.0527912959319],[-5.06623827745589,50.0482295114494],[-5.06801894453392,50.0395300983584],[-5.06893706736083,50.0350436074932],[-5.07348816565957,50.0342013487295],[-5.08922730394991,50.0312869573327],[-5.09698131732878,50.0260584793986],[-5.09352509856672,50.0199287712458],[-5.09445460329068,50.0180854430051],[-5.09137726330334,50.0161186431912],[-5.09114707430276,50.0157102614168],[-5.09575853123154,50.0156232069026],[-5.09675393450524,50.0137395800835],[-5.09682259112501,50.0137229521264],[-5.09770697139627,50.0116783331703],[-5.09779255601594,50.0114929743495],[-5.10137981771245,50.0042070558271],[-5.10320004161169,50.0039901814401],[-5.10529821581646,50.0045322646756],[-5.10617662448606,50.0048222225376],[-5.10622573390552,50.0048339953679],[-5.10632720823107,50.0047980959478],[-5.12162376088315,50.0087483909106],[-5.12239418031518,50.0092512518741],[-5.13143274193421,50.0081800340511],[-5.13156228698616,50.0081681586538],[-5.13318817804916,50.0079704638403],[-5.13302165438385,50.0072818329863],[-5.13561630739061,50.0069320001775],[-5.13791565254656,50.0081979621697],[-5.15652011766085,50.0076422159069],[-5.15672955654332,50.0076359422285],[-5.16663255993957,50.0037349819917],[-5.17181848306692,49.9976592561567],[-5.17148052352904,49.9961082813435],[-5.17770392532815,49.9877755319274],[-5.17986144126886,49.986831315009],[-5.18007132113048,49.9854189874224],[-5.18233642113773,49.9821449142002],[-5.18496627291308,49.9802129490375],[-5.18520957847251,49.9797130193369],[-5.18615802352798,49.9793525132149],[-5.18881775525135,49.9736467844281],[-5.18754775189206,49.9721500083275],[-5.1852530023568,49.9637292130655],[-5.18561735834665,49.9631055650879],[-5.19696383967157,49.9639429471095],[-5.19877944918994,49.9589618608589],[-5.20000026836619,49.9589864194594],[-5.20791974974092,49.9593120479717],[-5.20795205279349,49.9593946247157],[-5.20938137431071,49.9593441721092],[-5.21840117483884,49.9692432238984],[-5.21888056186158,49.970979659842],[-5.23709469738624,49.9766107201884],[-5.24368659022286,49.9757660438626],[-5.24622666513453,49.9762833695741],[-5.24723621391191,49.9775286783816],[-5.24600122091485,49.982112962638],[-5.24386510204387,49.98395502699],[-5.24535166261827,49.9845237794574],[-5.24527003556165,49.9848267170154],[-5.2451052345408,49.985406175037],[-5.24510605170029,49.9854352860885],[-5.24515943536916,49.9854500220598],[-5.25191238207396,49.9909121980554],[-5.25135122542063,49.9913904061151],[-5.25454106140102,49.9965737321048],[-5.25485664813581,49.9966735585116],[-5.25532030450009,49.9974323251175],[-5.25535729876094,49.9974900383459],[-5.25662058200213,49.9972314989346],[-5.26172415004758,49.9988455528647],[-5.26764069845119,50.0036277016426],[-5.26801367384362,50.0051579139307],[-5.26695873103746,50.006806452409],[-5.25847392177923,50.0130184894366],[-5.25909479202548,50.0137685322578],[-5.2589317253147,50.0139559034543],[-5.25870951271932,50.0141848260536],[-5.25866480684846,50.0142276802309],[-5.25927397603408,50.0147801658871],[-5.26090393995922,50.0162658978235],[-5.25963574849928,50.0182467117822],[-5.2559234486423,50.0216295245805],[-5.25696902080909,50.0224113766293],[-5.25657337563707,50.0230291953206],[-5.25646626740159,50.0231854239882],[-5.26569305908435,50.029959534441],[-5.26151614805417,50.033606724969],[-5.26190268773264,50.0336619006798],[-5.26356749722434,50.0338995219573],[-5.26384661793547,50.034183692548],[-5.26743286344151,50.0378344572397],[-5.26901205280362,50.0382390530433],[-5.26990896027159,50.0389585984671],[-5.27158829192566,50.0410931318387],[-5.28019390557223,50.0430582778929],[-5.27650558968602,50.0491077397528],[-5.27653908921862,50.0491784036726],[-5.27563721757306,50.0502721236775],[-5.27820168064318,50.0526851727432],[-5.27900230065311,50.0543736579403],[-5.282452621294,50.0573892021636],[-5.28251493582903,50.058224969104],[-5.28985476200171,50.0638569186903],[-5.29313267497893,50.0667203068171],[-5.29694209831508,50.0702946009957],[-5.29698836245581,50.0703380060866],[-5.30122667690899,50.0725791219712],[-5.31631260633159,50.0841455934866],[-5.31683696991168,50.0842898336487],[-5.31628439037373,50.0851952750266],[-5.31753682352207,50.0844768429216],[-5.32815187430069,50.0873126130871],[-5.32855409600698,50.0876219274725],[-5.33489382887877,50.0914072424976],[-5.34626018841627,50.0925346194647],[-5.35674822828105,50.0903697404259],[-5.3632231657209,50.0890717684199],[-5.36626590784312,50.0936695558824],[-5.37036524497226,50.0934468323287],[-5.3737204724054,50.0956648856625],[-5.37495158836067,50.0976455188163],[-5.39171279099839,50.1034928879704],[-5.39398633501741,50.1024282330444],[-5.39455072400066,50.1025021085064],[-5.39480307773307,50.1022668451944],[-5.39974557023647,50.1014901345075],[-5.40893046307697,50.1045220636134],[-5.41482622721102,50.1023146619224],[-5.41557254097399,50.1020352023655],[-5.41522482491708,50.0999006844927],[-5.41872250943559,50.1011525378026],[-5.4292439292031,50.0969886745262],[-5.42910125460172,50.1054047157669],[-5.44195150786648,50.1121800875102],[-5.44285537614167,50.1119519298974],[-5.46101771347656,50.1214458445554],[-5.46291117960882,50.1230809720586],[-5.47121863280965,50.1218952119558],[-5.47982283770988,50.126036689152],[-5.48169317545063,50.1263404778753],[-5.4836115975904,50.126652040605],[-5.48377489560172,50.1267916091487],[-5.48416237855512,50.1268383299789],[-5.48417778813167,50.1268768610011],[-5.48440311556812,50.1268636795534],[-5.48585871571781,50.1270169385869],[-5.49617718550506,50.1286918646186],[-5.51768190696489,50.1265786663782],[-5.52796933243259,50.1250849159249],[-5.52848411372125,50.1246827616901],[-5.53126557442322,50.1225096929993],[-5.53116050463438,50.1222428635588],[-5.53072969509722,50.1211487666497],[-5.53160892715064,50.1196365947809],[-5.53188948700876,50.119154045139],[-5.53360954152895,50.1174982065663],[-5.53017099896146,50.1176149756965],[-5.52976787185689,50.1156738722388],[-5.53113930540264,50.1141457264078],[-5.5374162441716,50.1139152173706],[-5.53835929685229,50.1133404018025],[-5.53842698669309,50.1133365643188],[-5.53929446637038,50.1126900735274],[-5.54721000785341,50.1075258649269],[-5.5483197897453,50.1068017019428],[-5.54858130273927,50.1066310535736],[-5.5444324609802,50.1037059660471],[-5.54369286181237,50.1031117115702],[-5.54890722363536,50.1058516725666],[-5.5489053835732,50.103444391805],[-5.54888027477416,50.10341641648],[-5.54568399720987,50.1013373495171],[-5.5427391598642,50.1030260576567],[-5.54053637464418,50.0998091681758],[-5.53321941665169,50.0885155141303],[-5.53917544231479,50.0830762071022],[-5.53967598427439,50.0790397397489],[-5.55428256304666,50.0601222645866],[-5.55468578879018,50.0599029245209],[-5.55566259769992,50.0601376461671],[-5.5632815916018,50.0624911408898],[-5.56333308333867,50.0619980747442],[-5.56398371884648,50.0621485054419],[-5.57631521117299,50.0521591050436],[-5.5770088780201,50.0518247334377],[-5.58001927036576,50.0523366794857],[-5.58442675765923,50.0533185418578],[-5.58751976646156,50.0515999128529],[-5.59322200385961,50.0515031540808],[-5.59416740696463,50.0518665991882],[-5.59602080827043,50.05259122504],[-5.59617652194776,50.0526389274099],[-5.59944622482674,50.0513972171263],[-5.61855460437022,50.0510699072076],[-5.61916690748157,50.0512289991882],[-5.6290130627107,50.0475823198403],[-5.62930168630434,50.0474754031424],[-5.62879482959745,50.0463564885591],[-5.6283195667921,50.0452000960362],[-5.62948576739827,50.0444452158328],[-5.63293277980035,50.0441581999531],[-5.63432487251738,50.0440422575849],[-5.63641069469374,50.0400466267263],[-5.64135280691254,50.0438566141477],[-5.64138703500875,50.0438746486496],[-5.64170211089701,50.0438573729347],[-5.64270946451246,50.0446041463531],[-5.64749060044118,50.0435398422092],[-5.64755542868268,50.0435284601699],[-5.6503680094828,50.0428877634404],[-5.65241468872539,50.0392466220724],[-5.65706446741799,50.0390425950116],[-5.65827753520469,50.0394283193045],[-5.66086144580107,50.0388758480846],[-5.68289882552719,50.037905587891],[-5.69176788131622,50.045026283554],[-5.689272375465,50.0476346204726],[-5.68893551374819,50.0479395654199],[-5.68846427761349,50.048311886183],[-5.6885268364575,50.0483241525769],[-5.68838432193935,50.0485627474014],[-5.69586000107618,50.0498234032539],[-5.69262061863037,50.0540537452291],[-5.70463243274494,50.0566663116816],[-5.71649094129831,50.0678342688497],[-5.71697949558696,50.0686729823523],[-5.71038957438747,50.0708117556681],[-5.71031807242752,50.0709913584249],[-5.70947867320735,50.0712695148193],[-5.70907721333324,50.0745756374667],[-5.70893768106708,50.0749743549574],[-5.70414533114215,50.0786494038024],[-5.69481284522162,50.0804784267971],[-5.68903190325079,50.0885157977166],[-5.69005941637885,50.0897757306821],[-5.68982719221192,50.090139715154],[-5.6909386908235,50.0912737049508],[-5.69095801999609,50.0931592747011],[-5.69448001870156,50.0959731240984],[-5.69816152174617,50.1033819172941],[-5.70048043756093,50.1194402810754],[-5.70584898321893,50.1237754927518],[-5.70982532928711,50.1274666629698],[-5.7059572010159,50.1288438391253],[-5.70511806023112,50.1287238655203],[-5.70440878983241,50.1293950639134],[-5.70227327869907,50.1301552404332],[-5.70272624332086,50.1309960763926],[-5.70197830994507,50.131707858053],[-5.7043439188905,50.1342851454057],[-5.70331721168816,50.1353480932726],[-5.70132533880692,50.1359782392644],[-5.69355894736034,50.137942883785],[-5.69325679008953,50.145760735761],[-5.68575127657077,50.1535256232284],[-5.68473615041295,50.1540884019555],[-5.68111408694082,50.1560876992114],[-5.68104558228419,50.156527252472],[-5.67276360830373,50.1617240038902],[-5.67171101224638,50.1619916821786],[-5.67182138328351,50.1623151228951],[-5.6712359724266,50.162682378063],[-5.67305599707322,50.1663063418398],[-5.65688647856707,50.1642862965194],[-5.65643841249686,50.1644778361285],[-5.6493861731452,50.1674921146448],[-5.63477691197709,50.1681186531041],[-5.62910762009336,50.1677298323419],[-5.62844259838658,50.1683897328567],[-5.628009207066,50.168408267037],[-5.62728100731848,50.1690746912508],[-5.62602395912256,50.1691051456498],[-5.6259782095928,50.169193960111],[-5.62590994938207,50.1691958881978],[-5.62483395894012,50.1713139819236],[-5.61350960412588,50.1816735940013],[-5.60702770297913,50.180989614803],[-5.60891414856701,50.185065890796],[-5.60686689458558,50.1861305477342],[-5.60336352159222,50.1868452176408],[-5.60329902973276,50.1870061270952],[-5.60304508990519,50.1870638310417],[-5.60257070340553,50.1883644779195],[-5.59857964944181,50.1904394193424],[-5.60066634916886,50.193250950309],[-5.59557749406316,50.1886629666314],[-5.59085260555622,50.1887229087391],[-5.59030971171694,50.1898616089428],[-5.58680578927355,50.1916612107146],[-5.58469426835871,50.19140181104],[-5.58477644010671,50.1927033693721],[-5.5799338939238,50.1951899071643],[-5.57742066835348,50.1950108665055],[-5.57691752126365,50.1967385172268],[-5.57262303061972,50.1989430103169],[-5.57165391452876,50.1983004709924],[-5.56972102761392,50.198684246041],[-5.56952001949564,50.1987533662875],[-5.56545201704053,50.1996166216163],[-5.56353815018644,50.201191152154],[-5.55597801865572,50.2042713418307],[-5.55517185796955,50.2042252345276],[-5.55511761214489,50.2055539330786],[-5.5550187212605,50.2079761218494],[-5.5508019293727,50.210138951337],[-5.54327059185299,50.211613767679],[-5.54304296888426,50.2118419615479],[-5.53868843800676,50.216206924246],[-5.5269073141642,50.2136703841624],[-5.51500209057799,50.2162704087776],[-5.51229771390354,50.2157087585864],[-5.50412766066479,50.2180464962941],[-5.49525370038061,50.218483252072],[-5.49072349916756,50.2165346220312],[-5.49054211661364,50.2164565948897],[-5.48447209345249,50.2149322804966],[-5.47697168418822,50.2182953004672],[-5.47659199786352,50.2175263020063],[-5.4796805861541,50.2129771257358],[-5.47893100678372,50.2125007859817],[-5.47758429682045,50.2116061327933],[-5.47522778500074,50.2101472573438],[-5.47459333407034,50.2097440046288],[-5.47335359586458,50.2080297881449],[-5.46925727059109,50.2023646606564],[-5.46917489415706,50.2001782318279],[-5.46800040650166,50.199932545994],[-5.43675893868638,50.1933919395218],[-5.43075998911467,50.1867555219856],[-5.4357012168676,50.1852994534547],[-5.4410990578754,50.1766624007445],[-5.4413632773128,50.1762395412991],[-5.44084413908158,50.1761289671805],[-5.43773442446103,50.1759207277817],[-5.43724637460798,50.175942294997],[-5.43674717490199,50.1759643532853],[-5.43112795458482,50.1787954009317],[-5.43109349857868,50.1790762143311],[-5.43325119620741,50.1834530352619],[-5.42892838960157,50.1864390426955],[-5.43351055390795,50.1903593968484],[-5.43367992071395,50.1905449015494],[-5.42167831160669,50.1845929377131],[-5.42234409340588,50.1883192539448],[-5.41899463458019,50.1892985841982],[-5.40700864077532,50.1928019709542],[-5.4137328595817,50.1931612174218],[-5.42251632120005,50.1884537415357],[-5.43363286935838,50.1936716053821],[-5.40914117964207,50.2099332792755],[-5.40908246476542,50.2099722449361],[-5.4084191535223,50.2104124403443],[-5.39165282028383,50.2287110301733],[-5.39569837903281,50.2404041405333],[-5.38471246462019,50.2397596486392],[-5.38397030639559,50.2402472275418],[-5.37512568730878,50.2398629888455],[-5.37326350377541,50.237174226272],[-5.37323119419374,50.2371275715483],[-5.36704956528723,50.2371034466546],[-5.36199027876929,50.2371217329425],[-5.35834163835388,50.2391319465582],[-5.3423349015386,50.2384324640359],[-5.34206196753357,50.2383918957068],[-5.34201549551942,50.238409782045],[-5.34081757973173,50.2382510481762],[-5.33064849742194,50.2421351794655],[-5.32214551140345,50.2468048746947],[-5.31770556782083,50.2500200301685],[-5.29132946617568,50.2626285468773],[-5.28936676479433,50.2611310709388],[-5.29088506210094,50.2628408781005],[-5.28674000608045,50.2648211640793],[-5.28525645568801,50.2650060450302],[-5.28561253166191,50.265359758316],[-5.26600508210936,50.2747225835717],[-5.26350613898473,50.2748835462825],[-5.26307472479455,50.2761212769952],[-5.26121346235227,50.2770095996258],[-5.25727764671307,50.2806300054647],[-5.25113192754214,50.2817566689337],[-5.25072818664762,50.2818306715322],[-5.24262899493606,50.2871605580773],[-5.23885778985649,50.295476985898],[-5.23858442872856,50.2960797096483],[-5.23707147093972,50.298939766277],[-5.23546130826904,50.3006859770065],[-5.2354789940377,50.3019497913276],[-5.23392916599194,50.3048788684572],[-5.23406593265764,50.3059234860607],[-5.23404490586802,50.318403036169],[-5.20382021711277,50.3208913123533],[-5.20064806249388,50.3205810102429],[-5.19905333863032,50.3223909242053],[-5.1974845836816,50.3234538640466],[-5.19392465993462,50.3258657033297],[-5.19144447824005,50.3259843688024],[-5.19092091643141,50.3279004624701],[-5.19018518654909,50.3283988131848],[-5.1899012772796,50.3316316361809],[-5.1898047759576,50.3319847364196],[-5.18693619059633,50.3329333523864],[-5.18101762653556,50.3343959478136],[-5.18105743696638,50.3348770732602],[-5.18071928516349,50.3349888649554],[-5.18133435394586,50.3404383377251],[-5.16988063090609,50.3413396883823],[-5.16898909128803,50.3433160027944],[-5.16263755066697,50.3447958981284],[-5.16169868214305,50.3464460989683],[-5.15741528933425,50.3477611354091],[-5.15386655699987,50.3461438459321],[-5.15143893878583,50.3559253435771],[-5.14662456388908,50.3753129333493],[-5.15036736653819,50.3769321069271],[-5.15029854567018,50.3771726064619],[-5.15380331955779,50.3785652077218],[-5.15342973520722,50.3802570502225],[-5.14955764256286,50.3816393778322],[-5.15249423246379,50.3844931474845],[-5.15144983018306,50.3892214472698],[-5.14701692565524,50.3890478566807],[-5.14360957743645,50.3889143112316],[-5.1469297537842,50.3902439750225],[-5.14281080401266,50.3955352274802],[-5.14476461462688,50.3973141644381],[-5.14631323462753,50.3987240587756],[-5.1473606618623,50.4031808216834],[-5.14510345321753,50.4046954325006],[-5.14340162871691,50.4043215009775],[-5.14065098300176,50.4036798863267],[-5.13567527426513,50.4012171383602],[-5.13841009863089,50.40392304885],[-5.13605965127782,50.4075946546985],[-5.13376268917373,50.4080381367342],[-5.12603863992044,50.4039352211981],[-5.10899478154134,50.4088588148506],[-5.1070727628551,50.4085781101047],[-5.10139233959402,50.4077627246877],[-5.09953850340819,50.4046582752831],[-5.09818781264155,50.4065428968169],[-5.09751410565625,50.4063598149119],[-5.08751966941862,50.4036431668594],[-5.08317636834076,50.4040804782248],[-5.0842949387478,50.4044725560699],[-5.08485040581159,50.4046672500897],[-5.08582724183641,50.4050096262208],[-5.08939831452838,50.406261154749],[-5.09394202432126,50.4078532988802],[-5.09762921758771,50.40812559798],[-5.11484210590432,50.4093951889784],[-5.12179491493805,50.4099072838954],[-5.12188035081119,50.4100348934083],[-5.12205618654891,50.4102975237198],[-5.10578359227031,50.4134359067268],[-5.10137953280293,50.4135788282836],[-5.09828373190263,50.4181525844378],[-5.09780103921239,50.4188656353747],[-5.09848880461442,50.421289836728],[-5.09956905356803,50.425096891691],[-5.09869586308248,50.4244569096024],[-5.09548050921994,50.4221000910231],[-5.09403752751623,50.4208090760287],[-5.09371218585228,50.4208037868948],[-5.09354980079596,50.4206847425115],[-5.09112336007115,50.4207101996533],[-5.08691291863842,50.4184032581526],[-5.08651759054821,50.4172024737877],[-5.08643063382258,50.4172261408329],[-5.08619541487463,50.4172579419876],[-5.08526431829244,50.415094253962],[-5.07468977721508,50.4169369688917],[-5.0745170099723,50.4170241983527],[-5.06792556178674,50.4203517874448],[-5.06489876030812,50.4218795422268],[-5.06613581207844,50.4241991511248],[-5.0656237441885,50.4246828671143],[-5.06068709326084,50.424193248958],[-5.06025221235309,50.4241501064147],[-5.0553058839167,50.4257121843854],[-5.05493912549979,50.4258279963189],[-5.05469330823253,50.4259056176967],[-5.06330995988733,50.426906734725],[-5.06278252353196,50.4272186632279],[-5.06217936927486,50.4275079228112],[-5.05519103643993,50.4279930128577],[-5.04246183545353,50.4441491795785],[-5.04103369938431,50.4483605209836],[-5.03944063863132,50.4530573515217],[-5.0427765993808,50.4579991624678],[-5.04253666980188,50.4588712899123],[-5.03812456295651,50.4602657212422],[-5.0413590832639,50.463151308155],[-5.0410159624671,50.4643982692513],[-5.03264105285814,50.4659186208057],[-5.03854791210382,50.4726823354059],[-5.03695071578706,50.4767667170309],[-5.03695149738031,50.4785793446904],[-5.0361241635347,50.4799192394088],[-5.03517047058715,50.4942434906843],[-5.04679059455401,50.4977943002603],[-5.0413425558978,50.4989128838326],[-5.04197161837455,50.5009667387643],[-5.03753420590828,50.5034687826325],[-5.03440193458442,50.5039220335442],[-5.032577467235,50.5087227345634],[-5.03152420207569,50.509492484622],[-5.02402057280653,50.5093031809938],[-5.02125551363502,50.509233301342],[-5.02812833680154,50.5110219467983],[-5.02946038727416,50.5141491072752],[-5.02735562425195,50.5176332361956],[-5.02750886788703,50.5181560091714],[-5.02609667610715,50.5202349220564],[-5.02811305856381,50.5202170173075],[-5.0285101563911,50.521571484971],[-5.02628370098962,50.5235098084884],[-5.02844558700418,50.524348654887],[-5.02779385514041,50.5251247066345],[-5.02263249605587,50.5265219588318],[-5.02648749483123,50.5294505874567],[-5.02267150012637,50.5326495686095],[-5.02422225891532,50.5386668102749],[-5.0351999744426,50.5455278962928],[-5.035527987694,50.5454946547221],[-5.03665821333724,50.5493449599529],[-5.03659236790489,50.5494368983488],[-5.0363649774396,50.5494766874509],[-5.02110381597678,50.5475754329675],[-5.02100660780935,50.5474543006235],[-5.02108231871016,50.5473327566346],[-5.02079624546704,50.5471921622124],[-5.01923817393275,50.5452505129195],[-5.01718360672553,50.5454165561758],[-5.01695212283033,50.5453027739146],[-5.00893196526409,50.5460575084597],[-5.00395815519819,50.545436839862],[-5.00475258376783,50.5431427012946],[-4.9982892437323,50.5402599845107],[-4.99363833230599,50.5428197705734],[-4.98901121910603,50.5429228879469],[-4.98380350460812,50.5422227314246],[-4.97764037479962,50.54535901689],[-4.98079708049445,50.5476864364676],[-4.98005689050475,50.5485911663935],[-4.97653793357771,50.5494171237533],[-4.97213552064503,50.5577595475338],[-4.97131233028891,50.5580025868147],[-4.96227280271605,50.559364518498],[-4.96051428085701,50.5611898457666],[-4.95457016104937,50.5629437648219],[-4.95567158759995,50.5649675522074],[-4.94676817959472,50.5687450815124],[-4.94527907070599,50.5686283044251],[-4.94659333050005,50.5639492531974],[-4.94986140641218,50.5562006596553],[-4.93984026085775,50.5539778261485],[-4.93516392705429,50.5483156968507],[-4.93434165942817,50.5463643483177],[-4.93810253112328,50.5412942435236],[-4.93127169445746,50.5306361073633],[-4.93084176074108,50.5299651032741],[-4.93113750280869,50.529866799762],[-4.9386856724409,50.527357410189],[-4.9357161770613,50.527123822859],[-4.93668990563552,50.5260951585793],[-4.9402070919035,50.5223791102051],[-4.94209306964869,50.5203862221087],[-4.94195711415392,50.5201809440582],[-4.93625927286234,50.5115760435961],[-4.93775471990604,50.5246616530051],[-4.92904539438229,50.5244782005191],[-4.92949469877939,50.529634734483],[-4.91973741193288,50.5314640546429],[-4.89977745621683,50.5262610841306],[-4.89945888183691,50.5261673214215],[-4.88528123650347,50.5301745453665],[-4.85525399409013,50.5288589091214],[-4.85516831009116,50.5293272186425],[-4.85504913068746,50.5299785903791],[-4.85501526508708,50.5301636802924],[-4.8527578102716,50.5316222977832],[-4.86018865903473,50.537181516924],[-4.86656983948479,50.533806926453],[-4.8676358541252,50.5372114471466],[-4.87017126261526,50.5336632891231],[-4.89019877005248,50.5362115678572],[-4.89196200381022,50.5323195568034],[-4.90000327708293,50.5309329280547],[-4.90677150814793,50.5340439952872],[-4.90860280747811,50.5348856247992],[-4.91546307019593,50.5380379385063],[-4.91415010028503,50.5429318829182],[-4.92611977241642,50.5448533632321],[-4.92934423278299,50.5532350368176],[-4.92652389045982,50.5614278408997],[-4.93114306929258,50.5644977284071],[-4.92696214005086,50.569186878461],[-4.92559260640452,50.5700278108762],[-4.92486841966901,50.5715347124052],[-4.92348108520485,50.5730902816422],[-4.91557325299498,50.5759871756002],[-4.91759775807733,50.5803324334029],[-4.92548813283942,50.5829460381936],[-4.93327030978721,50.5855229946007],[-4.93416718885203,50.5860340357022],[-4.93430386333569,50.5876430458352],[-4.9220052278547,50.5917340345053],[-4.92313848652264,50.5926979339618],[-4.92163271392507,50.5932967713777],[-4.91781423886845,50.5921528533377],[-4.91671356304975,50.5888146388802],[-4.91485228696032,50.5885633626265],[-4.90882104295787,50.5854028387192],[-4.90836339388369,50.5845394284685],[-4.89671236950795,50.5858280489008],[-4.89081632591947,50.5840598468495],[-4.89008973217464,50.5838306671585],[-4.88519880226634,50.5822878109695],[-4.88284993372289,50.5840100942885],[-4.88048506818091,50.5857439355909],[-4.87456594721121,50.5876565366346],[-4.87432320312913,50.5890203115508],[-4.8714897887172,50.5901988149011],[-4.86753772184173,50.5890334523731],[-4.8702877859602,50.5901772732249],[-4.86936829903999,50.5900189542071],[-4.86948765619166,50.5910314869314],[-4.86320010448687,50.5936460219397],[-4.8608340007023,50.59303392211],[-4.86042051751031,50.5932441138688],[-4.86004319493173,50.5931595874643],[-4.84957991201332,50.5986490959403],[-4.84887060561516,50.5984046319093],[-4.84184751731166,50.5931067970947],[-4.83954136554852,50.594621652166],[-4.83766712600351,50.5945424139202],[-4.83421193855337,50.5933509438737],[-4.83399191820913,50.5933816486132],[-4.83243941218299,50.5921478114176],[-4.83231802195826,50.5936152294024],[-4.82846427039382,50.5941528953801],[-4.82788853766926,50.594128502773],[-4.82718469420089,50.5939437277624],[-4.82359517986517,50.5930013149015],[-4.82429165456359,50.5941251485173],[-4.8067965809477,50.5967558067075],[-4.80003004826747,50.597163131432],[-4.79792628560914,50.5984085579296],[-4.79760096546153,50.5984538466958],[-4.79727054607959,50.5987967349084],[-4.79146394677247,50.6022343654567],[-4.77043196086056,50.6223799598839],[-4.77186800131866,50.6256560334143],[-4.76377250622412,50.6437265948724],[-4.76133240498237,50.6446159649628],[-4.75871722890044,50.6528355905333],[-4.76040656633284,50.6532634650426],[-4.76249551903223,50.6616079776563],[-4.75893150363693,50.6673538353818],[-4.76062146895556,50.6672898222663],[-4.76383546266453,50.6693642024167],[-4.76375477330835,50.6696393671479],[-4.75926909632738,50.6680420423045],[-4.75872845511979,50.6688575532352],[-4.75865095286336,50.6688446393881],[-4.75855216635189,50.6693244185153],[-4.75705161075224,50.672008241222],[-4.74647708172365,50.6710707959811],[-4.74367526169204,50.6732433672879],[-4.7467078893665,50.6750230419372],[-4.74316220867498,50.6763526354746],[-4.74168350866482,50.6760495704962],[-4.73832240990642,50.6713815027051],[-4.73375346723035,50.6725812899884],[-4.733542198365,50.6724733378156],[-4.73339230198188,50.6726761196144],[-4.72980411000192,50.6736108523988],[-4.7279441815669,50.6787778523412],[-4.7272789623946,50.6806454445219],[-4.72410215117014,50.6842391523659],[-4.7197418360319,50.6845986810723],[-4.71589441914377,50.6838344527105],[-4.70688324762783,50.6856579223971],[-4.70543318493583,50.6857772816097],[-4.70249389380546,50.687625582222],[-4.70470488236476,50.6899783878194],[-4.70265089210059,50.6905471152762],[-4.6952525885077,50.6904490981895],[-4.69698701892642,50.6908268560838],[-4.69613694931365,50.6908493735845],[-4.69947395730905,50.6914266743524],[-4.68412104820778,50.6956755682151],[-4.68028504482393,50.6960181345192],[-4.68210512568273,50.6972949197118],[-4.68100875381259,50.7044430260424],[-4.66815995328885,50.706697094945],[-4.66793463555208,50.7080738735692],[-4.66118472856488,50.7132278810948],[-4.6551983517671,50.7153807913918],[-4.65522569412011,50.7157044388867],[-4.65523173452776,50.7157759346165],[-4.65564312863227,50.7206448785293],[-4.65438535716024,50.724731193203],[-4.64934740103604,50.7288944053579],[-4.65386658649015,50.7397769224585],[-4.65322614688069,50.7397524014169],[-4.64154263233842,50.7381274051299],[-4.63457347500163,50.740961955178],[-4.63715232322769,50.7433281865374],[-4.62888689958319,50.7503850632162],[-4.61993507173028,50.7513254934002],[-4.61948553393242,50.7548553621636],[-4.61795024543571,50.7573532476941],[-4.61046225020328,50.7621966937212],[-4.59025653544693,50.766255096611],[-4.58567743152051,50.7702861483864],[-4.58433871541231,50.7709133899309],[-4.58273524914637,50.7716646418527],[-4.57646186375825,50.7718693722557],[-4.56697865408785,50.7779628037099],[-4.5584999365786,50.7882580685442],[-4.55694157834616,50.7986205914401],[-4.56077639440106,50.8004342797836],[-4.5568539887278,50.8085784284339],[-4.55689057753897,50.8089854789692],[-4.55691005973524,50.8092022029246],[-4.55859796040725,50.8279726183914],[-4.55836525057839,50.8291222362844],[-4.55740473158469,50.8303953127647],[-4.55662094687897,50.8314340893043],[-4.5528221774987,50.8308490418841],[-4.55440010151109,50.8330010105448],[-4.55456683193103,50.8358075534399],[-4.55533117303719,50.8486679783069],[-4.55541619938387,50.8494974606818],[-4.55804475447929,50.8751233761161],[-4.55996177249226,50.877108153569],[-4.56811243857461,50.8855445422822],[-4.56133654087377,50.8919095272924],[-4.56557567342607,50.8949087135356],[-4.56413421108086,50.9010278054437],[-4.56984576322975,50.9037021502053],[-4.56351432443412,50.9087478597106],[-4.56397683778054,50.9118122209588],[-4.54847406124322,50.9276857635722],[-4.54595691118618,50.9283540568736],[-4.54589867561126,50.9286414523044],[-4.5450072931772,50.9330400901018],[-4.55092422947035,50.9392642714442],[-4.55095464643144,50.9393406676491],[-4.54273022221444,50.9443416420007],[-4.54329028183251,50.9472626538966],[-4.54273861275585,50.9493104486527],[-4.54384921955329,50.9501774042317],[-4.544138608568,50.9516863501309],[-4.54428989492986,50.9524751450866],[-4.54307408056747,50.9543563004493],[-4.53303122815012,50.9653767578622],[-4.53393789798824,50.9701589316834],[-4.53228814347832,50.9831884024134],[-4.53021141852671,50.984525839157],[-4.53084067766036,50.9849502176221],[-4.52927285976728,50.9868224564449],[-4.5314698640735,50.9896487002232],[-4.53062170689634,50.9963432907235],[-4.53032419460022,50.9964618555099],[-4.53056086134479,50.9968234881346],[-4.52874305554413,51.0111661352785],[-4.52686805499189,51.0119104167856],[-4.52604956486267,51.0221885784511],[-4.52152871655583,51.0222888197123],[-4.51251959273984,51.0221780264461],[-4.50100635036426,51.0185819812543],[-4.49815842446708,51.0214122119349],[-4.46953976467023,51.0215772139653],[-4.44863458924474,51.0143615993645],[-4.42771993299643,51.0133330276088],[-4.40373009156482,51.0043225843699],[-4.39921880810774,51.0009540820664],[-4.39514809993004,50.9970635708973],[-4.39324665740228,50.9964937360929],[-4.3906906540321,50.9945844059361],[-4.37495421036809,50.9901035467705],[-4.34527313220164,50.9888630086165],[-4.30858078886053,50.9963298764297],[-4.30358542731271,50.9973453553117],[-4.29038905696103,51.0089105659839],[-4.28845707211296,51.0102327150285],[-4.28830041342356,51.0107403972243],[-4.28242812793857,51.015884062938],[-4.28033023633335,51.0177213150331],[-4.28005699525484,51.0177993224427],[-4.27966236747736,51.0183061708584],[-4.25689982262869,51.0382284705341],[-4.2548229842646,51.0386917717153],[-4.25422782130236,51.0387834649157],[-4.23882255322765,51.0411557104428],[-4.23542491099937,51.0444836808889],[-4.23111006714681,51.0531764599268],[-4.23100264703589,51.0533928292095],[-4.22520927411768,51.0630322238078],[-4.21692946830752,51.0650540005674],[-4.20841258423127,51.0616645239145],[-4.21448069455759,51.0572632814073],[-4.21035810392336,51.0519360730821],[-4.19763200439738,51.0579394101152],[-4.19054765515255,51.0548221318442],[-4.19489043043372,51.0408061755295],[-4.19967390707446,51.0356290410431],[-4.20027855132689,51.034977250432],[-4.20341361589876,51.031597426867],[-4.20313358018708,51.0282202394379],[-4.20281246736752,51.0282175863446],[-4.20308287330425,51.0267959549053],[-4.20552163411528,51.0139709558934],[-4.20553347964275,51.0139086444527],[-4.20555824209647,51.0137783911633],[-4.20618859659379,51.0107491183477],[-4.2047351911503,51.0082526952902],[-4.20324450634273,51.0056919278538],[-4.19824615577891,51.0208527471966],[-4.19812341632349,51.0212249112248],[-4.19830289535715,51.033005039052],[-4.18743226076375,51.0388644214366],[-4.1796968396605,51.048536152858],[-4.18089737732268,51.0663060488943],[-4.17157554184089,51.0696831752156],[-4.16465658724894,51.0745532116582],[-4.15852662273152,51.0733598324963],[-4.16091248819274,51.071285845129],[-4.15161516565146,51.0735305321413],[-4.15542588637109,51.076275281783],[-4.15309472392381,51.0801837617545],[-4.13664511042798,51.0796037658117],[-4.12966061234008,51.079356791056],[-4.12328900041635,51.0791311201476],[-4.1232685065016,51.0789021310933],[-4.12316543129808,51.0786405507733],[-4.12300626765715,51.0784216372969],[-4.12309552473872,51.0777928983402],[-4.12312694457076,51.0774162969295],[-4.12301824854015,51.0772329947675],[-4.12302843699555,51.0771692526053],[-4.12275752563136,51.0770556603943],[-4.12264651782868,51.0770075632082],[-4.12230230404396,51.0768223474166],[-4.12202788459041,51.0765647791194],[-4.12161586096368,51.076344288918],[-4.1212611503221,51.0760795351],[-4.12062970701596,51.0758230112311],[-4.12049529671709,51.0757267425928],[-4.11990860042424,51.0753776026804],[-4.11971808664658,51.0752567496605],[-4.11930000507807,51.0749888284436],[-4.11913459170802,51.0748913972339],[-4.11855468334951,51.0743848342774],[-4.1146516522746,51.0735657007637],[-4.11497735797967,51.0737929574825],[-4.12230930793485,51.0789078838437],[-4.11808054861955,51.0815675918546],[-4.11796490645174,51.0898168342887],[-4.08591548987262,51.0793609322637],[-4.08436475742364,51.0789688512633],[-4.08382900688832,51.0788333878644],[-4.08366517774414,51.0787919634587],[-4.08246406151631,51.078488248951],[-4.07568267687878,51.0767732014135],[-4.06908069999394,51.0781207799546],[-4.06501376566887,51.0789506880378],[-4.05553983314216,51.072937382381],[-4.05548168741086,51.0733530419366],[-4.05546716293612,51.0734568675696],[-4.05527431031148,51.0748354182475],[-4.05524280742578,51.07506060133],[-4.06652024668567,51.0810012729247],[-4.06655165563269,51.0810178149706],[-4.0668065919615,51.081152078274],[-4.06221882868491,51.08287895312],[-4.06192946225592,51.0826655501491],[-4.06154464326842,51.0837371621024],[-4.06100833393953,51.0852305493658],[-4.06181454248024,51.0836643774656],[-4.07579948883164,51.0798918500938],[-4.08942658540434,51.0859561245406],[-4.09252052882212,51.0865379105273],[-4.10806864854879,51.0937172394568],[-4.11869052025032,51.094537853658],[-4.12880129732911,51.0933350854071],[-4.13397078379253,51.0857878319387],[-4.16375973043911,51.0839052113062],[-4.16887730353271,51.0875040448875],[-4.16761076981019,51.0933459663712],[-4.16800686788408,51.092600232567],[-4.1705774722843,51.0877301882988],[-4.1706495168883,51.0875936827429],[-4.17084474974595,51.0872237657251],[-4.16695114685324,51.0805786875691],[-4.17988720973991,51.077671895412],[-4.18059267307638,51.077513322992],[-4.18187079899404,51.0772260153944],[-4.19199286479,51.0694008680646],[-4.19054714501017,51.0648753126364],[-4.2158378861734,51.075722379509],[-4.22286221471268,51.0895121929573],[-4.22255989135025,51.1177960167932],[-4.2348158680095,51.1194802738517],[-4.23991527306207,51.1209550761285],[-4.24256155513884,51.1235907530218],[-4.23923588337496,51.1333362482961],[-4.24939007676999,51.137610976149],[-4.26158395442009,51.1427421702112],[-4.23401621429346,51.1450344553469],[-4.22484443448553,51.144217323771],[-4.2199635292697,51.1466979412081],[-4.21755809807019,51.1527749151428],[-4.20973463078902,51.1725288789722],[-4.2145544134086,51.1764380167096],[-4.21148668512727,51.1781688586379],[-4.21429276339195,51.1823840933886],[-4.2305319688265,51.187879778846],[-4.21155811319808,51.1901514286411],[-4.20159568165928,51.2003275490687],[-4.19759475416834,51.1998558534575],[-4.19347611031583,51.1989418283449],[-4.19337262208908,51.1989188596685],[-4.19311570526633,51.1988618372317],[-4.1910533872371,51.1990843330016],[-4.17790162991312,51.1975319614437],[-4.17760181983893,51.1974107236159],[-4.17746163188417,51.1974799984994],[-4.17721317277521,51.1974506553621],[-4.15814229195164,51.203288637612],[-4.14609473473036,51.204057518489],[-4.14577209863183,51.204467677274],[-4.14567824528523,51.2045869892762],[-4.14497538766406,51.2054804814965],[-4.13957086477793,51.2077468051464],[-4.1217006065391,51.2104221609113],[-4.12167943991359,51.2119073909558],[-4.12040346578409,51.2118860221425],[-4.11166987048176,51.2114943960625],[-4.11569683212426,51.2098879224069],[-4.11154460134533,51.2094799991039],[-4.10762827892261,51.2113129425443],[-4.09807989006257,51.2108863229916],[-4.09772964976444,51.2111931910171],[-4.09700779557702,51.21089814357],[-4.08811792350737,51.2174541684383],[-4.08339391518714,51.2158746810821],[-4.08167663215024,51.2170200601439],[-4.07804709549789,51.2161481791808],[-4.07747333472333,51.2156237828367],[-4.07714142141747,51.2153204180724],[-4.07017766423375,51.2141668637087],[-4.07045787841669,51.2145773796339],[-4.06211237674582,51.2126643466889],[-4.05080058517891,51.2074557300352],[-4.04198867540649,51.2069036193723],[-4.04155801384534,51.2068766193281],[-4.0386720186143,51.2066956382924],[-4.0405099284677,51.2089206061446],[-4.0383915879361,51.2101848957749],[-4.03189015601996,51.2105324020498],[-4.02866609262895,51.2159879916377],[-4.02842167965041,51.2161338013173],[-4.02795187358615,51.2164003794298],[-4.01345685328584,51.2175958061792],[-4.00600441771005,51.2179693617136],[-3.96710405480081,51.2199113217479],[-3.96693463471783,51.219928979775],[-3.966746671224,51.2199383527312],[-3.95823254769538,51.2192154574896],[-3.95487741713202,51.2205296156259],[-3.95432955593271,51.2205568778416],[-3.95219594757092,51.2214641179259],[-3.94821665647383,51.2218782542316],[-3.94522385723794,51.2243098315848],[-3.92582756967961,51.2319009283386],[-3.8939838344461,51.2248191915724],[-3.89197907284282,51.2238100901084],[-3.88702289515785,51.2262979542679],[-3.87754609317279,51.2286482027821],[-3.87205311217013,51.2274399535215],[-3.87181761796522,51.2300683796154],[-3.86762618115311,51.2311072691577],[-3.86150411553578,51.2307324147811],[-3.84691368266216,51.2349255693544],[-3.84375460145894,51.2346955008841],[-3.83007555180771,51.2303873013417],[-3.8275777149849,51.2327042108258],[-3.80855444773817,51.2318126224064],[-3.78542444693296,51.2463935834368],[-3.7697535302731,51.2376665639481],[-3.72078078923314,51.2330918834567],[-3.72054918666876,51.2330675605237],[-3.72016921124437,51.2330276542091],[-3.68854511321366,51.2297018033712],[-3.6398368417433,51.2233692545972],[-3.63780980494075,51.2243471414554],[-3.63331402651705,51.2238715182861],[-3.6235436374996,51.2180140537741],[-3.62171408877056,51.2167743618655],[-3.59217538021585,51.2227005036944],[-3.59024161822476,51.2240297848283],[-3.58861647635713,51.2252111290988],[-3.58848603632815,51.2253049629651],[-3.57879645701062,51.2321433058111],[-3.56867396296565,51.2326266784626],[-3.55454928781029,51.2330952845833],[-3.50297850217554,51.2230081177738],[-3.49689826504952,51.2239862709294],[-3.48648534581471,51.2199601835588],[-3.4862994565178,51.2198882958885],[-3.47241775286111,51.2136471219469],[-3.46903363319122,51.2079056215215],[-3.46841908284355,51.2079790180727],[-3.45523473921521,51.2095527303089],[-3.44201426749691,51.2065061114039],[-3.43260992055348,51.1981923629459],[-3.42427807514544,51.1908125577598],[-3.41164398996629,51.183863191301],[-3.39312065037907,51.1825033788737],[-3.37362417136395,51.1846636774966],[-3.35024044899596,51.1815159732413],[-3.34953070262427,51.1816001017448],[-3.32885747139513,51.1840485498351],[-3.3281420717091,51.1818606874536],[-3.31321663206093,51.1795597958078],[-3.29395512524132,51.1826825978791],[-3.28534398427262,51.1808790908079],[-3.28414135130616,51.1806271512903],[-3.27584819130941,51.1797755022787],[-3.25690424501575,51.1877223181823],[-3.22897501684103,51.1918139560871],[-3.21627119457835,51.1943099481181],[-3.2021829622056,51.201460757686],[-3.19012321302831,51.2026658370517],[-3.18042991607843,51.1997614842175],[-3.16428724679581,51.202645232228],[-3.15482147932731,51.2086011484176],[-3.14663056075551,51.20938543058],[-3.13144137756214,51.2108381706449],[-3.11444756817476,51.206974243117],[-3.10074613972497,51.2084022555631],[-3.07637887941965,51.2013744825612],[-3.05455598463182,51.2056689759518],[-3.05387273350212,51.2060265856385],[-3.03082764166879,51.2180828586261],[-3.01915209610144,51.2182579140611],[-3.0242480641587,51.2129026017151],[-3.02637076888121,51.2149441346165],[-3.03029522339059,51.2082086079646],[-3.02447859121935,51.212193786207],[-3.03270944014092,51.1944254698922],[-3.04518951540499,51.1946519561992],[-3.05641989480066,51.186535569155],[-3.06138214651075,51.1735769901115],[-3.05723808197852,51.1734010040965],[-3.05618149248754,51.1733561104018],[-3.05615606121789,51.1736899351279],[-3.05595026605395,51.1763911121874],[-3.05593013644485,51.1766553062283],[-3.05555092629347,51.1816318894702],[-3.0510400433665,51.1871154214233],[-3.03462949984068,51.1889205516326],[-3.02708386922012,51.1926935719779],[-3.02514639763646,51.1957943887923],[-3.02224471976832,51.2004375434109],[-3.01801496996201,51.2072036967495],[-3.01621010759202,51.2029237822319],[-3.01569410843895,51.2100456175205],[-3.00246321191138,51.2258535018769],[-3.00233165891691,51.226010615079],[-3.00308678055685,51.2258144345266],[-3.00407676610217,51.2257524056712],[-3.00186087685316,51.2300530774296],[-3.00176387597782,51.2303171761863],[-3.00027923970611,51.2343999660555],[-2.99935376212906,51.2369446783893],[-3.00182311790027,51.2448770810474],[-3.01561231058946,51.2576297862762],[-3.02189668640386,51.2690266975803],[-3.01123616570036,51.3202919498599],[-3.0137972037091,51.3235364282304],[-3.02814036534534,51.3241770147223],[-3.03592989396078,51.3285451730706],[-3.00297143260305,51.3251521928909],[-2.99415642667983,51.3209387239562],[-2.99755944336203,51.3191376346833],[-2.98663175100594,51.3127488408658],[-2.9864103832155,51.3125078505699],[-2.99521572870653,51.3075756415178],[-2.99470687925271,51.3059374265589],[-2.99448610852033,51.3052369070962],[-2.99339377580547,51.3018224180636],[-2.99401929951394,51.3047480187904],[-2.99432805711343,51.3061919411267],[-2.99429766705866,51.3062123592761],[-2.9859358203405,51.3076801423571],[-2.98910764290492,51.3083376814272],[-2.98436408284803,51.3118711366496],[-2.98439718647358,51.3122585407199],[-2.98517948193462,51.3214112258182],[-2.98651751072144,51.3151432264528],[-2.99243712369398,51.320499356474],[-2.98604477474392,51.3345334102419],[-2.985979428719,51.3349330466873],[-2.98584718250735,51.3357418029611],[-2.98346362837943,51.3503138788544],[-2.98340427433843,51.3506766462967],[-2.99001796391158,51.3510526137617],[-2.99413206269543,51.3571531757477],[-2.96832568337954,51.3633139603085],[-2.96775527886767,51.3640544420841],[-2.96329882936568,51.3698388028735],[-2.96250100498869,51.382347162734],[-2.97287445845538,51.3881684517802],[-2.98079855960708,51.3884162473108],[-2.95682844100287,51.3920916251457],[-2.95023859752553,51.3945056578746],[-2.93743362901516,51.3968147689033],[-2.93672412486611,51.3964713684712],[-2.93939258130784,51.3910988158563],[-2.93674936782948,51.3928622121108],[-2.93604340409084,51.39333315636],[-2.93073334302344,51.3897606445625],[-2.93578508635205,51.3949726717238],[-2.91734184009278,51.3958873219358],[-2.89797252369922,51.3903350857902],[-2.89839448268574,51.3909532100151],[-2.89930959171906,51.392293685964],[-2.89583000050384,51.3926647275326],[-2.90309986272285,51.3922894264822],[-2.90565657235568,51.3930153837324],[-2.91302295917806,51.3959849116756],[-2.888928172489,51.4132747523463],[-2.88806555193322,51.4150347524806],[-2.88804783620282,51.415070895838],[-2.88291110151294,51.4255483883344],[-2.87440648376768,51.428699014665],[-2.87583247177369,51.4304760143707],[-2.87602302827593,51.4305583715346],[-2.87904583152075,51.4318647285451],[-2.87855059575147,51.4322005047605],[-2.86462698764647,51.4394060379345],[-2.86360708528987,51.4399336895173],[-2.86331323156642,51.4402138755137],[-2.84589792914581,51.4568117410998],[-2.84585181145149,51.4568556744736],[-2.81778039967203,51.4729934837267],[-2.81723695212284,51.473305691362],[-2.79942435637146,51.4853858021707],[-2.7838399425458,51.4875880731325],[-2.78315673963079,51.4876845664498],[-2.77409613350155,51.4914677240477],[-2.77355946285335,51.4945638964999],[-2.7732757599236,51.49467835172],[-2.75430958030241,51.4948839326518],[-2.75690721584673,51.4926038372991],[-2.75282414176892,51.4928543528855],[-2.75123752472873,51.4929516765501],[-2.7331873561856,51.4928864854157],[-2.73122128294978,51.4928790608308],[-2.7352412230244,51.4941937741551],[-2.7354325353046,51.4942913667495],[-2.72750276433977,51.4981497379778],[-2.72770173908588,51.4988151889471],[-2.72885726540913,51.5026793928574],[-2.72741287542178,51.4996793477145],[-2.72254752962903,51.5016543764736],[-2.71678537213998,51.5005821040167],[-2.68992548371507,51.4855201212726],[-2.68484840255875,51.4804620725687],[-2.67624485628395,51.479677229586],[-2.66812456908108,51.4814384961317],[-2.66362354946931,51.48660902515],[-2.65887026682336,51.4840687034142],[-2.65113378290566,51.473658249528],[-2.65727132831608,51.4850854079175],[-2.65733529404454,51.485112919328],[-2.66372965791279,51.4878626886222],[-2.67887013515046,51.4809821494118],[-2.70872559766001,51.4977314859798],[-2.71831717905998,51.5061593515884],[-2.71370006564539,51.5059276699762],[-2.71821750267118,51.5082397657133],[-2.71458114227796,51.5079022232139],[-2.70272786837718,51.5168115361483],[-2.69521446790263,51.5224563467773],[-2.69411850419111,51.5235823200021],[-2.69398444958823,51.523715052657],[-2.69289996203398,51.5245597120031],[-2.69274033364984,51.5246757133045],[-2.69101123540721,51.5264312226818],[-2.68758582071095,51.5293628362058],[-2.68705446267965,51.5294001197288],[-2.68708535452484,51.5295587591166],[-2.68704329283028,51.5297139826114],[-2.6870256805114,51.5300256541547],[-2.68688687564706,51.5302863401237],[-2.68663297152584,51.5306619191054],[-2.68623852557524,51.531366910853],[-2.68611594882067,51.5315054072585],[-2.68581276794655,51.5319520100239],[-2.68561245193356,51.5320871872628],[-2.68531927562062,51.5322564841474],[-2.68490763688351,51.5326933224965],[-2.68471619051805,51.5329274942927],[-2.68449930636539,51.5331261589039],[-2.68415975414411,51.5335354967634],[-2.68398771653097,51.5336437251785],[-2.68361912072347,51.5340140706596],[-2.68343392730979,51.5341918396655],[-2.68330727096796,51.5343683531513],[-2.68306641261421,51.5346530046254],[-2.68298818442217,51.5347965954652],[-2.68275344093615,51.5349264319235],[-2.68263380897072,51.5350331590142],[-2.68259846400433,51.5351777295645],[-2.6821525214181,51.5354851229493],[-2.68193710998181,51.5356322879084],[-2.68106559528437,51.5354861447919],[-2.68088159698145,51.5353160663202],[-2.68054054658647,51.5350755573312],[-2.6805915705123,51.5352452737393],[-2.68090668514741,51.5355701554282],[-2.68132659009531,51.536062893055],[-2.68107721724929,51.5365636226529],[-2.68103778648291,51.5367440813033],[-2.68058849398094,51.5371903509303],[-2.68049099113468,51.5373291253466],[-2.68025927830368,51.5375529508315],[-2.68014277690818,51.5377297233344],[-2.67993558010505,51.5379920832083],[-2.67978256551707,51.5381701516971],[-2.67954592621418,51.5383987329048],[-2.6792140789527,51.5387270560993],[-2.67909617863981,51.5388410020219],[-2.6789505231668,51.5389353325489],[-2.67871046560374,51.539181319727],[-2.67858727775436,51.5393353839966],[-2.67832861885076,51.5395306700152],[-2.67818992798822,51.5397607102238],[-2.67804943664309,51.5398799550896],[-2.67782861337875,51.5402000457417],[-2.67755183114377,51.5403906710083],[-2.677468994205,51.5405678652271],[-2.67728163215377,51.5407397725628],[-2.67711245985375,51.5408622715673],[-2.67678403217287,51.5412740401478],[-2.67656627541823,51.5414810030285],[-2.67637807634472,51.5417226022177],[-2.67529033936647,51.5429154675184],[-2.67449062377528,51.5437361829668],[-2.67442598185339,51.5438025348431],[-2.67434682658269,51.5438837830371],[-2.67384501612315,51.5443988058629],[-2.66389522945569,51.5731525412049],[-2.65725002548308,51.5746042658062],[-2.63799940140177,51.5918457147449],[-2.63750378983305,51.5922893622552],[-2.62780480333705,51.6056350417757],[-2.59902282310735,51.6177813327046],[-2.59621434664256,51.6165278075746],[-2.59778415648155,51.6185996278808],[-2.5852071698116,51.6260118935904],[-2.58075112302739,51.6330979206322],[-2.57932683882105,51.6326888140802],[-2.56670696090924,51.6290628438923],[-2.57934207967557,51.6338878642194],[-2.58018884226677,51.6342111353221],[-2.57937085353216,51.6361366811582],[-2.5740271448253,51.6487116671851],[-2.55827028671273,51.6664201929963],[-2.53474246620219,51.6772457722585],[-2.53238975450594,51.6780593718647],[-2.5086489798893,51.6862649898287],[-2.49331389816177,51.6977130295207],[-2.49004752289599,51.7001504576001],[-2.48900335829745,51.6996644963601],[-2.48185529471287,51.725650814006],[-2.47230184330503,51.7259880990482],[-2.44945513642474,51.7398210914734],[-2.43262239925047,51.7362246973031],[-2.38321670826707,51.7586377818501],[-2.3820371608502,51.7591723630954],[-2.37932797095086,51.7662780463811],[-2.38371957489988,51.7757559481191],[-2.41303948189091,51.7860585847644],[-2.4407729970534,51.7883017894902],[-2.44702445454518,51.7926848429955],[-2.44411876083952,51.7997612593852],[-2.43486468614545,51.8099542666082],[-2.42459797804573,51.8150493765168],[-2.41260928765107,51.8053177014857],[-2.37488320331898,51.79280146324],[-2.35425069467288,51.7940363654314],[-2.35420449596408,51.7940391265596],[-2.34714669742062,51.7976898344504],[-2.34580516426246,51.8039165395557],[-2.35934797130809,51.8111768408714],[-2.36167603297644,51.8222154330536],[-2.35976388430485,51.8266063101796],[-2.35325006441172,51.8287978219343],[-2.35038703160491,51.8297608797363],[-2.3608019169857,51.8272163410875],[-2.36323062215408,51.8215785585895],[-2.36037974099849,51.8068659791372],[-2.34800999185562,51.8028338228339],[-2.35004237386291,51.7991236151074],[-2.35072124174485,51.7978841602233],[-2.36925480353324,51.7944431096477],[-2.3895834667137,51.8005981849123],[-2.38987894385184,51.8007351273355],[-2.39040997176166,51.8008483248522],[-2.40175439316455,51.80428081273],[-2.41455368422914,51.8171154263051],[-2.42393581265048,51.8193054879618],[-2.44059836040735,51.8126025775085],[-2.44061923296423,51.8125769928644],[-2.45179433484176,51.798874214775],[-2.45133963841297,51.7969876061829],[-2.45020930476032,51.7922969714851],[-2.44843206935402,51.7849199095912],[-2.44139763769684,51.7814552300213],[-2.41134856038994,51.7797877206959],[-2.40569117406359,51.7778706642103],[-2.40463997921253,51.7728121964687],[-2.43422835726345,51.7600594391648],[-2.43782146600749,51.7593337617676],[-2.43761185322522,51.7590434419807],[-2.47757496260631,51.740045079645],[-2.47734609191943,51.7397209906904],[-2.47732537373911,51.7396916533871],[-2.47883547944317,51.7349890511142],[-2.49376207173078,51.7279633286508],[-2.49623967530871,51.7262055531841],[-2.50533337796562,51.7103836435188],[-2.51458322548519,51.7072784481261],[-2.54371799760692,51.6974902740143],[-2.57080654132759,51.6883792555078],[-2.57133295716077,51.6888335709169],[-2.57481554942366,51.6854410616547],[-2.579975194804,51.6835305769558],[-2.60999005665618,51.6724091606476],[-2.62594940603421,51.6606153654177],[-2.62363357035498,51.6539829183899],[-2.64875772467274,51.6313837329071],[-2.64769714521889,51.6132894222678],[-2.65124432969432,51.6097539870755],[-2.65613479309018,51.6102104944286],[-2.65874827946541,51.6153910725494],[-2.65725547645622,51.6196703528005],[-2.65518589314373,51.6227475146619],[-2.65899196744982,51.6261538649165],[-2.66697156694555,51.643937303491],[-2.6687900106744,51.6444175670051],[-2.66886752803205,51.6450036583447],[-2.66890807150658,51.6444487463034],[-2.68032625171342,51.6474634739843],[-2.66604622065454,51.6645647351849],[-2.68632887850447,51.6625649631441],[-2.65684477283704,51.6742978810845],[-2.68379147622247,51.7006275155784],[-2.66844054916154,51.7057888652485],[-2.68754079653479,51.730426259148],[-2.67222511999267,51.7363629501989],[-2.66269206735517,51.7538947436597],[-2.68045213470349,51.7689294147768],[-2.66981057919979,51.7942734507367],[-2.67853782959666,51.8028451993877],[-2.65953874455198,51.8106823741613],[-2.66087144177876,51.822753864529],[-2.65040070567432,51.8261246889383],[-2.63671005341688,51.8430952612886],[-2.62546695815918,51.8389640024544],[-2.60121663304725,51.8562162644087],[-2.58281688241695,51.849577352947],[-2.58076385588478,51.861588881601],[-2.53162394037576,51.8607715469017],[-2.50862440109418,51.8851690569453],[-2.48779469274655,51.8804175459086],[-2.43927491603518,51.8973822861564],[-2.44818479288624,51.9186682322372],[-2.4660430006938,51.9279745035373],[-2.46557353500141,51.9517045852884],[-2.50090645407367,51.9606091442864],[-2.49224484623915,51.9641287773142],[-2.49491293332375,51.9810752068267],[-2.47099259337338,51.9947360731079],[-2.49211125940808,52.0082952126516],[-2.4742803758531,52.0237639855093],[-2.46361560501988,52.0229997256673],[-2.46337278472343,52.0140424477572],[-2.4361213982017,52.0145914693163],[-2.43729372314514,51.9971670434287],[-2.42101302341652,51.9942414650788],[-2.3990184898963,51.9961459478794],[-2.39289223171328,52.0129587700424],[-2.35137852244174,52.0213590290394],[-2.35254266829771,52.0135353102849],[-2.32470967818414,52.0035672783312],[-2.32656514420703,51.9758107384483],[-2.31261970069138,51.976504974576],[-2.30043302609069,51.9667752646008],[-2.25135998124032,51.9665649342157],[-2.2206132435217,51.9954966448483],[-2.18508403441562,51.9905609788574],[-2.1807485360373,51.9996151713198],[-2.16491492285039,51.9959594941397],[-2.18768330302322,52.0190801576711],[-2.17688298069408,52.022616879474],[-2.18045118695184,52.0422625534122],[-2.1620347855246,52.0505943430106],[-2.11608955278632,52.0378700175261],[-2.14003952472973,52.0272716187852],[-2.15078195954122,52.0066280416879],[-2.14068698320585,51.9994641968075],[-2.11219762720392,52.0153447349971],[-2.08487319407292,52.0104785846223],[-2.06077974233804,52.0146632893276],[-2.04951417600198,52.0037962185805],[-2.03835621126119,52.0046006235229],[-1.98413574037062,52.0358792744237],[-1.95137076201915,52.0376994836731],[-1.93169767686998,52.0298892737705],[-1.91344602070409,52.0444612406154],[-1.83905030714283,52.0067831284916],[-1.8250228816679,52.0309334135568],[-1.8345888140813,52.0437330167182],[-1.86344917989937,52.053417723062],[-1.87440607681162,52.0699909115952],[-1.84661960637666,52.0794210956629],[-1.83175334172358,52.0727693542685],[-1.81894341276327,52.0854041151211],[-1.81273665650818,52.0787440014706],[-1.80228873762243,52.0969414695018],[-1.7676920738422,52.1125783283983]]]]},"properties":{"ITL125CD":"TLK","ITL125NM":"South West"}}]}